Warp 1.14.0 initialized:
   CUDA not enabled in this build
   Devices:
     "cpu"      : "arm"
   Kernel cache:
     /Users/edgarmoreau/Library/Caches/warp/1.14.0

+--------------------------------+
|        Base Environment        |
+------------------------+-------+
| Property               | Value |
+------------------------+-------+
| Number of environments | 128   |
| Environment device     | cpu   |
| Environment seed       | None  |
| Physics step-size      | 0.01  |
| Environment step-size  | 0.05  |
+------------------------+-------+

[INFO] <EventManager> contains 1 active terms.
+-------------------------------------+
| Active Event Terms in Mode: 'reset' |
+-----------+-------------------------+
|   Index   | Name                    |
+-----------+-------------------------+
|     0     | reset_slider            |
|     1     | reset_hinge             |
+-----------+-------------------------+

[INFO] <NullCommandManager> (inactive)
[INFO] <ActionManager> contains 1 active terms.
+--------------------------------+
| Active Action Terms (shape: 1) |
+--------+---------+-------------+
| Index  | Name    |   Dimension |
+--------+---------+-------------+
|   0    | effort  |           1 |
+--------+---------+-------------+

[INFO] <ObservationManager> contains 2 groups.
+----------------------------------------------------------+
| Active Observation Terms in Group: 'actor' (shape: (5,)) |
+--------------+---------------------------+---------------+
|    Index     | Name                      |     Shape     |
+--------------+---------------------------+---------------+
|      0       | cart_pos                  |      (1,)     |
|      1       | pole_angle                |      (2,)     |
|      2       | cart_vel                  |      (1,)     |
|      3       | pole_vel                  |      (1,)     |
+--------------+---------------------------+---------------+
+-----------------------------------------------------------+
| Active Observation Terms in Group: 'critic' (shape: (5,)) |
+--------------+---------------------------+----------------+
|    Index     | Name                      |     Shape      |
+--------------+---------------------------+----------------+
|      0       | cart_pos                  |      (1,)      |
|      1       | pole_angle                |      (2,)      |
|      2       | cart_vel                  |      (1,)      |
|      3       | pole_vel                  |      (1,)      |
+--------------+---------------------------+----------------+

[INFO] <TerminationManager> contains 1 active terms.
+-----------------------------+
|   Active Termination Terms  |
+-------+----------+----------+
| Index | Name     | Time Out |
+-------+----------+----------+
|   0   | time_out |   True   |
+-------+----------+----------+

[INFO] <RewardManager> contains 1 active terms.
+--------------------------------+
|      Active Reward Terms       |
+-------+---------------+--------+
| Index | Name          | Weight |
+-------+---------------+--------+
|   0   | smooth_reward |    1.0 |
+-------+---------------+--------+

[INFO] <NullCurriculumManager> (inactive)
[INFO] <NullMetricsManager> (inactive)
[INFO] <NullRecorderManager> (inactive)
Module reset_data__locals__reset_xfrc_applied_03030511 6442adb load on device 'cpu' took 0.81 ms  (cached)
Module reset_data__locals__reset_qM_77e9abb2 0aac364 load on device 'cpu' took 0.37 ms  (cached)
Module reset_data__locals__reset_mocap_6513201c ee8f7ba load on device 'cpu' took 0.35 ms  (cached)
Module reset_data__locals__reset_contact_ce86818d b3da805 load on device 'cpu' took 0.23 ms  (cached)
Module reset_data__locals__reset_nworld_1743ec1f 9b79dd8 load on device 'cpu' took 0.33 ms  (cached)
Module mujoco_warp._src.smooth 53215ae load on device 'cpu' took 0.66 ms  (cached)
Module mujoco_warp._src.constraint bf796f0 load on device 'cpu' took 0.67 ms  (cached)
Module mujoco_warp._src.forward f60e5c6 load on device 'cpu' took 0.64 ms  (cached)
Module mujoco_warp._src.passive 7c602f3 load on device 'cpu' took 0.40 ms  (cached)
Module mujoco_warp._src.support db2c7c5 load on device 'cpu' took 0.36 ms  (cached)
Module _tile_cholesky_factorize_solve__locals__cholesky_factorize_solve_49827e35 371b4f1 load on device 'cpu' took 0.37 ms  (cached)
Module mujoco_warp._src.solver 1575c3b load on device 'cpu' took 0.36 ms  (cached)
Module solve_init_jaref__locals__kernel_730631b9 046733e load on device 'cpu' took 0.17 ms  (cached)
Module mul_m_dense__locals___mul_m_dense_f099f9b6 e0d8ff5 load on device 'cpu' took 0.31 ms  (cached)
Module update_constraint_efc__locals__kernel_060c7e30 98ba561 load on device 'cpu' took 0.38 ms  (cached)
Module update_constraint_gauss_cost__locals__kernel_a2152165 605ba83 load on device 'cpu' took 0.35 ms  (cached)
Module update_gradient_JTDAJ_dense_tiled__locals__kernel_55f1ca71 26d1402 load on device 'cpu' took 0.31 ms  (cached)
Module update_gradient_cholesky__locals__kernel_849eaaa8 99dc4a7 load on device 'cpu' took 0.30 ms  (cached)
Module linesearch_jv_fused__locals__kernel_7a00cb50 94ca04d load on device 'cpu' took 0.31 ms  (cached)
Module linesearch_prepare_gauss__locals__kernel_b73bcef9 829be8c load on device 'cpu' took 0.17 ms  (cached)
Module update_constraint_efc__locals__kernel_7a23931f b59c843 load on device 'cpu' took 0.28 ms  (cached)
Module mujoco_warp._src.sensor 6232bfa load on device 'cpu' took 0.90 ms  (cached)
--------------------------------------------------------------------------------
Resolved observation sets: 
	 actor :  ('actor',)
	 critic :  ('critic',)
--------------------------------------------------------------------------------
Actor Model: MLPModel(
  (obs_normalizer): EmpiricalNormalization()
  (distribution): GaussianDistribution()
  (mlp): MLP(
    (0): Linear(in_features=5, out_features=64, bias=True)
    (1): Tanh()
    (2): Linear(in_features=64, out_features=64, bias=True)
    (3): Tanh()
    (4): Linear(in_features=64, out_features=1, bias=True)
  )
)
Critic Model: MLPModel(
  (obs_normalizer): EmpiricalNormalization()
  (mlp): MLP(
    (0): Linear(in_features=5, out_features=64, bias=True)
    (1): Tanh()
    (2): Linear(in_features=64, out_features=64, bias=True)
    (3): Tanh()
    (4): Linear(in_features=64, out_features=1, bias=True)
  )
)
Storing git diff for 'orchestratedcartpole-training-agent' in: logs/cartpole/2026-06-04_17-12-11/git/orchestratedcartpole-training-agent.diff
Module mujoco_warp._src.derivative 6d0d1f8 load on device 'cpu' took 0.50 ms  (cached)
################################################################################
[1m                            Learning iteration 0/500                            [0m 

                            Total steps: 2048 
                       Steps per second: 8433 
                        Collection time: 0.217s 
                          Learning time: 0.026s 
                        Mean value loss: 0.0795
                    Mean surrogate loss: -0.0004
                      Mean entropy loss: 0.7221
                        Mean action std: 0.50
--------------------------------------------------------------------------------
                         Iteration time: 0.24s
                           Time elapsed: 00:00:00
                                    ETA: 00:02:01

################################################################################
[1m                            Learning iteration 1/500                            [0m 

                            Total steps: 4096 
                       Steps per second: 7578 
                        Collection time: 0.249s 
                          Learning time: 0.021s 
                        Mean value loss: 0.0078
                    Mean surrogate loss: -0.0052
                      Mean entropy loss: 0.7160
                        Mean action std: 0.49
--------------------------------------------------------------------------------
                         Iteration time: 0.27s
                           Time elapsed: 00:00:00
                                    ETA: 00:02:07

################################################################################
[1m                            Learning iteration 2/500                            [0m 

                            Total steps: 6144 
                       Steps per second: 6948 
                        Collection time: 0.273s 
                          Learning time: 0.022s 
                        Mean value loss: 0.0073
                    Mean surrogate loss: -0.0007
                      Mean entropy loss: 0.7139
                        Mean action std: 0.49
--------------------------------------------------------------------------------
                         Iteration time: 0.29s
                           Time elapsed: 00:00:00
                                    ETA: 00:02:13

################################################################################
[1m                            Learning iteration 3/500                            [0m 

                            Total steps: 8192 
                       Steps per second: 7223 
                        Collection time: 0.263s 
                          Learning time: 0.021s 
                        Mean value loss: 0.0067
                    Mean surrogate loss: -0.0005
                      Mean entropy loss: 0.7089
                        Mean action std: 0.49
--------------------------------------------------------------------------------
                         Iteration time: 0.28s
                           Time elapsed: 00:00:01
                                    ETA: 00:02:15

################################################################################
[1m                            Learning iteration 4/500                            [0m 

                            Total steps: 10240 
                       Steps per second: 7010 
                        Collection time: 0.271s 
                          Learning time: 0.022s 
                        Mean value loss: 0.0035
                    Mean surrogate loss: -0.0028
                      Mean entropy loss: 0.7037
                        Mean action std: 0.49
--------------------------------------------------------------------------------
                         Iteration time: 0.29s
                           Time elapsed: 00:00:01
                                    ETA: 00:02:16

################################################################################
[1m                            Learning iteration 5/500                            [0m 

                            Total steps: 12288 
                       Steps per second: 7083 
                        Collection time: 0.268s 
                          Learning time: 0.021s 
                        Mean value loss: 0.0039
                    Mean surrogate loss: -0.0024
                      Mean entropy loss: 0.7000
                        Mean action std: 0.49
--------------------------------------------------------------------------------
                         Iteration time: 0.29s
                           Time elapsed: 00:00:01
                                    ETA: 00:02:17

################################################################################
[1m                            Learning iteration 6/500                            [0m 

                            Total steps: 14336 
                       Steps per second: 7029 
                        Collection time: 0.270s 
                          Learning time: 0.021s 
                        Mean value loss: 0.0030
                    Mean surrogate loss: -0.0048
                      Mean entropy loss: 0.6966
                        Mean action std: 0.48
--------------------------------------------------------------------------------
                         Iteration time: 0.29s
                           Time elapsed: 00:00:01
                                    ETA: 00:02:18

################################################################################
[1m                            Learning iteration 7/500                            [0m 

                            Total steps: 16384 
                       Steps per second: 7017 
                        Collection time: 0.271s 
                          Learning time: 0.021s 
                        Mean value loss: 0.0032
                    Mean surrogate loss: -0.0021
                      Mean entropy loss: 0.6925
                        Mean action std: 0.48
--------------------------------------------------------------------------------
                         Iteration time: 0.29s
                           Time elapsed: 00:00:02
                                    ETA: 00:02:18

################################################################################
[1m                            Learning iteration 8/500                            [0m 

                            Total steps: 18432 
                       Steps per second: 7040 
                        Collection time: 0.270s 
                          Learning time: 0.021s 
                        Mean value loss: 0.0033
                    Mean surrogate loss: -0.0017
                      Mean entropy loss: 0.6923
                        Mean action std: 0.48
--------------------------------------------------------------------------------
                         Iteration time: 0.29s
                           Time elapsed: 00:00:02
                                    ETA: 00:02:18

################################################################################
[1m                            Learning iteration 9/500                            [0m 

                            Total steps: 20480 
                       Steps per second: 7009 
                        Collection time: 0.271s 
                          Learning time: 0.021s 
                        Mean value loss: 0.0038
                    Mean surrogate loss: -0.0021
                      Mean entropy loss: 0.6911
                        Mean action std: 0.48
--------------------------------------------------------------------------------
                         Iteration time: 0.29s
                           Time elapsed: 00:00:02
                                    ETA: 00:02:19

################################################################################
[1m                           Learning iteration 10/500                            [0m 

                            Total steps: 22528 
                       Steps per second: 6979 
                        Collection time: 0.270s 
                          Learning time: 0.023s 
                        Mean value loss: 0.0040
                    Mean surrogate loss: -0.0012
                      Mean entropy loss: 0.6876
                        Mean action std: 0.48
--------------------------------------------------------------------------------
                         Iteration time: 0.29s
                           Time elapsed: 00:00:03
                                    ETA: 00:02:19

################################################################################
[1m                           Learning iteration 11/500                            [0m 

                            Total steps: 24576 
                       Steps per second: 7170 
                        Collection time: 0.265s 
                          Learning time: 0.020s 
                        Mean value loss: 0.0028
                    Mean surrogate loss: 0.0000
                      Mean entropy loss: 0.6874
                        Mean action std: 0.48
--------------------------------------------------------------------------------
                         Iteration time: 0.29s
                           Time elapsed: 00:00:03
                                    ETA: 00:02:18

################################################################################
[1m                           Learning iteration 12/500                            [0m 

                            Total steps: 26624 
                       Steps per second: 7121 
                        Collection time: 0.267s 
                          Learning time: 0.021s 
                        Mean value loss: 0.0027
                    Mean surrogate loss: -0.0008
                      Mean entropy loss: 0.6872
                        Mean action std: 0.48
--------------------------------------------------------------------------------
                         Iteration time: 0.29s
                           Time elapsed: 00:00:03
                                    ETA: 00:02:18

################################################################################
[1m                           Learning iteration 13/500                            [0m 

                            Total steps: 28672 
                       Steps per second: 7075 
                        Collection time: 0.268s 
                          Learning time: 0.022s 
                        Mean value loss: 0.0023
                    Mean surrogate loss: -0.0014
                      Mean entropy loss: 0.6845
                        Mean action std: 0.48
--------------------------------------------------------------------------------
                         Iteration time: 0.29s
                           Time elapsed: 00:00:03
                                    ETA: 00:02:18

################################################################################
[1m                           Learning iteration 14/500                            [0m 

                            Total steps: 30720 
                       Steps per second: 7051 
                        Collection time: 0.268s 
                          Learning time: 0.023s 
                        Mean value loss: 0.0026
                    Mean surrogate loss: -0.0026
                      Mean entropy loss: 0.6813
                        Mean action std: 0.48
--------------------------------------------------------------------------------
                         Iteration time: 0.29s
                           Time elapsed: 00:00:04
                                    ETA: 00:02:18

################################################################################
[1m                           Learning iteration 15/500                            [0m 

                            Total steps: 32768 
                       Steps per second: 7301 
                        Collection time: 0.260s 
                          Learning time: 0.021s 
                        Mean value loss: 0.0030
                    Mean surrogate loss: -0.0034
                      Mean entropy loss: 0.6838
                        Mean action std: 0.48
--------------------------------------------------------------------------------
                         Iteration time: 0.28s
                           Time elapsed: 00:00:04
                                    ETA: 00:02:18

################################################################################
[1m                           Learning iteration 16/500                            [0m 

                            Total steps: 34816 
                       Steps per second: 7405 
                        Collection time: 0.254s 
                          Learning time: 0.022s 
                        Mean value loss: 0.0035
                    Mean surrogate loss: -0.0077
                      Mean entropy loss: 0.6846
                        Mean action std: 0.48
--------------------------------------------------------------------------------
                         Iteration time: 0.28s
                           Time elapsed: 00:00:04
                                    ETA: 00:02:17

################################################################################
[1m                           Learning iteration 17/500                            [0m 

                            Total steps: 36864 
                       Steps per second: 7374 
                        Collection time: 0.250s 
                          Learning time: 0.028s 
                        Mean value loss: 0.0045
                    Mean surrogate loss: -0.0046
                      Mean entropy loss: 0.6838
                        Mean action std: 0.48
--------------------------------------------------------------------------------
                         Iteration time: 0.28s
                           Time elapsed: 00:00:05
                                    ETA: 00:02:17

################################################################################
[1m                           Learning iteration 18/500                            [0m 

                            Total steps: 38912 
                       Steps per second: 8693 
                        Collection time: 0.215s 
                          Learning time: 0.021s 
                        Mean value loss: 0.0050
                    Mean surrogate loss: -0.0052
                      Mean entropy loss: 0.6819
                        Mean action std: 0.48
--------------------------------------------------------------------------------
                         Iteration time: 0.24s
                           Time elapsed: 00:00:05
                                    ETA: 00:02:15

################################################################################
[1m                           Learning iteration 19/500                            [0m 

                            Total steps: 40960 
                       Steps per second: 8993 
                        Collection time: 0.207s 
                          Learning time: 0.021s 
                        Mean value loss: 0.0060
                    Mean surrogate loss: -0.0042
                      Mean entropy loss: 0.6763
                        Mean action std: 0.47
--------------------------------------------------------------------------------
                         Iteration time: 0.23s
                           Time elapsed: 00:00:05
                                    ETA: 00:02:14

################################################################################
[1m                           Learning iteration 20/500                            [0m 

                            Total steps: 43008 
                       Steps per second: 8741 
                        Collection time: 0.214s 
                          Learning time: 0.021s 
                        Mean value loss: 0.0081
                    Mean surrogate loss: -0.0015
                      Mean entropy loss: 0.6684
                        Mean action std: 0.47
--------------------------------------------------------------------------------
                         Iteration time: 0.23s
                           Time elapsed: 00:00:05
                                    ETA: 00:02:12

################################################################################
[1m                           Learning iteration 21/500                            [0m 

                            Total steps: 45056 
                       Steps per second: 8561 
                        Collection time: 0.217s 
                          Learning time: 0.023s 
                        Mean value loss: 0.0085
                    Mean surrogate loss: -0.0024
                      Mean entropy loss: 0.6648
                        Mean action std: 0.47
--------------------------------------------------------------------------------
                         Iteration time: 0.24s
                           Time elapsed: 00:00:06
                                    ETA: 00:02:11

################################################################################
[1m                           Learning iteration 22/500                            [0m 

                            Total steps: 47104 
                       Steps per second: 8316 
                        Collection time: 0.226s 
                          Learning time: 0.021s 
                        Mean value loss: 0.0073
                    Mean surrogate loss: -0.0020
                      Mean entropy loss: 0.6618
                        Mean action std: 0.47
--------------------------------------------------------------------------------
                         Iteration time: 0.25s
                           Time elapsed: 00:00:06
                                    ETA: 00:02:10

################################################################################
[1m                           Learning iteration 23/500                            [0m 

                            Total steps: 49152 
                       Steps per second: 8150 
                        Collection time: 0.230s 
                          Learning time: 0.022s 
                        Mean value loss: 0.0072
                    Mean surrogate loss: -0.0021
                      Mean entropy loss: 0.6578
                        Mean action std: 0.47
--------------------------------------------------------------------------------
                         Iteration time: 0.25s
                           Time elapsed: 00:00:06
                                    ETA: 00:02:09

################################################################################
[1m                           Learning iteration 24/500                            [0m 

                            Total steps: 51200 
                       Steps per second: 7524 
                        Collection time: 0.250s 
                          Learning time: 0.022s 
                        Mean value loss: 0.0052
                    Mean surrogate loss: -0.0010
                      Mean entropy loss: 0.6537
                        Mean action std: 0.46
--------------------------------------------------------------------------------
                         Iteration time: 0.27s
                           Time elapsed: 00:00:06
                                    ETA: 00:02:09

################################################################################
[1m                           Learning iteration 25/500                            [0m 

                            Total steps: 53248 
                       Steps per second: 7639 
                        Collection time: 0.246s 
                          Learning time: 0.022s 
                        Mean value loss: 0.0043
                    Mean surrogate loss: -0.0003
                      Mean entropy loss: 0.6487
                        Mean action std: 0.46
--------------------------------------------------------------------------------
                         Iteration time: 0.27s
                           Time elapsed: 00:00:07
                                    ETA: 00:02:09

################################################################################
[1m                           Learning iteration 26/500                            [0m 

                            Total steps: 55296 
                       Steps per second: 7541 
                        Collection time: 0.251s 
                          Learning time: 0.021s 
                        Mean value loss: 0.0039
                    Mean surrogate loss: -0.0017
                      Mean entropy loss: 0.6468
                        Mean action std: 0.46
--------------------------------------------------------------------------------
                         Iteration time: 0.27s
                           Time elapsed: 00:00:07
                                    ETA: 00:02:09

################################################################################
[1m                           Learning iteration 27/500                            [0m 

                            Total steps: 57344 
                       Steps per second: 7321 
                        Collection time: 0.258s 
                          Learning time: 0.022s 
                        Mean value loss: 0.0041
                    Mean surrogate loss: -0.0005
                      Mean entropy loss: 0.6449
                        Mean action std: 0.46
--------------------------------------------------------------------------------
                         Iteration time: 0.28s
                           Time elapsed: 00:00:07
                                    ETA: 00:02:08

################################################################################
[1m                           Learning iteration 28/500                            [0m 

                            Total steps: 59392 
                       Steps per second: 7398 
                        Collection time: 0.256s 
                          Learning time: 0.021s 
                        Mean value loss: 0.0041
                    Mean surrogate loss: -0.0027
                      Mean entropy loss: 0.6383
                        Mean action std: 0.46
--------------------------------------------------------------------------------
                         Iteration time: 0.28s
                           Time elapsed: 00:00:07
                                    ETA: 00:02:08

################################################################################
[1m                           Learning iteration 29/500                            [0m 

                            Total steps: 61440 
                       Steps per second: 7433 
                        Collection time: 0.255s 
                          Learning time: 0.021s 
                        Mean value loss: 0.0040
                    Mean surrogate loss: -0.0005
                      Mean entropy loss: 0.6316
                        Mean action std: 0.45
--------------------------------------------------------------------------------
                         Iteration time: 0.28s
                           Time elapsed: 00:00:08
                                    ETA: 00:02:08

################################################################################
[1m                           Learning iteration 30/500                            [0m 

                            Total steps: 63488 
                       Steps per second: 7501 
                        Collection time: 0.252s 
                          Learning time: 0.021s 
                        Mean value loss: 0.0031
                    Mean surrogate loss: -0.0019
                      Mean entropy loss: 0.6272
                        Mean action std: 0.45
--------------------------------------------------------------------------------
                         Iteration time: 0.27s
                           Time elapsed: 00:00:08
                                    ETA: 00:02:08

################################################################################
[1m                           Learning iteration 31/500                            [0m 

                            Total steps: 65536 
                       Steps per second: 7556 
                        Collection time: 0.250s 
                          Learning time: 0.021s 
                        Mean value loss: 0.0028
                    Mean surrogate loss: -0.0021
                      Mean entropy loss: 0.6235
                        Mean action std: 0.45
--------------------------------------------------------------------------------
                         Iteration time: 0.27s
                           Time elapsed: 00:00:08
                                    ETA: 00:02:07

################################################################################
[1m                           Learning iteration 32/500                            [0m 

                            Total steps: 67584 
                       Steps per second: 7489 
                        Collection time: 0.253s 
                          Learning time: 0.021s 
                        Mean value loss: 0.0031
                    Mean surrogate loss: -0.0010
                      Mean entropy loss: 0.6205
                        Mean action std: 0.45
--------------------------------------------------------------------------------
                         Iteration time: 0.27s
                           Time elapsed: 00:00:09
                                    ETA: 00:02:07

################################################################################
[1m                           Learning iteration 33/500                            [0m 

                            Total steps: 69632 
                       Steps per second: 7553 
                        Collection time: 0.250s 
                          Learning time: 0.021s 
                        Mean value loss: 0.0035
                    Mean surrogate loss: -0.0041
                      Mean entropy loss: 0.6149
                        Mean action std: 0.45
--------------------------------------------------------------------------------
                         Iteration time: 0.27s
                           Time elapsed: 00:00:09
                                    ETA: 00:02:07

################################################################################
[1m                           Learning iteration 34/500                            [0m 

                            Total steps: 71680 
                       Steps per second: 7526 
                        Collection time: 0.251s 
                          Learning time: 0.021s 
                        Mean value loss: 0.0030
                    Mean surrogate loss: -0.0046
                      Mean entropy loss: 0.6071
                        Mean action std: 0.44
--------------------------------------------------------------------------------
                         Iteration time: 0.27s
                           Time elapsed: 00:00:09
                                    ETA: 00:02:06

################################################################################
[1m                           Learning iteration 35/500                            [0m 

                            Total steps: 73728 
                       Steps per second: 7717 
                        Collection time: 0.244s 
                          Learning time: 0.022s 
                        Mean value loss: 0.0029
                    Mean surrogate loss: -0.0013
                      Mean entropy loss: 0.5983
                        Mean action std: 0.44
--------------------------------------------------------------------------------
                         Iteration time: 0.27s
                           Time elapsed: 00:00:09
                                    ETA: 00:02:06

################################################################################
[1m                           Learning iteration 36/500                            [0m 

                            Total steps: 75776 
                       Steps per second: 7727 
                        Collection time: 0.243s 
                          Learning time: 0.022s 
                        Mean value loss: 0.0034
                    Mean surrogate loss: -0.0047
                      Mean entropy loss: 0.5934
                        Mean action std: 0.44
--------------------------------------------------------------------------------
                         Iteration time: 0.27s
                           Time elapsed: 00:00:10
                                    ETA: 00:02:06

################################################################################
[1m                           Learning iteration 37/500                            [0m 

                            Total steps: 77824 
                       Steps per second: 8418 
                        Collection time: 0.222s 
                          Learning time: 0.022s 
                        Mean value loss: 0.0033
                    Mean surrogate loss: -0.0024
                      Mean entropy loss: 0.5924
                        Mean action std: 0.44
--------------------------------------------------------------------------------
                         Iteration time: 0.24s
                           Time elapsed: 00:00:10
                                    ETA: 00:02:05

################################################################################
[1m                           Learning iteration 38/500                            [0m 

                            Total steps: 79872 
                       Steps per second: 8402 
                        Collection time: 0.223s 
                          Learning time: 0.021s 
                        Mean value loss: 0.0033
                    Mean surrogate loss: -0.0038
                      Mean entropy loss: 0.5835
                        Mean action std: 0.43
--------------------------------------------------------------------------------
                         Iteration time: 0.24s
                           Time elapsed: 00:00:10
                                    ETA: 00:02:05

################################################################################
[1m                           Learning iteration 39/500                            [0m 

                            Total steps: 81920 
                       Steps per second: 8593 
                        Collection time: 0.217s 
                          Learning time: 0.021s 
                        Mean value loss: 0.0036
                    Mean surrogate loss: -0.0016
                      Mean entropy loss: 0.5735
                        Mean action std: 0.43
--------------------------------------------------------------------------------
                         Iteration time: 0.24s
                           Time elapsed: 00:00:10
                                    ETA: 00:02:04

################################################################################
[1m                           Learning iteration 40/500                            [0m 

                            Total steps: 83968 
                       Steps per second: 8825 
                        Collection time: 0.211s 
                          Learning time: 0.021s 
                        Mean value loss: 0.0027
                    Mean surrogate loss: -0.0036
                      Mean entropy loss: 0.5664
                        Mean action std: 0.42
--------------------------------------------------------------------------------
                         Iteration time: 0.23s
                           Time elapsed: 00:00:11
                                    ETA: 00:02:03

################################################################################
[1m                           Learning iteration 41/500                            [0m 

                            Total steps: 86016 
                       Steps per second: 8589 
                        Collection time: 0.217s 
                          Learning time: 0.022s 
                        Mean value loss: 0.0031
                    Mean surrogate loss: -0.0012
                      Mean entropy loss: 0.5570
                        Mean action std: 0.42
--------------------------------------------------------------------------------
                         Iteration time: 0.24s
                           Time elapsed: 00:00:11
                                    ETA: 00:02:03

################################################################################
[1m                           Learning iteration 42/500                            [0m 

                            Total steps: 88064 
                       Steps per second: 9037 
                        Collection time: 0.206s 
                          Learning time: 0.021s 
                        Mean value loss: 0.0028
                    Mean surrogate loss: -0.0024
                      Mean entropy loss: 0.5482
                        Mean action std: 0.42
--------------------------------------------------------------------------------
                         Iteration time: 0.23s
                           Time elapsed: 00:00:11
                                    ETA: 00:02:02

################################################################################
[1m                           Learning iteration 43/500                            [0m 

                            Total steps: 90112 
                       Steps per second: 8990 
                        Collection time: 0.206s 
                          Learning time: 0.021s 
                        Mean value loss: 0.0040
                    Mean surrogate loss: -0.0016
                      Mean entropy loss: 0.5408
                        Mean action std: 0.41
--------------------------------------------------------------------------------
                         Iteration time: 0.23s
                           Time elapsed: 00:00:11
                                    ETA: 00:02:01

################################################################################
[1m                           Learning iteration 44/500                            [0m 

                            Total steps: 92160 
                       Steps per second: 9047 
                        Collection time: 0.206s 
                          Learning time: 0.021s 
                        Mean value loss: 0.0022
                    Mean surrogate loss: -0.0029
                      Mean entropy loss: 0.5349
                        Mean action std: 0.41
--------------------------------------------------------------------------------
                         Iteration time: 0.23s
                           Time elapsed: 00:00:11
                                    ETA: 00:02:00

################################################################################
[1m                           Learning iteration 45/500                            [0m 

                            Total steps: 94208 
                       Steps per second: 8948 
                        Collection time: 0.208s 
                          Learning time: 0.021s 
                        Mean value loss: 0.0028
                    Mean surrogate loss: -0.0020
                      Mean entropy loss: 0.5279
                        Mean action std: 0.41
--------------------------------------------------------------------------------
                         Iteration time: 0.23s
                           Time elapsed: 00:00:12
                                    ETA: 00:02:00

################################################################################
[1m                           Learning iteration 46/500                            [0m 

                            Total steps: 96256 
                       Steps per second: 9041 
                        Collection time: 0.206s 
                          Learning time: 0.021s 
                        Mean value loss: 0.0027
                    Mean surrogate loss: -0.0014
                      Mean entropy loss: 0.5206
                        Mean action std: 0.41
--------------------------------------------------------------------------------
                         Iteration time: 0.23s
                           Time elapsed: 00:00:12
                                    ETA: 00:01:59

################################################################################
[1m                           Learning iteration 47/500                            [0m 

                            Total steps: 98304 
                       Steps per second: 8908 
                        Collection time: 0.208s 
                          Learning time: 0.022s 
                        Mean value loss: 0.0036
                    Mean surrogate loss: -0.0032
                      Mean entropy loss: 0.5122
                        Mean action std: 0.40
--------------------------------------------------------------------------------
                         Iteration time: 0.23s
                           Time elapsed: 00:00:12
                                    ETA: 00:01:59

################################################################################
[1m                           Learning iteration 48/500                            [0m 

                            Total steps: 100352 
                       Steps per second: 8858 
                        Collection time: 0.211s 
                          Learning time: 0.020s 
                        Mean value loss: 0.0038
                    Mean surrogate loss: -0.0025
                      Mean entropy loss: 0.5078
                        Mean action std: 0.40
--------------------------------------------------------------------------------
                         Iteration time: 0.23s
                           Time elapsed: 00:00:12
                                    ETA: 00:01:58

################################################################################
[1m                           Learning iteration 49/500                            [0m 

                            Total steps: 102400 
                       Steps per second: 8941 
                        Collection time: 0.208s 
                          Learning time: 0.022s 
                        Mean value loss: 0.0032
                    Mean surrogate loss: -0.0028
                      Mean entropy loss: 0.4991
                        Mean action std: 0.40
--------------------------------------------------------------------------------
                         Iteration time: 0.23s
                           Time elapsed: 00:00:13
                                    ETA: 00:01:58

################################################################################
[1m                           Learning iteration 50/500                            [0m 

                            Total steps: 104448 
                       Steps per second: 8984 
                        Collection time: 0.206s 
                          Learning time: 0.022s 
                        Mean value loss: 0.0041
                    Mean surrogate loss: -0.0008
                      Mean entropy loss: 0.4932
                        Mean action std: 0.40
--------------------------------------------------------------------------------
                         Iteration time: 0.23s
                           Time elapsed: 00:00:13
                                    ETA: 00:01:57

################################################################################
[1m                           Learning iteration 51/500                            [0m 

                            Total steps: 106496 
                       Steps per second: 9059 
                        Collection time: 0.205s 
                          Learning time: 0.021s 
                        Mean value loss: 0.0030
                    Mean surrogate loss: -0.0023
                      Mean entropy loss: 0.4859
                        Mean action std: 0.39
--------------------------------------------------------------------------------
                         Iteration time: 0.23s
                           Time elapsed: 00:00:13
                                    ETA: 00:01:56

################################################################################
[1m                           Learning iteration 52/500                            [0m 

                            Total steps: 108544 
                       Steps per second: 8979 
                        Collection time: 0.207s 
                          Learning time: 0.021s 
                        Mean value loss: 0.0031
                    Mean surrogate loss: -0.0017
                      Mean entropy loss: 0.4772
                        Mean action std: 0.39
--------------------------------------------------------------------------------
                         Iteration time: 0.23s
                           Time elapsed: 00:00:13
                                    ETA: 00:01:56

################################################################################
[1m                           Learning iteration 53/500                            [0m 

                            Total steps: 110592 
                       Steps per second: 9009 
                        Collection time: 0.206s 
                          Learning time: 0.022s 
                        Mean value loss: 0.0033
                    Mean surrogate loss: -0.0035
                      Mean entropy loss: 0.4736
                        Mean action std: 0.39
--------------------------------------------------------------------------------
                         Iteration time: 0.23s
                           Time elapsed: 00:00:14
                                    ETA: 00:01:55

################################################################################
[1m                           Learning iteration 54/500                            [0m 

                            Total steps: 112640 
                       Steps per second: 8940 
                        Collection time: 0.207s 
                          Learning time: 0.022s 
                        Mean value loss: 0.0036
                    Mean surrogate loss: -0.0018
                      Mean entropy loss: 0.4670
                        Mean action std: 0.38
--------------------------------------------------------------------------------
                         Iteration time: 0.23s
                           Time elapsed: 00:00:14
                                    ETA: 00:01:55

################################################################################
[1m                           Learning iteration 55/500                            [0m 

                            Total steps: 114688 
                       Steps per second: 8796 
                        Collection time: 0.212s 
                          Learning time: 0.021s 
                        Mean value loss: 0.0035
                    Mean surrogate loss: -0.0033
                      Mean entropy loss: 0.4582
                        Mean action std: 0.38
--------------------------------------------------------------------------------
                         Iteration time: 0.23s
                           Time elapsed: 00:00:14
                                    ETA: 00:01:54

################################################################################
[1m                           Learning iteration 56/500                            [0m 

                            Total steps: 116736 
                       Steps per second: 8849 
                        Collection time: 0.211s 
                          Learning time: 0.021s 
                        Mean value loss: 0.0034
                    Mean surrogate loss: -0.0045
                      Mean entropy loss: 0.4518
                        Mean action std: 0.38
--------------------------------------------------------------------------------
                         Iteration time: 0.23s
                           Time elapsed: 00:00:14
                                    ETA: 00:01:54

################################################################################
[1m                           Learning iteration 57/500                            [0m 

                            Total steps: 118784 
                       Steps per second: 8872 
                        Collection time: 0.210s 
                          Learning time: 0.021s 
                        Mean value loss: 0.0042
                    Mean surrogate loss: -0.0014
                      Mean entropy loss: 0.4489
                        Mean action std: 0.38
--------------------------------------------------------------------------------
                         Iteration time: 0.23s
                           Time elapsed: 00:00:14
                                    ETA: 00:01:53

################################################################################
[1m                           Learning iteration 58/500                            [0m 

                            Total steps: 120832 
                       Steps per second: 8942 
                        Collection time: 0.209s 
                          Learning time: 0.021s 
                        Mean value loss: 0.0030
                    Mean surrogate loss: -0.0009
                      Mean entropy loss: 0.4470
                        Mean action std: 0.38
--------------------------------------------------------------------------------
                         Iteration time: 0.23s
                           Time elapsed: 00:00:15
                                    ETA: 00:01:53

################################################################################
[1m                           Learning iteration 59/500                            [0m 

                            Total steps: 122880 
                       Steps per second: 8691 
                        Collection time: 0.215s 
                          Learning time: 0.021s 
                        Mean value loss: 0.0035
                    Mean surrogate loss: -0.0024
                      Mean entropy loss: 0.4434
                        Mean action std: 0.38
--------------------------------------------------------------------------------
                         Iteration time: 0.24s
                           Time elapsed: 00:00:15
                                    ETA: 00:01:53

################################################################################
[1m                           Learning iteration 60/500                            [0m 

                            Total steps: 124928 
                       Steps per second: 8845 
                        Collection time: 0.210s 
                          Learning time: 0.021s 
                        Mean value loss: 0.0036
                    Mean surrogate loss: -0.0023
                      Mean entropy loss: 0.4411
                        Mean action std: 0.38
--------------------------------------------------------------------------------
                         Iteration time: 0.23s
                           Time elapsed: 00:00:15
                                    ETA: 00:01:52

################################################################################
[1m                           Learning iteration 61/500                            [0m 

                            Total steps: 126976 
                       Steps per second: 8760 
                        Collection time: 0.213s 
                          Learning time: 0.021s 
                        Mean value loss: 0.0039
                    Mean surrogate loss: -0.0014
                      Mean entropy loss: 0.4357
                        Mean action std: 0.37
--------------------------------------------------------------------------------
                         Iteration time: 0.23s
                           Time elapsed: 00:00:15
                                    ETA: 00:01:52

################################################################################
[1m                           Learning iteration 62/500                            [0m 

                            Total steps: 129024 
                       Steps per second: 8518 
                        Collection time: 0.218s 
                          Learning time: 0.023s 
                        Mean value loss: 0.0051
                    Mean surrogate loss: -0.0017
                      Mean entropy loss: 0.4306
                            Mean reward: 12.74
                    Mean episode length: 1000.00
                        Mean action std: 0.37
--------------------------------------------------------------------------------
                         Iteration time: 0.24s
                           Time elapsed: 00:00:16
                                    ETA: 00:01:51

################################################################################
[1m                           Learning iteration 63/500                            [0m 

                            Total steps: 131072 
                       Steps per second: 9008 
                        Collection time: 0.206s 
                          Learning time: 0.021s 
                        Mean value loss: 0.0079
                    Mean surrogate loss: -0.0052
                      Mean entropy loss: 0.4295
                            Mean reward: 12.74
                    Mean episode length: 1000.00
                        Mean action std: 0.37
--------------------------------------------------------------------------------
                         Iteration time: 0.23s
                           Time elapsed: 00:00:16
                                    ETA: 00:01:51

################################################################################
[1m                           Learning iteration 64/500                            [0m 

                            Total steps: 133120 
                       Steps per second: 9023 
                        Collection time: 0.206s 
                          Learning time: 0.021s 
                        Mean value loss: 0.0081
                    Mean surrogate loss: -0.0075
                      Mean entropy loss: 0.4231
                            Mean reward: 12.74
                    Mean episode length: 1000.00
                        Mean action std: 0.37
--------------------------------------------------------------------------------
                         Iteration time: 0.23s
                           Time elapsed: 00:00:16
                                    ETA: 00:01:50

################################################################################
[1m                           Learning iteration 65/500                            [0m 

                            Total steps: 135168 
                       Steps per second: 8955 
                        Collection time: 0.207s 
                          Learning time: 0.021s 
                        Mean value loss: 0.0079
                    Mean surrogate loss: -0.0021
                      Mean entropy loss: 0.4119
                            Mean reward: 12.74
                    Mean episode length: 1000.00
                        Mean action std: 0.36
--------------------------------------------------------------------------------
                         Iteration time: 0.23s
                           Time elapsed: 00:00:16
                                    ETA: 00:01:50

################################################################################
[1m                           Learning iteration 66/500                            [0m 

                            Total steps: 137216 
                       Steps per second: 9076 
                        Collection time: 0.205s 
                          Learning time: 0.020s 
                        Mean value loss: 0.0061
                    Mean surrogate loss: -0.0042
                      Mean entropy loss: 0.3950
                            Mean reward: 12.74
                    Mean episode length: 1000.00
                        Mean action std: 0.36
--------------------------------------------------------------------------------
                         Iteration time: 0.23s
                           Time elapsed: 00:00:17
                                    ETA: 00:01:50

################################################################################
[1m                           Learning iteration 67/500                            [0m 

                            Total steps: 139264 
                       Steps per second: 8915 
                        Collection time: 0.209s 
                          Learning time: 0.021s 
                        Mean value loss: 0.0062
                    Mean surrogate loss: -0.0039
                      Mean entropy loss: 0.3810
                            Mean reward: 12.74
                    Mean episode length: 1000.00
                        Mean action std: 0.35
--------------------------------------------------------------------------------
                         Iteration time: 0.23s
                           Time elapsed: 00:00:17
                                    ETA: 00:01:49

################################################################################
[1m                           Learning iteration 68/500                            [0m 

                            Total steps: 141312 
                       Steps per second: 9037 
                        Collection time: 0.206s 
                          Learning time: 0.021s 
                        Mean value loss: 0.0063
                    Mean surrogate loss: -0.0055
                      Mean entropy loss: 0.3761
                            Mean reward: 12.74
                    Mean episode length: 1000.00
                        Mean action std: 0.35
--------------------------------------------------------------------------------
                         Iteration time: 0.23s
                           Time elapsed: 00:00:17
                                    ETA: 00:01:49

################################################################################
[1m                           Learning iteration 69/500                            [0m 

                            Total steps: 143360 
                       Steps per second: 8751 
                        Collection time: 0.214s 
                          Learning time: 0.020s 
                        Mean value loss: 0.0051
                    Mean surrogate loss: -0.0014
                      Mean entropy loss: 0.3741
                            Mean reward: 12.74
                    Mean episode length: 1000.00
                        Mean action std: 0.35
--------------------------------------------------------------------------------
                         Iteration time: 0.23s
                           Time elapsed: 00:00:17
                                    ETA: 00:01:48

################################################################################
[1m                           Learning iteration 70/500                            [0m 

                            Total steps: 145408 
                       Steps per second: 8838 
                        Collection time: 0.211s 
                          Learning time: 0.021s 
                        Mean value loss: 0.0048
                    Mean surrogate loss: -0.0030
                      Mean entropy loss: 0.3702
                            Mean reward: 12.74
                    Mean episode length: 1000.00
                        Mean action std: 0.35
--------------------------------------------------------------------------------
                         Iteration time: 0.23s
                           Time elapsed: 00:00:17
                                    ETA: 00:01:48

################################################################################
[1m                           Learning iteration 71/500                            [0m 

                            Total steps: 147456 
                       Steps per second: 8768 
                        Collection time: 0.213s 
                          Learning time: 0.021s 
                        Mean value loss: 0.0047
                    Mean surrogate loss: -0.0026
                      Mean entropy loss: 0.3667
                            Mean reward: 12.74
                    Mean episode length: 1000.00
                        Mean action std: 0.35
--------------------------------------------------------------------------------
                         Iteration time: 0.23s
                           Time elapsed: 00:00:18
                                    ETA: 00:01:48

################################################################################
[1m                           Learning iteration 72/500                            [0m 

                            Total steps: 149504 
                       Steps per second: 8805 
                        Collection time: 0.212s 
                          Learning time: 0.021s 
                        Mean value loss: 0.0049
                    Mean surrogate loss: -0.0009
                      Mean entropy loss: 0.3621
                            Mean reward: 12.74
                    Mean episode length: 1000.00
                        Mean action std: 0.35
--------------------------------------------------------------------------------
                         Iteration time: 0.23s
                           Time elapsed: 00:00:18
                                    ETA: 00:01:47

################################################################################
[1m                           Learning iteration 73/500                            [0m 

                            Total steps: 151552 
                       Steps per second: 8388 
                        Collection time: 0.223s 
                          Learning time: 0.021s 
                        Mean value loss: 0.0045
                    Mean surrogate loss: -0.0013
                      Mean entropy loss: 0.3572
                            Mean reward: 12.74
                    Mean episode length: 1000.00
                        Mean action std: 0.35
--------------------------------------------------------------------------------
                         Iteration time: 0.24s
                           Time elapsed: 00:00:18
                                    ETA: 00:01:47

################################################################################
[1m                           Learning iteration 74/500                            [0m 

                            Total steps: 153600 
                       Steps per second: 8731 
                        Collection time: 0.213s 
                          Learning time: 0.021s 
                        Mean value loss: 0.0044
                    Mean surrogate loss: -0.0022
                      Mean entropy loss: 0.3552
                            Mean reward: 12.74
                    Mean episode length: 1000.00
                        Mean action std: 0.34
--------------------------------------------------------------------------------
                         Iteration time: 0.23s
                           Time elapsed: 00:00:18
                                    ETA: 00:01:47

################################################################################
[1m                           Learning iteration 75/500                            [0m 

                            Total steps: 155648 
                       Steps per second: 8726 
                        Collection time: 0.213s 
                          Learning time: 0.021s 
                        Mean value loss: 0.0040
                    Mean surrogate loss: -0.0021
                      Mean entropy loss: 0.3471
                            Mean reward: 12.74
                    Mean episode length: 1000.00
                        Mean action std: 0.34
--------------------------------------------------------------------------------
                         Iteration time: 0.23s
                           Time elapsed: 00:00:19
                                    ETA: 00:01:46

################################################################################
[1m                           Learning iteration 76/500                            [0m 

                            Total steps: 157696 
                       Steps per second: 8651 
                        Collection time: 0.215s 
                          Learning time: 0.022s 
                        Mean value loss: 0.0038
                    Mean surrogate loss: -0.0014
                      Mean entropy loss: 0.3371
                            Mean reward: 12.74
                    Mean episode length: 1000.00
                        Mean action std: 0.34
--------------------------------------------------------------------------------
                         Iteration time: 0.24s
                           Time elapsed: 00:00:19
                                    ETA: 00:01:46

################################################################################
[1m                           Learning iteration 77/500                            [0m 

                            Total steps: 159744 
                       Steps per second: 8473 
                        Collection time: 0.220s 
                          Learning time: 0.022s 
                        Mean value loss: 0.0045
                    Mean surrogate loss: -0.0024
                      Mean entropy loss: 0.3301
                            Mean reward: 12.74
                    Mean episode length: 1000.00
                        Mean action std: 0.34
--------------------------------------------------------------------------------
                         Iteration time: 0.24s
                           Time elapsed: 00:00:19
                                    ETA: 00:01:46

################################################################################
[1m                           Learning iteration 78/500                            [0m 

                            Total steps: 161792 
                       Steps per second: 8645 
                        Collection time: 0.216s 
                          Learning time: 0.021s 
                        Mean value loss: 0.0033
                    Mean surrogate loss: -0.0015
                      Mean entropy loss: 0.3235
                            Mean reward: 12.74
                    Mean episode length: 1000.00
                        Mean action std: 0.33
--------------------------------------------------------------------------------
                         Iteration time: 0.24s
                           Time elapsed: 00:00:19
                                    ETA: 00:01:45

################################################################################
[1m                           Learning iteration 79/500                            [0m 

                            Total steps: 163840 
                       Steps per second: 8840 
                        Collection time: 0.209s 
                          Learning time: 0.023s 
                        Mean value loss: 0.0031
                    Mean surrogate loss: -0.0038
                      Mean entropy loss: 0.3099
                            Mean reward: 12.74
                    Mean episode length: 1000.00
                        Mean action std: 0.33
--------------------------------------------------------------------------------
                         Iteration time: 0.23s
                           Time elapsed: 00:00:20
                                    ETA: 00:01:45

################################################################################
[1m                           Learning iteration 80/500                            [0m 

                            Total steps: 165888 
                       Steps per second: 8842 
                        Collection time: 0.211s 
                          Learning time: 0.021s 
                        Mean value loss: 0.0030
                    Mean surrogate loss: -0.0010
                      Mean entropy loss: 0.2978
                            Mean reward: 12.74
                    Mean episode length: 1000.00
                        Mean action std: 0.32
--------------------------------------------------------------------------------
                         Iteration time: 0.23s
                           Time elapsed: 00:00:20
                                    ETA: 00:01:45

################################################################################
[1m                           Learning iteration 81/500                            [0m 

                            Total steps: 167936 
                       Steps per second: 8787 
                        Collection time: 0.211s 
                          Learning time: 0.022s 
                        Mean value loss: 0.0030
                    Mean surrogate loss: -0.0013
                      Mean entropy loss: 0.2857
                            Mean reward: 12.74
                    Mean episode length: 1000.00
                        Mean action std: 0.32
--------------------------------------------------------------------------------
                         Iteration time: 0.23s
                           Time elapsed: 00:00:20
                                    ETA: 00:01:44

################################################################################
[1m                           Learning iteration 82/500                            [0m 

                            Total steps: 169984 
                       Steps per second: 8611 
                        Collection time: 0.217s 
                          Learning time: 0.021s 
                        Mean value loss: 0.0024
                    Mean surrogate loss: -0.0030
                      Mean entropy loss: 0.2766
                            Mean reward: 12.74
                    Mean episode length: 1000.00
                        Mean action std: 0.32
--------------------------------------------------------------------------------
                         Iteration time: 0.24s
                           Time elapsed: 00:00:20
                                    ETA: 00:01:44

################################################################################
[1m                           Learning iteration 83/500                            [0m 

                            Total steps: 172032 
                       Steps per second: 8752 
                        Collection time: 0.214s 
                          Learning time: 0.020s 
                        Mean value loss: 0.0021
                    Mean surrogate loss: -0.0043
                      Mean entropy loss: 0.2715
                            Mean reward: 12.74
                    Mean episode length: 1000.00
                        Mean action std: 0.32
--------------------------------------------------------------------------------
                         Iteration time: 0.23s
                           Time elapsed: 00:00:21
                                    ETA: 00:01:44

################################################################################
[1m                           Learning iteration 84/500                            [0m 

                            Total steps: 174080 
                       Steps per second: 8699 
                        Collection time: 0.215s 
                          Learning time: 0.021s 
                        Mean value loss: 0.0020
                    Mean surrogate loss: -0.0042
                      Mean entropy loss: 0.2701
                            Mean reward: 12.74
                    Mean episode length: 1000.00
                        Mean action std: 0.32
--------------------------------------------------------------------------------
                         Iteration time: 0.24s
                           Time elapsed: 00:00:21
                                    ETA: 00:01:43

################################################################################
[1m                           Learning iteration 85/500                            [0m 

                            Total steps: 176128 
                       Steps per second: 8486 
                        Collection time: 0.221s 
                          Learning time: 0.021s 
                        Mean value loss: 0.0021
                    Mean surrogate loss: -0.0055
                      Mean entropy loss: 0.2675
                            Mean reward: 12.74
                    Mean episode length: 1000.00
                        Mean action std: 0.32
--------------------------------------------------------------------------------
                         Iteration time: 0.24s
                           Time elapsed: 00:00:21
                                    ETA: 00:01:43

################################################################################
[1m                           Learning iteration 86/500                            [0m 

                            Total steps: 178176 
                       Steps per second: 8903 
                        Collection time: 0.210s 
                          Learning time: 0.021s 
                        Mean value loss: 0.0021
                    Mean surrogate loss: -0.0061
                      Mean entropy loss: 0.2590
                            Mean reward: 12.74
                    Mean episode length: 1000.00
                        Mean action std: 0.31
--------------------------------------------------------------------------------
                         Iteration time: 0.23s
                           Time elapsed: 00:00:21
                                    ETA: 00:01:43

################################################################################
[1m                           Learning iteration 87/500                            [0m 

                            Total steps: 180224 
                       Steps per second: 8703 
                        Collection time: 0.214s 
                          Learning time: 0.021s 
                        Mean value loss: 0.0016
                    Mean surrogate loss: -0.0079
                      Mean entropy loss: 0.2474
                            Mean reward: 12.74
                    Mean episode length: 1000.00
                        Mean action std: 0.31
--------------------------------------------------------------------------------
                         Iteration time: 0.24s
                           Time elapsed: 00:00:21
                                    ETA: 00:01:42

################################################################################
[1m                           Learning iteration 88/500                            [0m 

                            Total steps: 182272 
                       Steps per second: 8800 
                        Collection time: 0.212s 
                          Learning time: 0.020s 
                        Mean value loss: 0.0015
                    Mean surrogate loss: -0.0061
                      Mean entropy loss: 0.2363
                            Mean reward: 12.74
                    Mean episode length: 1000.00
                        Mean action std: 0.31
--------------------------------------------------------------------------------
                         Iteration time: 0.23s
                           Time elapsed: 00:00:22
                                    ETA: 00:01:42

################################################################################
[1m                           Learning iteration 89/500                            [0m 

                            Total steps: 184320 
                       Steps per second: 8905 
                        Collection time: 0.209s 
                          Learning time: 0.021s 
                        Mean value loss: 0.0016
                    Mean surrogate loss: -0.0087
                      Mean entropy loss: 0.2306
                            Mean reward: 12.74
                    Mean episode length: 1000.00
                        Mean action std: 0.30
--------------------------------------------------------------------------------
                         Iteration time: 0.23s
                           Time elapsed: 00:00:22
                                    ETA: 00:01:42

################################################################################
[1m                           Learning iteration 90/500                            [0m 

                            Total steps: 186368 
                       Steps per second: 8937 
                        Collection time: 0.209s 
                          Learning time: 0.021s 
                        Mean value loss: 0.0012
                    Mean surrogate loss: -0.0092
                      Mean entropy loss: 0.2244
                            Mean reward: 12.74
                    Mean episode length: 1000.00
                        Mean action std: 0.30
--------------------------------------------------------------------------------
                         Iteration time: 0.23s
                           Time elapsed: 00:00:22
                                    ETA: 00:01:41

################################################################################
[1m                           Learning iteration 91/500                            [0m 

                            Total steps: 188416 
                       Steps per second: 9049 
                        Collection time: 0.206s 
                          Learning time: 0.020s 
                        Mean value loss: 0.0011
                    Mean surrogate loss: -0.0071
                      Mean entropy loss: 0.2112
                            Mean reward: 12.74
                    Mean episode length: 1000.00
                        Mean action std: 0.30
--------------------------------------------------------------------------------
                         Iteration time: 0.23s
                           Time elapsed: 00:00:22
                                    ETA: 00:01:41

################################################################################
[1m                           Learning iteration 92/500                            [0m 

                            Total steps: 190464 
                       Steps per second: 8866 
                        Collection time: 0.207s 
                          Learning time: 0.024s 
                        Mean value loss: 0.0013
                    Mean surrogate loss: -0.0077
                      Mean entropy loss: 0.1950
                            Mean reward: 12.74
                    Mean episode length: 1000.00
                        Mean action std: 0.29
--------------------------------------------------------------------------------
                         Iteration time: 0.23s
                           Time elapsed: 00:00:23
                                    ETA: 00:01:41

################################################################################
[1m                           Learning iteration 93/500                            [0m 

                            Total steps: 192512 
                       Steps per second: 8990 
                        Collection time: 0.206s 
                          Learning time: 0.022s 
                        Mean value loss: 0.0010
                    Mean surrogate loss: -0.0083
                      Mean entropy loss: 0.1798
                            Mean reward: 12.74
                    Mean episode length: 1000.00
                        Mean action std: 0.29
--------------------------------------------------------------------------------
                         Iteration time: 0.23s
                           Time elapsed: 00:00:23
                                    ETA: 00:01:40

################################################################################
[1m                           Learning iteration 94/500                            [0m 

                            Total steps: 194560 
                       Steps per second: 9003 
                        Collection time: 0.206s 
                          Learning time: 0.021s 
                        Mean value loss: 0.0010
                    Mean surrogate loss: -0.0054
                      Mean entropy loss: 0.1673
                            Mean reward: 12.74
                    Mean episode length: 1000.00
                        Mean action std: 0.28
--------------------------------------------------------------------------------
                         Iteration time: 0.23s
                           Time elapsed: 00:00:23
                                    ETA: 00:01:40

################################################################################
[1m                           Learning iteration 95/500                            [0m 

                            Total steps: 196608 
                       Steps per second: 8737 
                        Collection time: 0.208s 
                          Learning time: 0.026s 
                        Mean value loss: 0.0011
                    Mean surrogate loss: -0.0067
                      Mean entropy loss: 0.1559
                            Mean reward: 12.74
                    Mean episode length: 1000.00
                        Mean action std: 0.28
--------------------------------------------------------------------------------
                         Iteration time: 0.23s
                           Time elapsed: 00:00:23
                                    ETA: 00:01:40

################################################################################
[1m                           Learning iteration 96/500                            [0m 

                            Total steps: 198656 
                       Steps per second: 8994 
                        Collection time: 0.207s 
                          Learning time: 0.021s 
                        Mean value loss: 0.0012
                    Mean surrogate loss: -0.0036
                      Mean entropy loss: 0.1540
                            Mean reward: 12.74
                    Mean episode length: 1000.00
                        Mean action std: 0.28
--------------------------------------------------------------------------------
                         Iteration time: 0.23s
                           Time elapsed: 00:00:24
                                    ETA: 00:01:39

################################################################################
[1m                           Learning iteration 97/500                            [0m 

                            Total steps: 200704 
                       Steps per second: 8857 
                        Collection time: 0.210s 
                          Learning time: 0.022s 
                        Mean value loss: 0.0010
                    Mean surrogate loss: -0.0059
                      Mean entropy loss: 0.1536
                            Mean reward: 12.74
                    Mean episode length: 1000.00
                        Mean action std: 0.28
--------------------------------------------------------------------------------
                         Iteration time: 0.23s
                           Time elapsed: 00:00:24
                                    ETA: 00:01:39

################################################################################
[1m                           Learning iteration 98/500                            [0m 

                            Total steps: 202752 
                       Steps per second: 8982 
                        Collection time: 0.207s 
                          Learning time: 0.021s 
                        Mean value loss: 0.0011
                    Mean surrogate loss: -0.0036
                      Mean entropy loss: 0.1423
                            Mean reward: 12.74
                    Mean episode length: 1000.00
                        Mean action std: 0.28
--------------------------------------------------------------------------------
                         Iteration time: 0.23s
                           Time elapsed: 00:00:24
                                    ETA: 00:01:39

################################################################################
[1m                           Learning iteration 99/500                            [0m 

                            Total steps: 204800 
                       Steps per second: 8979 
                        Collection time: 0.206s 
                          Learning time: 0.022s 
                        Mean value loss: 0.0009
                    Mean surrogate loss: -0.0056
                      Mean entropy loss: 0.1203
                            Mean reward: 12.74
                    Mean episode length: 1000.00
                        Mean action std: 0.27
--------------------------------------------------------------------------------
                         Iteration time: 0.23s
                           Time elapsed: 00:00:24
                                    ETA: 00:01:38

################################################################################
[1m                           Learning iteration 100/500                           [0m 

                            Total steps: 206848 
                       Steps per second: 9020 
                        Collection time: 0.205s 
                          Learning time: 0.022s 
                        Mean value loss: 0.0010
                    Mean surrogate loss: -0.0057
                      Mean entropy loss: 0.0966
                            Mean reward: 12.74
                    Mean episode length: 1000.00
                        Mean action std: 0.26
--------------------------------------------------------------------------------
                         Iteration time: 0.23s
                           Time elapsed: 00:00:24
                                    ETA: 00:01:38

################################################################################
[1m                           Learning iteration 101/500                           [0m 

                            Total steps: 208896 
                       Steps per second: 8906 
                        Collection time: 0.209s 
                          Learning time: 0.021s 
                        Mean value loss: 0.0010
                    Mean surrogate loss: -0.0078
                      Mean entropy loss: 0.0832
                            Mean reward: 12.74
                    Mean episode length: 1000.00
                        Mean action std: 0.26
--------------------------------------------------------------------------------
                         Iteration time: 0.23s
                           Time elapsed: 00:00:25
                                    ETA: 00:01:38

################################################################################
[1m                           Learning iteration 102/500                           [0m 

                            Total steps: 210944 
                       Steps per second: 9033 
                        Collection time: 0.206s 
                          Learning time: 0.021s 
                        Mean value loss: 0.0009
                    Mean surrogate loss: -0.0034
                      Mean entropy loss: 0.0733
                            Mean reward: 12.74
                    Mean episode length: 1000.00
                        Mean action std: 0.26
--------------------------------------------------------------------------------
                         Iteration time: 0.23s
                           Time elapsed: 00:00:25
                                    ETA: 00:01:37

################################################################################
[1m                           Learning iteration 103/500                           [0m 

                            Total steps: 212992 
                       Steps per second: 9033 
                        Collection time: 0.205s 
                          Learning time: 0.022s 
                        Mean value loss: 0.0008
                    Mean surrogate loss: -0.0031
                      Mean entropy loss: 0.0637
                            Mean reward: 12.74
                    Mean episode length: 1000.00
                        Mean action std: 0.26
--------------------------------------------------------------------------------
                         Iteration time: 0.23s
                           Time elapsed: 00:00:25
                                    ETA: 00:01:37

################################################################################
[1m                           Learning iteration 104/500                           [0m 

                            Total steps: 215040 
                       Steps per second: 9057 
                        Collection time: 0.205s 
                          Learning time: 0.021s 
                        Mean value loss: 0.0012
                    Mean surrogate loss: -0.0017
                      Mean entropy loss: 0.0506
                            Mean reward: 12.74
                    Mean episode length: 1000.00
                        Mean action std: 0.25
--------------------------------------------------------------------------------
                         Iteration time: 0.23s
                           Time elapsed: 00:00:25
                                    ETA: 00:01:37

################################################################################
[1m                           Learning iteration 105/500                           [0m 

                            Total steps: 217088 
                       Steps per second: 8996 
                        Collection time: 0.205s 
                          Learning time: 0.023s 
                        Mean value loss: 0.0009
                    Mean surrogate loss: -0.0057
                      Mean entropy loss: 0.0380
                            Mean reward: 12.74
                    Mean episode length: 1000.00
                        Mean action std: 0.25
--------------------------------------------------------------------------------
                         Iteration time: 0.23s
                           Time elapsed: 00:00:26
                                    ETA: 00:01:36

################################################################################
[1m                           Learning iteration 106/500                           [0m 

                            Total steps: 219136 
                       Steps per second: 8960 
                        Collection time: 0.208s 
                          Learning time: 0.021s 
                        Mean value loss: 0.0012
                    Mean surrogate loss: -0.0054
                      Mean entropy loss: 0.0237
                            Mean reward: 12.74
                    Mean episode length: 1000.00
                        Mean action std: 0.25
--------------------------------------------------------------------------------
                         Iteration time: 0.23s
                           Time elapsed: 00:00:26
                                    ETA: 00:01:36

################################################################################
[1m                           Learning iteration 107/500                           [0m 

                            Total steps: 221184 
                       Steps per second: 9015 
                        Collection time: 0.206s 
                          Learning time: 0.021s 
                        Mean value loss: 0.0016
                    Mean surrogate loss: -0.0049
                      Mean entropy loss: 0.0118
                            Mean reward: 12.74
                    Mean episode length: 1000.00
                        Mean action std: 0.24
--------------------------------------------------------------------------------
                         Iteration time: 0.23s
                           Time elapsed: 00:00:26
                                    ETA: 00:01:36

################################################################################
[1m                           Learning iteration 108/500                           [0m 

                            Total steps: 223232 
                       Steps per second: 8920 
                        Collection time: 0.209s 
                          Learning time: 0.021s 
                        Mean value loss: 0.0012
                    Mean surrogate loss: -0.0038
                      Mean entropy loss: 0.0055
                            Mean reward: 12.74
                    Mean episode length: 1000.00
                        Mean action std: 0.24
--------------------------------------------------------------------------------
                         Iteration time: 0.23s
                           Time elapsed: 00:00:26
                                    ETA: 00:01:35

################################################################################
[1m                           Learning iteration 109/500                           [0m 

                            Total steps: 225280 
                       Steps per second: 8996 
                        Collection time: 0.207s 
                          Learning time: 0.021s 
                        Mean value loss: 0.0017
                    Mean surrogate loss: -0.0036
                      Mean entropy loss: -0.0032
                            Mean reward: 12.74
                    Mean episode length: 1000.00
                        Mean action std: 0.24
--------------------------------------------------------------------------------
                         Iteration time: 0.23s
                           Time elapsed: 00:00:26
                                    ETA: 00:01:35

################################################################################
[1m                           Learning iteration 110/500                           [0m 

                            Total steps: 227328 
                       Steps per second: 8891 
                        Collection time: 0.210s 
                          Learning time: 0.021s 
                        Mean value loss: 0.0018
                    Mean surrogate loss: -0.0016
                      Mean entropy loss: -0.0219
                            Mean reward: 12.74
                    Mean episode length: 1000.00
                        Mean action std: 0.23
--------------------------------------------------------------------------------
                         Iteration time: 0.23s
                           Time elapsed: 00:00:27
                                    ETA: 00:01:35

################################################################################
[1m                           Learning iteration 111/500                           [0m 

                            Total steps: 229376 
                       Steps per second: 9006 
                        Collection time: 0.207s 
                          Learning time: 0.020s 
                        Mean value loss: 0.0028
                    Mean surrogate loss: -0.0012
                      Mean entropy loss: -0.0409
                            Mean reward: 12.74
                    Mean episode length: 1000.00
                        Mean action std: 0.23
--------------------------------------------------------------------------------
                         Iteration time: 0.23s
                           Time elapsed: 00:00:27
                                    ETA: 00:01:35

################################################################################
[1m                           Learning iteration 112/500                           [0m 

                            Total steps: 231424 
                       Steps per second: 9010 
                        Collection time: 0.207s 
                          Learning time: 0.020s 
                        Mean value loss: 0.0025
                    Mean surrogate loss: -0.0013
                      Mean entropy loss: -0.0603
                            Mean reward: 12.74
                    Mean episode length: 1000.00
                        Mean action std: 0.23
--------------------------------------------------------------------------------
                         Iteration time: 0.23s
                           Time elapsed: 00:00:27
                                    ETA: 00:01:34

################################################################################
[1m                           Learning iteration 113/500                           [0m 

                            Total steps: 233472 
                       Steps per second: 9068 
                        Collection time: 0.205s 
                          Learning time: 0.021s 
                        Mean value loss: 0.0033
                    Mean surrogate loss: -0.0009
                      Mean entropy loss: -0.0764
                            Mean reward: 12.74
                    Mean episode length: 1000.00
                        Mean action std: 0.22
--------------------------------------------------------------------------------
                         Iteration time: 0.23s
                           Time elapsed: 00:00:27
                                    ETA: 00:01:34

################################################################################
[1m                           Learning iteration 114/500                           [0m 

                            Total steps: 235520 
                       Steps per second: 8590 
                        Collection time: 0.217s 
                          Learning time: 0.022s 
                        Mean value loss: 0.0044
                    Mean surrogate loss: -0.0005
                      Mean entropy loss: -0.0881
                            Mean reward: 12.74
                    Mean episode length: 1000.00
                        Mean action std: 0.22
--------------------------------------------------------------------------------
                         Iteration time: 0.24s
                           Time elapsed: 00:00:28
                                    ETA: 00:01:34

################################################################################
[1m                           Learning iteration 115/500                           [0m 

                            Total steps: 237568 
                       Steps per second: 8859 
                        Collection time: 0.211s 
                          Learning time: 0.020s 
                        Mean value loss: 0.0047
                    Mean surrogate loss: -0.0014
                      Mean entropy loss: -0.0853
                            Mean reward: 12.74
                    Mean episode length: 1000.00
                        Mean action std: 0.22
--------------------------------------------------------------------------------
                         Iteration time: 0.23s
                           Time elapsed: 00:00:28
                                    ETA: 00:01:33

################################################################################
[1m                           Learning iteration 116/500                           [0m 

                            Total steps: 239616 
                       Steps per second: 8624 
                        Collection time: 0.215s 
                          Learning time: 0.023s 
                        Mean value loss: 0.0047
                    Mean surrogate loss: -0.0005
                      Mean entropy loss: -0.0896
                            Mean reward: 12.74
                    Mean episode length: 1000.00
                        Mean action std: 0.22
--------------------------------------------------------------------------------
                         Iteration time: 0.24s
                           Time elapsed: 00:00:28
                                    ETA: 00:01:33

################################################################################
[1m                           Learning iteration 117/500                           [0m 

                            Total steps: 241664 
                       Steps per second: 8641 
                        Collection time: 0.216s 
                          Learning time: 0.021s 
                        Mean value loss: 0.0043
                    Mean surrogate loss: -0.0026
                      Mean entropy loss: -0.0858
                            Mean reward: 12.74
                    Mean episode length: 1000.00
                        Mean action std: 0.22
--------------------------------------------------------------------------------
                         Iteration time: 0.24s
                           Time elapsed: 00:00:28
                                    ETA: 00:01:33

################################################################################
[1m                           Learning iteration 118/500                           [0m 

                            Total steps: 243712 
                       Steps per second: 8234 
                        Collection time: 0.226s 
                          Learning time: 0.022s 
                        Mean value loss: 0.0045
                    Mean surrogate loss: -0.0001
                      Mean entropy loss: -0.0805
                            Mean reward: 12.74
                    Mean episode length: 1000.00
                        Mean action std: 0.22
--------------------------------------------------------------------------------
                         Iteration time: 0.25s
                           Time elapsed: 00:00:29
                                    ETA: 00:01:33

################################################################################
[1m                           Learning iteration 119/500                           [0m 

                            Total steps: 245760 
                       Steps per second: 8295 
                        Collection time: 0.225s 
                          Learning time: 0.021s 
                        Mean value loss: 0.0041
                    Mean surrogate loss: -0.0015
                      Mean entropy loss: -0.0815
                            Mean reward: 12.74
                    Mean episode length: 1000.00
                        Mean action std: 0.22
--------------------------------------------------------------------------------
                         Iteration time: 0.25s
                           Time elapsed: 00:00:29
                                    ETA: 00:01:32

################################################################################
[1m                           Learning iteration 120/500                           [0m 

                            Total steps: 247808 
                       Steps per second: 8111 
                        Collection time: 0.230s 
                          Learning time: 0.022s 
                        Mean value loss: 0.0039
                    Mean surrogate loss: -0.0020
                      Mean entropy loss: -0.0902
                            Mean reward: 12.74
                    Mean episode length: 1000.00
                        Mean action std: 0.22
--------------------------------------------------------------------------------
                         Iteration time: 0.25s
                           Time elapsed: 00:00:29
                                    ETA: 00:01:32

################################################################################
[1m                           Learning iteration 121/500                           [0m 

                            Total steps: 249856 
                       Steps per second: 8186 
                        Collection time: 0.229s 
                          Learning time: 0.021s 
                        Mean value loss: 0.0037
                    Mean surrogate loss: 0.0001
                      Mean entropy loss: -0.0883
                            Mean reward: 12.74
                    Mean episode length: 1000.00
                        Mean action std: 0.22
--------------------------------------------------------------------------------
                         Iteration time: 0.25s
                           Time elapsed: 00:00:29
                                    ETA: 00:01:32

################################################################################
[1m                           Learning iteration 122/500                           [0m 

                            Total steps: 251904 
                       Steps per second: 8154 
                        Collection time: 0.229s 
                          Learning time: 0.022s 
                        Mean value loss: 0.0028
                    Mean surrogate loss: -0.0037
                      Mean entropy loss: -0.0926
                            Mean reward: 12.74
                    Mean episode length: 1000.00
                        Mean action std: 0.22
--------------------------------------------------------------------------------
                         Iteration time: 0.25s
                           Time elapsed: 00:00:30
                                    ETA: 00:01:32

################################################################################
[1m                           Learning iteration 123/500                           [0m 

                            Total steps: 253952 
                       Steps per second: 8053 
                        Collection time: 0.233s 
                          Learning time: 0.021s 
                        Mean value loss: 0.0031
                    Mean surrogate loss: -0.0029
                      Mean entropy loss: -0.0975
                            Mean reward: 12.74
                    Mean episode length: 1000.00
                        Mean action std: 0.22
--------------------------------------------------------------------------------
                         Iteration time: 0.25s
                           Time elapsed: 00:00:30
                                    ETA: 00:01:32

################################################################################
[1m                           Learning iteration 124/500                           [0m 

                            Total steps: 256000 
                       Steps per second: 7735 
                        Collection time: 0.243s 
                          Learning time: 0.021s 
                        Mean value loss: 0.0032
                    Mean surrogate loss: -0.0025
                      Mean entropy loss: -0.1087
                            Mean reward: 17.17
                    Mean episode length: 1000.00
                        Mean action std: 0.22
--------------------------------------------------------------------------------
                         Iteration time: 0.26s
                           Time elapsed: 00:00:30
                                    ETA: 00:01:31

################################################################################
[1m                           Learning iteration 125/500                           [0m 

                            Total steps: 258048 
                       Steps per second: 9055 
                        Collection time: 0.205s 
                          Learning time: 0.021s 
                        Mean value loss: 0.0134
                    Mean surrogate loss: -0.0012
                      Mean entropy loss: -0.1142
                            Mean reward: 17.17
                    Mean episode length: 1000.00
                        Mean action std: 0.22
--------------------------------------------------------------------------------
                         Iteration time: 0.23s
                           Time elapsed: 00:00:30
                                    ETA: 00:01:31

################################################################################
[1m                           Learning iteration 126/500                           [0m 

                            Total steps: 260096 
                       Steps per second: 8962 
                        Collection time: 0.206s 
                          Learning time: 0.022s 
                        Mean value loss: 0.0152
                    Mean surrogate loss: -0.0009
                      Mean entropy loss: -0.1174
                            Mean reward: 17.17
                    Mean episode length: 1000.00
                        Mean action std: 0.22
--------------------------------------------------------------------------------
                         Iteration time: 0.23s
                           Time elapsed: 00:00:31
                                    ETA: 00:01:31

################################################################################
[1m                           Learning iteration 127/500                           [0m 

                            Total steps: 262144 
                       Steps per second: 9033 
                        Collection time: 0.206s 
                          Learning time: 0.021s 
                        Mean value loss: 0.0109
                    Mean surrogate loss: -0.0012
                      Mean entropy loss: -0.1128
                            Mean reward: 17.17
                    Mean episode length: 1000.00
                        Mean action std: 0.22
--------------------------------------------------------------------------------
                         Iteration time: 0.23s
                           Time elapsed: 00:00:31
                                    ETA: 00:01:30

################################################################################
[1m                           Learning iteration 128/500                           [0m 

                            Total steps: 264192 
                       Steps per second: 9108 
                        Collection time: 0.204s 
                          Learning time: 0.021s 
                        Mean value loss: 0.0061
                    Mean surrogate loss: -0.0019
                      Mean entropy loss: -0.1132
                            Mean reward: 17.17
                    Mean episode length: 1000.00
                        Mean action std: 0.22
--------------------------------------------------------------------------------
                         Iteration time: 0.22s
                           Time elapsed: 00:00:31
                                    ETA: 00:01:30

################################################################################
[1m                           Learning iteration 129/500                           [0m 

                            Total steps: 266240 
                       Steps per second: 9004 
                        Collection time: 0.207s 
                          Learning time: 0.021s 
                        Mean value loss: 0.0047
                    Mean surrogate loss: -0.0043
                      Mean entropy loss: -0.1132
                            Mean reward: 17.17
                    Mean episode length: 1000.00
                        Mean action std: 0.22
--------------------------------------------------------------------------------
                         Iteration time: 0.23s
                           Time elapsed: 00:00:31
                                    ETA: 00:01:30

################################################################################
[1m                           Learning iteration 130/500                           [0m 

                            Total steps: 268288 
                       Steps per second: 8998 
                        Collection time: 0.207s 
                          Learning time: 0.021s 
                        Mean value loss: 0.0053
                    Mean surrogate loss: -0.0015
                      Mean entropy loss: -0.1247
                            Mean reward: 17.17
                    Mean episode length: 1000.00
                        Mean action std: 0.21
--------------------------------------------------------------------------------
                         Iteration time: 0.23s
                           Time elapsed: 00:00:31
                                    ETA: 00:01:30

################################################################################
[1m                           Learning iteration 131/500                           [0m 

                            Total steps: 270336 
                       Steps per second: 8961 
                        Collection time: 0.208s 
                          Learning time: 0.021s 
                        Mean value loss: 0.0047
                    Mean surrogate loss: -0.0014
                      Mean entropy loss: -0.1398
                            Mean reward: 17.17
                    Mean episode length: 1000.00
                        Mean action std: 0.21
--------------------------------------------------------------------------------
                         Iteration time: 0.23s
                           Time elapsed: 00:00:32
                                    ETA: 00:01:29

################################################################################
[1m                           Learning iteration 132/500                           [0m 

                            Total steps: 272384 
                       Steps per second: 8973 
                        Collection time: 0.206s 
                          Learning time: 0.022s 
                        Mean value loss: 0.0049
                    Mean surrogate loss: -0.0017
                      Mean entropy loss: -0.1571
                            Mean reward: 17.17
                    Mean episode length: 1000.00
                        Mean action std: 0.21
--------------------------------------------------------------------------------
                         Iteration time: 0.23s
                           Time elapsed: 00:00:32
                                    ETA: 00:01:29

################################################################################
[1m                           Learning iteration 133/500                           [0m 

                            Total steps: 274432 
                       Steps per second: 9007 
                        Collection time: 0.206s 
                          Learning time: 0.021s 
                        Mean value loss: 0.0036
                    Mean surrogate loss: -0.0012
                      Mean entropy loss: -0.1642
                            Mean reward: 17.17
                    Mean episode length: 1000.00
                        Mean action std: 0.21
--------------------------------------------------------------------------------
                         Iteration time: 0.23s
                           Time elapsed: 00:00:32
                                    ETA: 00:01:29

################################################################################
[1m                           Learning iteration 134/500                           [0m 

                            Total steps: 276480 
                       Steps per second: 8998 
                        Collection time: 0.206s 
                          Learning time: 0.021s 
                        Mean value loss: 0.0039
                    Mean surrogate loss: -0.0040
                      Mean entropy loss: -0.1655
                            Mean reward: 17.17
                    Mean episode length: 1000.00
                        Mean action std: 0.20
--------------------------------------------------------------------------------
                         Iteration time: 0.23s
                           Time elapsed: 00:00:32
                                    ETA: 00:01:28

################################################################################
[1m                           Learning iteration 135/500                           [0m 

                            Total steps: 278528 
                       Steps per second: 8942 
                        Collection time: 0.207s 
                          Learning time: 0.022s 
                        Mean value loss: 0.0031
                    Mean surrogate loss: -0.0029
                      Mean entropy loss: -0.1707
                            Mean reward: 17.17
                    Mean episode length: 1000.00
                        Mean action std: 0.20
--------------------------------------------------------------------------------
                         Iteration time: 0.23s
                           Time elapsed: 00:00:33
                                    ETA: 00:01:28

################################################################################
[1m                           Learning iteration 136/500                           [0m 

                            Total steps: 280576 
                       Steps per second: 9017 
                        Collection time: 0.205s 
                          Learning time: 0.022s 
                        Mean value loss: 0.0036
                    Mean surrogate loss: -0.0037
                      Mean entropy loss: -0.1651
                            Mean reward: 17.17
                    Mean episode length: 1000.00
                        Mean action std: 0.21
--------------------------------------------------------------------------------
                         Iteration time: 0.23s
                           Time elapsed: 00:00:33
                                    ETA: 00:01:28

################################################################################
[1m                           Learning iteration 137/500                           [0m 

                            Total steps: 282624 
                       Steps per second: 8983 
                        Collection time: 0.207s 
                          Learning time: 0.021s 
                        Mean value loss: 0.0036
                    Mean surrogate loss: -0.0024
                      Mean entropy loss: -0.1718
                            Mean reward: 17.17
                    Mean episode length: 1000.00
                        Mean action std: 0.20
--------------------------------------------------------------------------------
                         Iteration time: 0.23s
                           Time elapsed: 00:00:33
                                    ETA: 00:01:28

################################################################################
[1m                           Learning iteration 138/500                           [0m 

                            Total steps: 284672 
                       Steps per second: 9054 
                        Collection time: 0.205s 
                          Learning time: 0.021s 
                        Mean value loss: 0.0033
                    Mean surrogate loss: -0.0021
                      Mean entropy loss: -0.1873
                            Mean reward: 17.17
                    Mean episode length: 1000.00
                        Mean action std: 0.20
--------------------------------------------------------------------------------
                         Iteration time: 0.23s
                           Time elapsed: 00:00:33
                                    ETA: 00:01:27

################################################################################
[1m                           Learning iteration 139/500                           [0m 

                            Total steps: 286720 
                       Steps per second: 9028 
                        Collection time: 0.205s 
                          Learning time: 0.021s 
                        Mean value loss: 0.0031
                    Mean surrogate loss: -0.0019
                      Mean entropy loss: -0.2015
                            Mean reward: 17.17
                    Mean episode length: 1000.00
                        Mean action std: 0.20
--------------------------------------------------------------------------------
                         Iteration time: 0.23s
                           Time elapsed: 00:00:34
                                    ETA: 00:01:27

################################################################################
[1m                           Learning iteration 140/500                           [0m 

                            Total steps: 288768 
                       Steps per second: 8904 
                        Collection time: 0.209s 
                          Learning time: 0.021s 
                        Mean value loss: 0.0028
                    Mean surrogate loss: -0.0013
                      Mean entropy loss: -0.2129
                            Mean reward: 17.17
                    Mean episode length: 1000.00
                        Mean action std: 0.20
--------------------------------------------------------------------------------
                         Iteration time: 0.23s
                           Time elapsed: 00:00:34
                                    ETA: 00:01:27

################################################################################
[1m                           Learning iteration 141/500                           [0m 

                            Total steps: 290816 
                       Steps per second: 9040 
                        Collection time: 0.206s 
                          Learning time: 0.021s 
                        Mean value loss: 0.0030
                    Mean surrogate loss: -0.0021
                      Mean entropy loss: -0.2071
                            Mean reward: 17.17
                    Mean episode length: 1000.00
                        Mean action std: 0.20
--------------------------------------------------------------------------------
                         Iteration time: 0.23s
                           Time elapsed: 00:00:34
                                    ETA: 00:01:26

################################################################################
[1m                           Learning iteration 142/500                           [0m 

                            Total steps: 292864 
                       Steps per second: 8950 
                        Collection time: 0.208s 
                          Learning time: 0.021s 
                        Mean value loss: 0.0031
                    Mean surrogate loss: -0.0000
                      Mean entropy loss: -0.2166
                            Mean reward: 17.17
                    Mean episode length: 1000.00
                        Mean action std: 0.19
--------------------------------------------------------------------------------
                         Iteration time: 0.23s
                           Time elapsed: 00:00:34
                                    ETA: 00:01:26

################################################################################
[1m                           Learning iteration 143/500                           [0m 

                            Total steps: 294912 
                       Steps per second: 9050 
                        Collection time: 0.206s 
                          Learning time: 0.020s 
                        Mean value loss: 0.0031
                    Mean surrogate loss: -0.0035
                      Mean entropy loss: -0.2338
                            Mean reward: 17.17
                    Mean episode length: 1000.00
                        Mean action std: 0.19
--------------------------------------------------------------------------------
                         Iteration time: 0.23s
                           Time elapsed: 00:00:34
                                    ETA: 00:01:26

################################################################################
[1m                           Learning iteration 144/500                           [0m 

                            Total steps: 296960 
                       Steps per second: 9015 
                        Collection time: 0.207s 
                          Learning time: 0.021s 
                        Mean value loss: 0.0036
                    Mean surrogate loss: -0.0010
                      Mean entropy loss: -0.2565
                            Mean reward: 17.17
                    Mean episode length: 1000.00
                        Mean action std: 0.19
--------------------------------------------------------------------------------
                         Iteration time: 0.23s
                           Time elapsed: 00:00:35
                                    ETA: 00:01:26

################################################################################
[1m                           Learning iteration 145/500                           [0m 

                            Total steps: 299008 
                       Steps per second: 9089 
                        Collection time: 0.205s 
                          Learning time: 0.020s 
                        Mean value loss: 0.0033
                    Mean surrogate loss: -0.0027
                      Mean entropy loss: -0.2668
                            Mean reward: 17.17
                    Mean episode length: 1000.00
                        Mean action std: 0.18
--------------------------------------------------------------------------------
                         Iteration time: 0.23s
                           Time elapsed: 00:00:35
                                    ETA: 00:01:25

################################################################################
[1m                           Learning iteration 146/500                           [0m 

                            Total steps: 301056 
                       Steps per second: 9071 
                        Collection time: 0.205s 
                          Learning time: 0.020s 
                        Mean value loss: 0.0032
                    Mean surrogate loss: -0.0011
                      Mean entropy loss: -0.2692
                            Mean reward: 17.17
                    Mean episode length: 1000.00
                        Mean action std: 0.18
--------------------------------------------------------------------------------
                         Iteration time: 0.23s
                           Time elapsed: 00:00:35
                                    ETA: 00:01:25

################################################################################
[1m                           Learning iteration 147/500                           [0m 

                            Total steps: 303104 
                       Steps per second: 8974 
                        Collection time: 0.206s 
                          Learning time: 0.022s 
                        Mean value loss: 0.0030
                    Mean surrogate loss: -0.0037
                      Mean entropy loss: -0.2709
                            Mean reward: 17.17
                    Mean episode length: 1000.00
                        Mean action std: 0.18
--------------------------------------------------------------------------------
                         Iteration time: 0.23s
                           Time elapsed: 00:00:35
                                    ETA: 00:01:25

################################################################################
[1m                           Learning iteration 148/500                           [0m 

                            Total steps: 305152 
                       Steps per second: 8923 
                        Collection time: 0.207s 
                          Learning time: 0.023s 
                        Mean value loss: 0.0030
                    Mean surrogate loss: 0.0000
                      Mean entropy loss: -0.2794
                            Mean reward: 17.17
                    Mean episode length: 1000.00
                        Mean action std: 0.18
--------------------------------------------------------------------------------
                         Iteration time: 0.23s
                           Time elapsed: 00:00:36
                                    ETA: 00:01:24

################################################################################
[1m                           Learning iteration 149/500                           [0m 

                            Total steps: 307200 
                       Steps per second: 9067 
                        Collection time: 0.205s 
                          Learning time: 0.021s 
                        Mean value loss: 0.0032
                    Mean surrogate loss: -0.0006
                      Mean entropy loss: -0.2909
                            Mean reward: 17.17
                    Mean episode length: 1000.00
                        Mean action std: 0.18
--------------------------------------------------------------------------------
                         Iteration time: 0.23s
                           Time elapsed: 00:00:36
                                    ETA: 00:01:24

################################################################################
[1m                           Learning iteration 150/500                           [0m 

                            Total steps: 309248 
                       Steps per second: 9063 
                        Collection time: 0.205s 
                          Learning time: 0.021s 
                        Mean value loss: 0.0030
                    Mean surrogate loss: 0.0005
                      Mean entropy loss: -0.2968
                            Mean reward: 17.17
                    Mean episode length: 1000.00
                        Mean action std: 0.18
--------------------------------------------------------------------------------
                         Iteration time: 0.23s
                           Time elapsed: 00:00:36
                                    ETA: 00:01:24

################################################################################
[1m                           Learning iteration 151/500                           [0m 

                            Total steps: 311296 
                       Steps per second: 9011 
                        Collection time: 0.207s 
                          Learning time: 0.020s 
                        Mean value loss: 0.0031
                    Mean surrogate loss: -0.0027
                      Mean entropy loss: -0.2854
                            Mean reward: 17.17
                    Mean episode length: 1000.00
                        Mean action std: 0.18
--------------------------------------------------------------------------------
                         Iteration time: 0.23s
                           Time elapsed: 00:00:36
                                    ETA: 00:01:24

################################################################################
[1m                           Learning iteration 152/500                           [0m 

                            Total steps: 313344 
                       Steps per second: 9044 
                        Collection time: 0.206s 
                          Learning time: 0.020s 
                        Mean value loss: 0.0028
                    Mean surrogate loss: -0.0012
                      Mean entropy loss: -0.2823
                            Mean reward: 17.17
                    Mean episode length: 1000.00
                        Mean action std: 0.18
--------------------------------------------------------------------------------
                         Iteration time: 0.23s
                           Time elapsed: 00:00:36
                                    ETA: 00:01:23

################################################################################
[1m                           Learning iteration 153/500                           [0m 

                            Total steps: 315392 
                       Steps per second: 8874 
                        Collection time: 0.210s 
                          Learning time: 0.021s 
                        Mean value loss: 0.0024
                    Mean surrogate loss: -0.0006
                      Mean entropy loss: -0.2936
                            Mean reward: 17.17
                    Mean episode length: 1000.00
                        Mean action std: 0.18
--------------------------------------------------------------------------------
                         Iteration time: 0.23s
                           Time elapsed: 00:00:37
                                    ETA: 00:01:23

################################################################################
[1m                           Learning iteration 154/500                           [0m 

                            Total steps: 317440 
                       Steps per second: 9044 
                        Collection time: 0.206s 
                          Learning time: 0.021s 
                        Mean value loss: 0.0026
                    Mean surrogate loss: -0.0008
                      Mean entropy loss: -0.2921
                            Mean reward: 17.17
                    Mean episode length: 1000.00
                        Mean action std: 0.18
--------------------------------------------------------------------------------
                         Iteration time: 0.23s
                           Time elapsed: 00:00:37
                                    ETA: 00:01:23

################################################################################
[1m                           Learning iteration 155/500                           [0m 

                            Total steps: 319488 
                       Steps per second: 8911 
                        Collection time: 0.208s 
                          Learning time: 0.022s 
                        Mean value loss: 0.0033
                    Mean surrogate loss: -0.0026
                      Mean entropy loss: -0.2956
                            Mean reward: 17.17
                    Mean episode length: 1000.00
                        Mean action std: 0.18
--------------------------------------------------------------------------------
                         Iteration time: 0.23s
                           Time elapsed: 00:00:37
                                    ETA: 00:01:23

################################################################################
[1m                           Learning iteration 156/500                           [0m 

                            Total steps: 321536 
                       Steps per second: 9085 
                        Collection time: 0.205s 
                          Learning time: 0.021s 
                        Mean value loss: 0.0036
                    Mean surrogate loss: 0.0001
                      Mean entropy loss: -0.3116
                            Mean reward: 17.17
                    Mean episode length: 1000.00
                        Mean action std: 0.18
--------------------------------------------------------------------------------
                         Iteration time: 0.23s
                           Time elapsed: 00:00:37
                                    ETA: 00:01:22

################################################################################
[1m                           Learning iteration 157/500                           [0m 

                            Total steps: 323584 
                       Steps per second: 9011 
                        Collection time: 0.206s 
                          Learning time: 0.021s 
                        Mean value loss: 0.0033
                    Mean surrogate loss: -0.0011
                      Mean entropy loss: -0.3155
                            Mean reward: 17.17
                    Mean episode length: 1000.00
                        Mean action std: 0.18
--------------------------------------------------------------------------------
                         Iteration time: 0.23s
                           Time elapsed: 00:00:38
                                    ETA: 00:01:22

################################################################################
[1m                           Learning iteration 158/500                           [0m 

                            Total steps: 325632 
                       Steps per second: 9015 
                        Collection time: 0.206s 
                          Learning time: 0.021s 
                        Mean value loss: 0.0031
                    Mean surrogate loss: -0.0010
                      Mean entropy loss: -0.3292
                            Mean reward: 17.17
                    Mean episode length: 1000.00
                        Mean action std: 0.17
--------------------------------------------------------------------------------
                         Iteration time: 0.23s
                           Time elapsed: 00:00:38
                                    ETA: 00:01:22

################################################################################
[1m                           Learning iteration 159/500                           [0m 

                            Total steps: 327680 
                       Steps per second: 8939 
                        Collection time: 0.206s 
                          Learning time: 0.023s 
                        Mean value loss: 0.0032
                    Mean surrogate loss: -0.0017
                      Mean entropy loss: -0.3441
                            Mean reward: 17.17
                    Mean episode length: 1000.00
                        Mean action std: 0.17
--------------------------------------------------------------------------------
                         Iteration time: 0.23s
                           Time elapsed: 00:00:38
                                    ETA: 00:01:21

################################################################################
[1m                           Learning iteration 160/500                           [0m 

                            Total steps: 329728 
                       Steps per second: 8988 
                        Collection time: 0.207s 
                          Learning time: 0.021s 
                        Mean value loss: 0.0035
                    Mean surrogate loss: -0.0018
                      Mean entropy loss: -0.3552
                            Mean reward: 17.17
                    Mean episode length: 1000.00
                        Mean action std: 0.17
--------------------------------------------------------------------------------
                         Iteration time: 0.23s
                           Time elapsed: 00:00:38
                                    ETA: 00:01:21

################################################################################
[1m                           Learning iteration 161/500                           [0m 

                            Total steps: 331776 
                       Steps per second: 8962 
                        Collection time: 0.206s 
                          Learning time: 0.022s 
                        Mean value loss: 0.0033
                    Mean surrogate loss: -0.0020
                      Mean entropy loss: -0.3764
                            Mean reward: 17.17
                    Mean episode length: 1000.00
                        Mean action std: 0.16
--------------------------------------------------------------------------------
                         Iteration time: 0.23s
                           Time elapsed: 00:00:39
                                    ETA: 00:01:21

################################################################################
[1m                           Learning iteration 162/500                           [0m 

                            Total steps: 333824 
                       Steps per second: 8984 
                        Collection time: 0.207s 
                          Learning time: 0.021s 
                        Mean value loss: 0.0030
                    Mean surrogate loss: -0.0019
                      Mean entropy loss: -0.3990
                            Mean reward: 17.17
                    Mean episode length: 1000.00
                        Mean action std: 0.16
--------------------------------------------------------------------------------
                         Iteration time: 0.23s
                           Time elapsed: 00:00:39
                                    ETA: 00:01:21

################################################################################
[1m                           Learning iteration 163/500                           [0m 

                            Total steps: 335872 
                       Steps per second: 8955 
                        Collection time: 0.206s 
                          Learning time: 0.023s 
                        Mean value loss: 0.0037
                    Mean surrogate loss: -0.0007
                      Mean entropy loss: -0.4119
                            Mean reward: 17.17
                    Mean episode length: 1000.00
                        Mean action std: 0.16
--------------------------------------------------------------------------------
                         Iteration time: 0.23s
                           Time elapsed: 00:00:39
                                    ETA: 00:01:20

################################################################################
[1m                           Learning iteration 164/500                           [0m 

                            Total steps: 337920 
                       Steps per second: 8938 
                        Collection time: 0.208s 
                          Learning time: 0.021s 
                        Mean value loss: 0.0041
                    Mean surrogate loss: -0.0014
                      Mean entropy loss: -0.4086
                            Mean reward: 17.17
                    Mean episode length: 1000.00
                        Mean action std: 0.16
--------------------------------------------------------------------------------
                         Iteration time: 0.23s
                           Time elapsed: 00:00:39
                                    ETA: 00:01:20

################################################################################
[1m                           Learning iteration 165/500                           [0m 

                            Total steps: 339968 
                       Steps per second: 9086 
                        Collection time: 0.204s 
                          Learning time: 0.021s 
                        Mean value loss: 0.0029
                    Mean surrogate loss: -0.0004
                      Mean entropy loss: -0.4114
                            Mean reward: 17.17
                    Mean episode length: 1000.00
                        Mean action std: 0.16
--------------------------------------------------------------------------------
                         Iteration time: 0.23s
                           Time elapsed: 00:00:39
                                    ETA: 00:01:20

################################################################################
[1m                           Learning iteration 166/500                           [0m 

                            Total steps: 342016 
                       Steps per second: 8959 
                        Collection time: 0.208s 
                          Learning time: 0.021s 
                        Mean value loss: 0.0035
                    Mean surrogate loss: -0.0003
                      Mean entropy loss: -0.4037
                            Mean reward: 17.17
                    Mean episode length: 1000.00
                        Mean action std: 0.16
--------------------------------------------------------------------------------
                         Iteration time: 0.23s
                           Time elapsed: 00:00:40
                                    ETA: 00:01:20

################################################################################
[1m                           Learning iteration 167/500                           [0m 

                            Total steps: 344064 
                       Steps per second: 9051 
                        Collection time: 0.205s 
                          Learning time: 0.021s 
                        Mean value loss: 0.0029
                    Mean surrogate loss: 0.0000
                      Mean entropy loss: -0.3999
                            Mean reward: 17.17
                    Mean episode length: 1000.00
                        Mean action std: 0.16
--------------------------------------------------------------------------------
                         Iteration time: 0.23s
                           Time elapsed: 00:00:40
                                    ETA: 00:01:19

################################################################################
[1m                           Learning iteration 168/500                           [0m 

                            Total steps: 346112 
                       Steps per second: 8986 
                        Collection time: 0.207s 
                          Learning time: 0.021s 
                        Mean value loss: 0.0030
                    Mean surrogate loss: -0.0005
                      Mean entropy loss: -0.3955
                            Mean reward: 17.17
                    Mean episode length: 1000.00
                        Mean action std: 0.16
--------------------------------------------------------------------------------
                         Iteration time: 0.23s
                           Time elapsed: 00:00:40
                                    ETA: 00:01:19

################################################################################
[1m                           Learning iteration 169/500                           [0m 

                            Total steps: 348160 
                       Steps per second: 9061 
                        Collection time: 0.205s 
                          Learning time: 0.021s 
                        Mean value loss: 0.0031
                    Mean surrogate loss: -0.0014
                      Mean entropy loss: -0.3972
                            Mean reward: 17.17
                    Mean episode length: 1000.00
                        Mean action std: 0.16
--------------------------------------------------------------------------------
                         Iteration time: 0.23s
                           Time elapsed: 00:00:40
                                    ETA: 00:01:19

################################################################################
[1m                           Learning iteration 170/500                           [0m 

                            Total steps: 350208 
                       Steps per second: 8946 
                        Collection time: 0.207s 
                          Learning time: 0.022s 
                        Mean value loss: 0.0041
                    Mean surrogate loss: -0.0028
                      Mean entropy loss: -0.4018
                            Mean reward: 17.17
                    Mean episode length: 1000.00
                        Mean action std: 0.16
--------------------------------------------------------------------------------
                         Iteration time: 0.23s
                           Time elapsed: 00:00:41
                                    ETA: 00:01:19

################################################################################
[1m                           Learning iteration 171/500                           [0m 

                            Total steps: 352256 
                       Steps per second: 9069 
                        Collection time: 0.205s 
                          Learning time: 0.021s 
                        Mean value loss: 0.0035
                    Mean surrogate loss: -0.0021
                      Mean entropy loss: -0.4086
                            Mean reward: 17.17
                    Mean episode length: 1000.00
                        Mean action std: 0.16
--------------------------------------------------------------------------------
                         Iteration time: 0.23s
                           Time elapsed: 00:00:41
                                    ETA: 00:01:18

################################################################################
[1m                           Learning iteration 172/500                           [0m 

                            Total steps: 354304 
                       Steps per second: 9021 
                        Collection time: 0.206s 
                          Learning time: 0.021s 
                        Mean value loss: 0.0036
                    Mean surrogate loss: -0.0008
                      Mean entropy loss: -0.4221
                            Mean reward: 17.17
                    Mean episode length: 1000.00
                        Mean action std: 0.16
--------------------------------------------------------------------------------
                         Iteration time: 0.23s
                           Time elapsed: 00:00:41
                                    ETA: 00:01:18

################################################################################
[1m                           Learning iteration 173/500                           [0m 

                            Total steps: 356352 
                       Steps per second: 8999 
                        Collection time: 0.206s 
                          Learning time: 0.022s 
                        Mean value loss: 0.0038
                    Mean surrogate loss: -0.0014
                      Mean entropy loss: -0.4278
                            Mean reward: 17.17
                    Mean episode length: 1000.00
                        Mean action std: 0.16
--------------------------------------------------------------------------------
                         Iteration time: 0.23s
                           Time elapsed: 00:00:41
                                    ETA: 00:01:18

################################################################################
[1m                           Learning iteration 174/500                           [0m 

                            Total steps: 358400 
                       Steps per second: 9090 
                        Collection time: 0.205s 
                          Learning time: 0.021s 
                        Mean value loss: 0.0030
                    Mean surrogate loss: -0.0004
                      Mean entropy loss: -0.4252
                            Mean reward: 17.17
                    Mean episode length: 1000.00
                        Mean action std: 0.16
--------------------------------------------------------------------------------
                         Iteration time: 0.23s
                           Time elapsed: 00:00:41
                                    ETA: 00:01:17

################################################################################
[1m                           Learning iteration 175/500                           [0m 

                            Total steps: 360448 
                       Steps per second: 8918 
                        Collection time: 0.208s 
                          Learning time: 0.021s 
                        Mean value loss: 0.0036
                    Mean surrogate loss: -0.0013
                      Mean entropy loss: -0.4312
                            Mean reward: 17.17
                    Mean episode length: 1000.00
                        Mean action std: 0.16
--------------------------------------------------------------------------------
                         Iteration time: 0.23s
                           Time elapsed: 00:00:42
                                    ETA: 00:01:17

################################################################################
[1m                           Learning iteration 176/500                           [0m 

                            Total steps: 362496 
                       Steps per second: 9054 
                        Collection time: 0.205s 
                          Learning time: 0.021s 
                        Mean value loss: 0.0046
                    Mean surrogate loss: -0.0006
                      Mean entropy loss: -0.4422
                            Mean reward: 17.17
                    Mean episode length: 1000.00
                        Mean action std: 0.15
--------------------------------------------------------------------------------
                         Iteration time: 0.23s
                           Time elapsed: 00:00:42
                                    ETA: 00:01:17

################################################################################
[1m                           Learning iteration 177/500                           [0m 

                            Total steps: 364544 
                       Steps per second: 8910 
                        Collection time: 0.208s 
                          Learning time: 0.022s 
                        Mean value loss: 0.0033
                    Mean surrogate loss: -0.0010
                      Mean entropy loss: -0.4574
                            Mean reward: 17.17
                    Mean episode length: 1000.00
                        Mean action std: 0.15
--------------------------------------------------------------------------------
                         Iteration time: 0.23s
                           Time elapsed: 00:00:42
                                    ETA: 00:01:17

################################################################################
[1m                           Learning iteration 178/500                           [0m 

                            Total steps: 366592 
                       Steps per second: 9081 
                        Collection time: 0.205s 
                          Learning time: 0.021s 
                        Mean value loss: 0.0037
                    Mean surrogate loss: -0.0017
                      Mean entropy loss: -0.4670
                            Mean reward: 17.17
                    Mean episode length: 1000.00
                        Mean action std: 0.15
--------------------------------------------------------------------------------
                         Iteration time: 0.23s
                           Time elapsed: 00:00:42
                                    ETA: 00:01:16

################################################################################
[1m                           Learning iteration 179/500                           [0m 

                            Total steps: 368640 
                       Steps per second: 8908 
                        Collection time: 0.208s 
                          Learning time: 0.022s 
                        Mean value loss: 0.0027
                    Mean surrogate loss: -0.0025
                      Mean entropy loss: -0.4771
                            Mean reward: 17.17
                    Mean episode length: 1000.00
                        Mean action std: 0.15
--------------------------------------------------------------------------------
                         Iteration time: 0.23s
                           Time elapsed: 00:00:43
                                    ETA: 00:01:16

################################################################################
[1m                           Learning iteration 180/500                           [0m 

                            Total steps: 370688 
                       Steps per second: 9060 
                        Collection time: 0.204s 
                          Learning time: 0.022s 
                        Mean value loss: 0.0026
                    Mean surrogate loss: -0.0035
                      Mean entropy loss: -0.4859
                            Mean reward: 17.17
                    Mean episode length: 1000.00
                        Mean action std: 0.15
--------------------------------------------------------------------------------
                         Iteration time: 0.23s
                           Time elapsed: 00:00:43
                                    ETA: 00:01:16

################################################################################
[1m                           Learning iteration 181/500                           [0m 

                            Total steps: 372736 
                       Steps per second: 8985 
                        Collection time: 0.206s 
                          Learning time: 0.022s 
                        Mean value loss: 0.0029
                    Mean surrogate loss: -0.0040
                      Mean entropy loss: -0.5088
                            Mean reward: 17.17
                    Mean episode length: 1000.00
                        Mean action std: 0.14
--------------------------------------------------------------------------------
                         Iteration time: 0.23s
                           Time elapsed: 00:00:43
                                    ETA: 00:01:16

################################################################################
[1m                           Learning iteration 182/500                           [0m 

                            Total steps: 374784 
                       Steps per second: 9025 
                        Collection time: 0.206s 
                          Learning time: 0.021s 
                        Mean value loss: 0.0032
                    Mean surrogate loss: -0.0013
                      Mean entropy loss: -0.5272
                            Mean reward: 17.17
                    Mean episode length: 1000.00
                        Mean action std: 0.14
--------------------------------------------------------------------------------
                         Iteration time: 0.23s
                           Time elapsed: 00:00:43
                                    ETA: 00:01:15

################################################################################
[1m                           Learning iteration 183/500                           [0m 

                            Total steps: 376832 
                       Steps per second: 8993 
                        Collection time: 0.206s 
                          Learning time: 0.022s 
                        Mean value loss: 0.0031
                    Mean surrogate loss: -0.0025
                      Mean entropy loss: -0.5387
                            Mean reward: 17.17
                    Mean episode length: 1000.00
                        Mean action std: 0.14
--------------------------------------------------------------------------------
                         Iteration time: 0.23s
                           Time elapsed: 00:00:44
                                    ETA: 00:01:15

################################################################################
[1m                           Learning iteration 184/500                           [0m 

                            Total steps: 378880 
                       Steps per second: 9073 
                        Collection time: 0.205s 
                          Learning time: 0.021s 
                        Mean value loss: 0.0037
                    Mean surrogate loss: -0.0018
                      Mean entropy loss: -0.5312
                            Mean reward: 17.17
                    Mean episode length: 1000.00
                        Mean action std: 0.14
--------------------------------------------------------------------------------
                         Iteration time: 0.23s
                           Time elapsed: 00:00:44
                                    ETA: 00:01:15

################################################################################
[1m                           Learning iteration 185/500                           [0m 

                            Total steps: 380928 
                       Steps per second: 8981 
                        Collection time: 0.207s 
                          Learning time: 0.021s 
                        Mean value loss: 0.0046
                    Mean surrogate loss: -0.0011
                      Mean entropy loss: -0.5316
                            Mean reward: 17.17
                    Mean episode length: 1000.00
                        Mean action std: 0.14
--------------------------------------------------------------------------------
                         Iteration time: 0.23s
                           Time elapsed: 00:00:44
                                    ETA: 00:01:15

################################################################################
[1m                           Learning iteration 186/500                           [0m 

                            Total steps: 382976 
                       Steps per second: 9007 
                        Collection time: 0.206s 
                          Learning time: 0.021s 
                        Mean value loss: 0.0038
                    Mean surrogate loss: -0.0004
                      Mean entropy loss: -0.5452
                            Mean reward: 17.17
                    Mean episode length: 1000.00
                        Mean action std: 0.14
--------------------------------------------------------------------------------
                         Iteration time: 0.23s
                           Time elapsed: 00:00:44
                                    ETA: 00:01:14

################################################################################
[1m                           Learning iteration 187/500                           [0m 

                            Total steps: 385024 
                       Steps per second: 8809 
                        Collection time: 0.212s 
                          Learning time: 0.021s 
                        Mean value loss: 0.0036
                    Mean surrogate loss: -0.0017
                      Mean entropy loss: -0.5511
                            Mean reward: 25.30
                    Mean episode length: 1000.00
                        Mean action std: 0.14
--------------------------------------------------------------------------------
                         Iteration time: 0.23s
                           Time elapsed: 00:00:44
                                    ETA: 00:01:14

################################################################################
[1m                           Learning iteration 188/500                           [0m 

                            Total steps: 387072 
                       Steps per second: 9067 
                        Collection time: 0.205s 
                          Learning time: 0.021s 
                        Mean value loss: 0.0095
                    Mean surrogate loss: -0.0010
                      Mean entropy loss: -0.5578
                            Mean reward: 25.30
                    Mean episode length: 1000.00
                        Mean action std: 0.14
--------------------------------------------------------------------------------
                         Iteration time: 0.23s
                           Time elapsed: 00:00:45
                                    ETA: 00:01:14

################################################################################
[1m                           Learning iteration 189/500                           [0m 

                            Total steps: 389120 
                       Steps per second: 9084 
                        Collection time: 0.204s 
                          Learning time: 0.021s 
                        Mean value loss: 0.0050
                    Mean surrogate loss: 0.0000
                      Mean entropy loss: -0.5690
                            Mean reward: 25.30
                    Mean episode length: 1000.00
                        Mean action std: 0.14
--------------------------------------------------------------------------------
                         Iteration time: 0.23s
                           Time elapsed: 00:00:45
                                    ETA: 00:01:14

################################################################################
[1m                           Learning iteration 190/500                           [0m 

                            Total steps: 391168 
                       Steps per second: 8980 
                        Collection time: 0.207s 
                          Learning time: 0.021s 
                        Mean value loss: 0.0060
                    Mean surrogate loss: -0.0011
                      Mean entropy loss: -0.5542
                            Mean reward: 25.30
                    Mean episode length: 1000.00
                        Mean action std: 0.14
--------------------------------------------------------------------------------
                         Iteration time: 0.23s
                           Time elapsed: 00:00:45
                                    ETA: 00:01:13

################################################################################
[1m                           Learning iteration 191/500                           [0m 

                            Total steps: 393216 
                       Steps per second: 9177 
                        Collection time: 0.203s 
                          Learning time: 0.020s 
                        Mean value loss: 0.0042
                    Mean surrogate loss: -0.0032
                      Mean entropy loss: -0.5547
                            Mean reward: 25.30
                    Mean episode length: 1000.00
                        Mean action std: 0.14
--------------------------------------------------------------------------------
                         Iteration time: 0.22s
                           Time elapsed: 00:00:45
                                    ETA: 00:01:13

################################################################################
[1m                           Learning iteration 192/500                           [0m 

                            Total steps: 395264 
                       Steps per second: 9024 
                        Collection time: 0.206s 
                          Learning time: 0.021s 
                        Mean value loss: 0.0035
                    Mean surrogate loss: -0.0003
                      Mean entropy loss: -0.5650
                            Mean reward: 25.30
                    Mean episode length: 1000.00
                        Mean action std: 0.14
--------------------------------------------------------------------------------
                         Iteration time: 0.23s
                           Time elapsed: 00:00:46
                                    ETA: 00:01:13

################################################################################
[1m                           Learning iteration 193/500                           [0m 

                            Total steps: 397312 
                       Steps per second: 9123 
                        Collection time: 0.203s 
                          Learning time: 0.022s 
                        Mean value loss: 0.0045
                    Mean surrogate loss: -0.0024
                      Mean entropy loss: -0.5673
                            Mean reward: 25.30
                    Mean episode length: 1000.00
                        Mean action std: 0.14
--------------------------------------------------------------------------------
                         Iteration time: 0.22s
                           Time elapsed: 00:00:46
                                    ETA: 00:01:13

################################################################################
[1m                           Learning iteration 194/500                           [0m 

                            Total steps: 399360 
                       Steps per second: 9061 
                        Collection time: 0.205s 
                          Learning time: 0.021s 
                        Mean value loss: 0.0035
                    Mean surrogate loss: 0.0021
                      Mean entropy loss: -0.5815
                            Mean reward: 25.30
                    Mean episode length: 1000.00
                        Mean action std: 0.13
--------------------------------------------------------------------------------
                         Iteration time: 0.23s
                           Time elapsed: 00:00:46
                                    ETA: 00:01:12

################################################################################
[1m                           Learning iteration 195/500                           [0m 

                            Total steps: 401408 
                       Steps per second: 8820 
                        Collection time: 0.205s 
                          Learning time: 0.028s 
                        Mean value loss: 0.0037
                    Mean surrogate loss: -0.0014
                      Mean entropy loss: -0.5976
                            Mean reward: 25.30
                    Mean episode length: 1000.00
                        Mean action std: 0.13
--------------------------------------------------------------------------------
                         Iteration time: 0.23s
                           Time elapsed: 00:00:46
                                    ETA: 00:01:12

################################################################################
[1m                           Learning iteration 196/500                           [0m 

                            Total steps: 403456 
                       Steps per second: 9057 
                        Collection time: 0.206s 
                          Learning time: 0.021s 
                        Mean value loss: 0.0029
                    Mean surrogate loss: -0.0007
                      Mean entropy loss: -0.6281
                            Mean reward: 25.30
                    Mean episode length: 1000.00
                        Mean action std: 0.13
--------------------------------------------------------------------------------
                         Iteration time: 0.23s
                           Time elapsed: 00:00:46
                                    ETA: 00:01:12

################################################################################
[1m                           Learning iteration 197/500                           [0m 

                            Total steps: 405504 
                       Steps per second: 8991 
                        Collection time: 0.207s 
                          Learning time: 0.021s 
                        Mean value loss: 0.0031
                    Mean surrogate loss: -0.0005
                      Mean entropy loss: -0.6393
                            Mean reward: 25.30
                    Mean episode length: 1000.00
                        Mean action std: 0.13
--------------------------------------------------------------------------------
                         Iteration time: 0.23s
                           Time elapsed: 00:00:47
                                    ETA: 00:01:11

################################################################################
[1m                           Learning iteration 198/500                           [0m 

                            Total steps: 407552 
                       Steps per second: 9087 
                        Collection time: 0.204s 
                          Learning time: 0.021s 
                        Mean value loss: 0.0030
                    Mean surrogate loss: -0.0020
                      Mean entropy loss: -0.6322
                            Mean reward: 25.30
                    Mean episode length: 1000.00
                        Mean action std: 0.13
--------------------------------------------------------------------------------
                         Iteration time: 0.23s
                           Time elapsed: 00:00:47
                                    ETA: 00:01:11

################################################################################
[1m                           Learning iteration 199/500                           [0m 

                            Total steps: 409600 
                       Steps per second: 9006 
                        Collection time: 0.207s 
                          Learning time: 0.021s 
                        Mean value loss: 0.0031
                    Mean surrogate loss: -0.0009
                      Mean entropy loss: -0.6195
                            Mean reward: 25.30
                    Mean episode length: 1000.00
                        Mean action std: 0.13
--------------------------------------------------------------------------------
                         Iteration time: 0.23s
                           Time elapsed: 00:00:47
                                    ETA: 00:01:11

################################################################################
[1m                           Learning iteration 200/500                           [0m 

                            Total steps: 411648 
                       Steps per second: 9135 
                        Collection time: 0.203s 
                          Learning time: 0.022s 
                        Mean value loss: 0.0026
                    Mean surrogate loss: -0.0011
                      Mean entropy loss: -0.6275
                            Mean reward: 25.30
                    Mean episode length: 1000.00
                        Mean action std: 0.13
--------------------------------------------------------------------------------
                         Iteration time: 0.22s
                           Time elapsed: 00:00:47
                                    ETA: 00:01:11

################################################################################
[1m                           Learning iteration 201/500                           [0m 

                            Total steps: 413696 
                       Steps per second: 9012 
                        Collection time: 0.206s 
                          Learning time: 0.022s 
                        Mean value loss: 0.0025
                    Mean surrogate loss: -0.0031
                      Mean entropy loss: -0.6509
                            Mean reward: 25.30
                    Mean episode length: 1000.00
                        Mean action std: 0.12
--------------------------------------------------------------------------------
                         Iteration time: 0.23s
                           Time elapsed: 00:00:48
                                    ETA: 00:01:10

################################################################################
[1m                           Learning iteration 202/500                           [0m 

                            Total steps: 415744 
                       Steps per second: 9076 
                        Collection time: 0.204s 
                          Learning time: 0.021s 
                        Mean value loss: 0.0031
                    Mean surrogate loss: -0.0014
                      Mean entropy loss: -0.6743
                            Mean reward: 25.30
                    Mean episode length: 1000.00
                        Mean action std: 0.12
--------------------------------------------------------------------------------
                         Iteration time: 0.23s
                           Time elapsed: 00:00:48
                                    ETA: 00:01:10

################################################################################
[1m                           Learning iteration 203/500                           [0m 

                            Total steps: 417792 
                       Steps per second: 9131 
                        Collection time: 0.204s 
                          Learning time: 0.021s 
                        Mean value loss: 0.0027
                    Mean surrogate loss: -0.0026
                      Mean entropy loss: -0.6941
                            Mean reward: 25.30
                    Mean episode length: 1000.00
                        Mean action std: 0.12
--------------------------------------------------------------------------------
                         Iteration time: 0.22s
                           Time elapsed: 00:00:48
                                    ETA: 00:01:10

################################################################################
[1m                           Learning iteration 204/500                           [0m 

                            Total steps: 419840 
                       Steps per second: 9147 
                        Collection time: 0.204s 
                          Learning time: 0.020s 
                        Mean value loss: 0.0023
                    Mean surrogate loss: -0.0001
                      Mean entropy loss: -0.7268
                            Mean reward: 25.30
                    Mean episode length: 1000.00
                        Mean action std: 0.12
--------------------------------------------------------------------------------
                         Iteration time: 0.22s
                           Time elapsed: 00:00:48
                                    ETA: 00:01:10

################################################################################
[1m                           Learning iteration 205/500                           [0m 

                            Total steps: 421888 
                       Steps per second: 9078 
                        Collection time: 0.203s 
                          Learning time: 0.022s 
                        Mean value loss: 0.0027
                    Mean surrogate loss: -0.0003
                      Mean entropy loss: -0.7355
                            Mean reward: 25.30
                    Mean episode length: 1000.00
                        Mean action std: 0.12
--------------------------------------------------------------------------------
                         Iteration time: 0.23s
                           Time elapsed: 00:00:49
                                    ETA: 00:01:09

################################################################################
[1m                           Learning iteration 206/500                           [0m 

                            Total steps: 423936 
                       Steps per second: 9062 
                        Collection time: 0.205s 
                          Learning time: 0.021s 
                        Mean value loss: 0.0029
                    Mean surrogate loss: -0.0012
                      Mean entropy loss: -0.7453
                            Mean reward: 25.30
                    Mean episode length: 1000.00
                        Mean action std: 0.11
--------------------------------------------------------------------------------
                         Iteration time: 0.23s
                           Time elapsed: 00:00:49
                                    ETA: 00:01:09

################################################################################
[1m                           Learning iteration 207/500                           [0m 

                            Total steps: 425984 
                       Steps per second: 9108 
                        Collection time: 0.204s 
                          Learning time: 0.021s 
                        Mean value loss: 0.0026
                    Mean surrogate loss: -0.0018
                      Mean entropy loss: -0.7459
                            Mean reward: 25.30
                    Mean episode length: 1000.00
                        Mean action std: 0.11
--------------------------------------------------------------------------------
                         Iteration time: 0.22s
                           Time elapsed: 00:00:49
                                    ETA: 00:01:09

################################################################################
[1m                           Learning iteration 208/500                           [0m 

                            Total steps: 428032 
                       Steps per second: 9135 
                        Collection time: 0.203s 
                          Learning time: 0.022s 
                        Mean value loss: 0.0026
                    Mean surrogate loss: 0.0006
                      Mean entropy loss: -0.7470
                            Mean reward: 25.30
                    Mean episode length: 1000.00
                        Mean action std: 0.12
--------------------------------------------------------------------------------
                         Iteration time: 0.22s
                           Time elapsed: 00:00:49
                                    ETA: 00:01:09

################################################################################
[1m                           Learning iteration 209/500                           [0m 

                            Total steps: 430080 
                       Steps per second: 9081 
                        Collection time: 0.205s 
                          Learning time: 0.021s 
                        Mean value loss: 0.0028
                    Mean surrogate loss: -0.0007
                      Mean entropy loss: -0.7445
                            Mean reward: 25.30
                    Mean episode length: 1000.00
                        Mean action std: 0.11
--------------------------------------------------------------------------------
                         Iteration time: 0.23s
                           Time elapsed: 00:00:49
                                    ETA: 00:01:08

################################################################################
[1m                           Learning iteration 210/500                           [0m 

                            Total steps: 432128 
                       Steps per second: 9022 
                        Collection time: 0.206s 
                          Learning time: 0.021s 
                        Mean value loss: 0.0029
                    Mean surrogate loss: 0.0034
                      Mean entropy loss: -0.7557
                            Mean reward: 25.30
                    Mean episode length: 1000.00
                        Mean action std: 0.11
--------------------------------------------------------------------------------
                         Iteration time: 0.23s
                           Time elapsed: 00:00:50
                                    ETA: 00:01:08

################################################################################
[1m                           Learning iteration 211/500                           [0m 

                            Total steps: 434176 
                       Steps per second: 9166 
                        Collection time: 0.203s 
                          Learning time: 0.021s 
                        Mean value loss: 0.0032
                    Mean surrogate loss: -0.0028
                      Mean entropy loss: -0.7642
                            Mean reward: 25.30
                    Mean episode length: 1000.00
                        Mean action std: 0.11
--------------------------------------------------------------------------------
                         Iteration time: 0.22s
                           Time elapsed: 00:00:50
                                    ETA: 00:01:08

################################################################################
[1m                           Learning iteration 212/500                           [0m 

                            Total steps: 436224 
                       Steps per second: 9084 
                        Collection time: 0.205s 
                          Learning time: 0.021s 
                        Mean value loss: 0.0033
                    Mean surrogate loss: -0.0014
                      Mean entropy loss: -0.7679
                            Mean reward: 25.30
                    Mean episode length: 1000.00
                        Mean action std: 0.11
--------------------------------------------------------------------------------
                         Iteration time: 0.23s
                           Time elapsed: 00:00:50
                                    ETA: 00:01:08

################################################################################
[1m                           Learning iteration 213/500                           [0m 

                            Total steps: 438272 
                       Steps per second: 9099 
                        Collection time: 0.204s 
                          Learning time: 0.022s 
                        Mean value loss: 0.0034
                    Mean surrogate loss: -0.0002
                      Mean entropy loss: -0.7880
                            Mean reward: 25.30
                    Mean episode length: 1000.00
                        Mean action std: 0.11
--------------------------------------------------------------------------------
                         Iteration time: 0.23s
                           Time elapsed: 00:00:50
                                    ETA: 00:01:07

################################################################################
[1m                           Learning iteration 214/500                           [0m 

                            Total steps: 440320 
                       Steps per second: 9082 
                        Collection time: 0.203s 
                          Learning time: 0.022s 
                        Mean value loss: 0.0032
                    Mean surrogate loss: -0.0021
                      Mean entropy loss: -0.8034
                            Mean reward: 25.30
                    Mean episode length: 1000.00
                        Mean action std: 0.11
--------------------------------------------------------------------------------
                         Iteration time: 0.23s
                           Time elapsed: 00:00:51
                                    ETA: 00:01:07

################################################################################
[1m                           Learning iteration 215/500                           [0m 

                            Total steps: 442368 
                       Steps per second: 9192 
                        Collection time: 0.202s 
                          Learning time: 0.021s 
                        Mean value loss: 0.0041
                    Mean surrogate loss: 0.0037
                      Mean entropy loss: -0.8186
                            Mean reward: 25.30
                    Mean episode length: 1000.00
                        Mean action std: 0.11
--------------------------------------------------------------------------------
                         Iteration time: 0.22s
                           Time elapsed: 00:00:51
                                    ETA: 00:01:07

################################################################################
[1m                           Learning iteration 216/500                           [0m 

                            Total steps: 444416 
                       Steps per second: 9172 
                        Collection time: 0.202s 
                          Learning time: 0.022s 
                        Mean value loss: 0.0032
                    Mean surrogate loss: -0.0009
                      Mean entropy loss: -0.8213
                            Mean reward: 25.30
                    Mean episode length: 1000.00
                        Mean action std: 0.11
--------------------------------------------------------------------------------
                         Iteration time: 0.22s
                           Time elapsed: 00:00:51
                                    ETA: 00:01:07

################################################################################
[1m                           Learning iteration 217/500                           [0m 

                            Total steps: 446464 
                       Steps per second: 9141 
                        Collection time: 0.203s 
                          Learning time: 0.021s 
                        Mean value loss: 0.0037
                    Mean surrogate loss: -0.0025
                      Mean entropy loss: -0.8211
                            Mean reward: 25.30
                    Mean episode length: 1000.00
                        Mean action std: 0.11
--------------------------------------------------------------------------------
                         Iteration time: 0.22s
                           Time elapsed: 00:00:51
                                    ETA: 00:01:06

################################################################################
[1m                           Learning iteration 218/500                           [0m 

                            Total steps: 448512 
                       Steps per second: 9230 
                        Collection time: 0.201s 
                          Learning time: 0.021s 
                        Mean value loss: 0.0032
                    Mean surrogate loss: -0.0003
                      Mean entropy loss: -0.8250
                            Mean reward: 25.30
                    Mean episode length: 1000.00
                        Mean action std: 0.11
--------------------------------------------------------------------------------
                         Iteration time: 0.22s
                           Time elapsed: 00:00:51
                                    ETA: 00:01:06

################################################################################
[1m                           Learning iteration 219/500                           [0m 

                            Total steps: 450560 
                       Steps per second: 9026 
                        Collection time: 0.205s 
                          Learning time: 0.021s 
                        Mean value loss: 0.0041
                    Mean surrogate loss: 0.0007
                      Mean entropy loss: -0.8171
                            Mean reward: 25.30
                    Mean episode length: 1000.00
                        Mean action std: 0.11
--------------------------------------------------------------------------------
                         Iteration time: 0.23s
                           Time elapsed: 00:00:52
                                    ETA: 00:01:06

################################################################################
[1m                           Learning iteration 220/500                           [0m 

                            Total steps: 452608 
                       Steps per second: 9168 
                        Collection time: 0.203s 
                          Learning time: 0.020s 
                        Mean value loss: 0.0032
                    Mean surrogate loss: -0.0004
                      Mean entropy loss: -0.8028
                            Mean reward: 25.30
                    Mean episode length: 1000.00
                        Mean action std: 0.11
--------------------------------------------------------------------------------
                         Iteration time: 0.22s
                           Time elapsed: 00:00:52
                                    ETA: 00:01:06

################################################################################
[1m                           Learning iteration 221/500                           [0m 

                            Total steps: 454656 
                       Steps per second: 9075 
                        Collection time: 0.204s 
                          Learning time: 0.022s 
                        Mean value loss: 0.0033
                    Mean surrogate loss: -0.0008
                      Mean entropy loss: -0.7970
                            Mean reward: 25.30
                    Mean episode length: 1000.00
                        Mean action std: 0.11
--------------------------------------------------------------------------------
                         Iteration time: 0.23s
                           Time elapsed: 00:00:52
                                    ETA: 00:01:05

################################################################################
[1m                           Learning iteration 222/500                           [0m 

                            Total steps: 456704 
                       Steps per second: 9214 
                        Collection time: 0.201s 
                          Learning time: 0.021s 
                        Mean value loss: 0.0031
                    Mean surrogate loss: -0.0015
                      Mean entropy loss: -0.7989
                            Mean reward: 25.30
                    Mean episode length: 1000.00
                        Mean action std: 0.11
--------------------------------------------------------------------------------
                         Iteration time: 0.22s
                           Time elapsed: 00:00:52
                                    ETA: 00:01:05

################################################################################
[1m                           Learning iteration 223/500                           [0m 

                            Total steps: 458752 
                       Steps per second: 9040 
                        Collection time: 0.205s 
                          Learning time: 0.021s 
                        Mean value loss: 0.0028
                    Mean surrogate loss: -0.0009
                      Mean entropy loss: -0.8001
                            Mean reward: 25.30
                    Mean episode length: 1000.00
                        Mean action std: 0.11
--------------------------------------------------------------------------------
                         Iteration time: 0.23s
                           Time elapsed: 00:00:53
                                    ETA: 00:01:05

################################################################################
[1m                           Learning iteration 224/500                           [0m 

                            Total steps: 460800 
                       Steps per second: 9209 
                        Collection time: 0.202s 
                          Learning time: 0.021s 
                        Mean value loss: 0.0037
                    Mean surrogate loss: -0.0002
                      Mean entropy loss: -0.7941
                            Mean reward: 25.30
                    Mean episode length: 1000.00
                        Mean action std: 0.11
--------------------------------------------------------------------------------
                         Iteration time: 0.22s
                           Time elapsed: 00:00:53
                                    ETA: 00:01:05

################################################################################
[1m                           Learning iteration 225/500                           [0m 

                            Total steps: 462848 
                       Steps per second: 9128 
                        Collection time: 0.203s 
                          Learning time: 0.022s 
                        Mean value loss: 0.0027
                    Mean surrogate loss: -0.0006
                      Mean entropy loss: -0.7787
                            Mean reward: 25.30
                    Mean episode length: 1000.00
                        Mean action std: 0.11
--------------------------------------------------------------------------------
                         Iteration time: 0.22s
                           Time elapsed: 00:00:53
                                    ETA: 00:01:04

################################################################################
[1m                           Learning iteration 226/500                           [0m 

                            Total steps: 464896 
                       Steps per second: 9093 
                        Collection time: 0.205s 
                          Learning time: 0.021s 
                        Mean value loss: 0.0025
                    Mean surrogate loss: -0.0022
                      Mean entropy loss: -0.7794
                            Mean reward: 25.30
                    Mean episode length: 1000.00
                        Mean action std: 0.11
--------------------------------------------------------------------------------
                         Iteration time: 0.23s
                           Time elapsed: 00:00:53
                                    ETA: 00:01:04

################################################################################
[1m                           Learning iteration 227/500                           [0m 

                            Total steps: 466944 
                       Steps per second: 9167 
                        Collection time: 0.203s 
                          Learning time: 0.021s 
                        Mean value loss: 0.0023
                    Mean surrogate loss: -0.0016
                      Mean entropy loss: -0.7941
                            Mean reward: 25.30
                    Mean episode length: 1000.00
                        Mean action std: 0.11
--------------------------------------------------------------------------------
                         Iteration time: 0.22s
                           Time elapsed: 00:00:53
                                    ETA: 00:01:04

################################################################################
[1m                           Learning iteration 228/500                           [0m 

                            Total steps: 468992 
                       Steps per second: 9068 
                        Collection time: 0.205s 
                          Learning time: 0.021s 
                        Mean value loss: 0.0027
                    Mean surrogate loss: -0.0025
                      Mean entropy loss: -0.8094
                            Mean reward: 25.30
                    Mean episode length: 1000.00
                        Mean action std: 0.11
--------------------------------------------------------------------------------
                         Iteration time: 0.23s
                           Time elapsed: 00:00:54
                                    ETA: 00:01:04

################################################################################
[1m                           Learning iteration 229/500                           [0m 

                            Total steps: 471040 
                       Steps per second: 9129 
                        Collection time: 0.204s 
                          Learning time: 0.021s 
                        Mean value loss: 0.0029
                    Mean surrogate loss: -0.0008
                      Mean entropy loss: -0.8126
                            Mean reward: 25.30
                    Mean episode length: 1000.00
                        Mean action std: 0.11
--------------------------------------------------------------------------------
                         Iteration time: 0.22s
                           Time elapsed: 00:00:54
                                    ETA: 00:01:03

################################################################################
[1m                           Learning iteration 230/500                           [0m 

                            Total steps: 473088 
                       Steps per second: 9116 
                        Collection time: 0.204s 
                          Learning time: 0.021s 
                        Mean value loss: 0.0024
                    Mean surrogate loss: -0.0023
                      Mean entropy loss: -0.8217
                            Mean reward: 25.30
                    Mean episode length: 1000.00
                        Mean action std: 0.11
--------------------------------------------------------------------------------
                         Iteration time: 0.22s
                           Time elapsed: 00:00:54
                                    ETA: 00:01:03

################################################################################
[1m                           Learning iteration 231/500                           [0m 

                            Total steps: 475136 
                       Steps per second: 9128 
                        Collection time: 0.203s 
                          Learning time: 0.021s 
                        Mean value loss: 0.0028
                    Mean surrogate loss: -0.0030
                      Mean entropy loss: -0.8212
                            Mean reward: 25.30
                    Mean episode length: 1000.00
                        Mean action std: 0.11
--------------------------------------------------------------------------------
                         Iteration time: 0.22s
                           Time elapsed: 00:00:54
                                    ETA: 00:01:03

################################################################################
[1m                           Learning iteration 232/500                           [0m 

                            Total steps: 477184 
                       Steps per second: 9130 
                        Collection time: 0.203s 
                          Learning time: 0.021s 
                        Mean value loss: 0.0027
                    Mean surrogate loss: -0.0004
                      Mean entropy loss: -0.8237
                            Mean reward: 25.30
                    Mean episode length: 1000.00
                        Mean action std: 0.11
--------------------------------------------------------------------------------
                         Iteration time: 0.22s
                           Time elapsed: 00:00:55
                                    ETA: 00:01:03

################################################################################
[1m                           Learning iteration 233/500                           [0m 

                            Total steps: 479232 
                       Steps per second: 9177 
                        Collection time: 0.202s 
                          Learning time: 0.022s 
                        Mean value loss: 0.0020
                    Mean surrogate loss: -0.0024
                      Mean entropy loss: -0.8439
                            Mean reward: 25.30
                    Mean episode length: 1000.00
                        Mean action std: 0.10
--------------------------------------------------------------------------------
                         Iteration time: 0.22s
                           Time elapsed: 00:00:55
                                    ETA: 00:01:02

################################################################################
[1m                           Learning iteration 234/500                           [0m 

                            Total steps: 481280 
                       Steps per second: 9092 
                        Collection time: 0.203s 
                          Learning time: 0.022s 
                        Mean value loss: 0.0026
                    Mean surrogate loss: -0.0014
                      Mean entropy loss: -0.8706
                            Mean reward: 25.30
                    Mean episode length: 1000.00
                        Mean action std: 0.10
--------------------------------------------------------------------------------
                         Iteration time: 0.23s
                           Time elapsed: 00:00:55
                                    ETA: 00:01:02

################################################################################
[1m                           Learning iteration 235/500                           [0m 

                            Total steps: 483328 
                       Steps per second: 9154 
                        Collection time: 0.203s 
                          Learning time: 0.021s 
                        Mean value loss: 0.0027
                    Mean surrogate loss: -0.0004
                      Mean entropy loss: -0.8809
                            Mean reward: 25.30
                    Mean episode length: 1000.00
                        Mean action std: 0.10
--------------------------------------------------------------------------------
                         Iteration time: 0.22s
                           Time elapsed: 00:00:55
                                    ETA: 00:01:02

################################################################################
[1m                           Learning iteration 236/500                           [0m 

                            Total steps: 485376 
                       Steps per second: 9186 
                        Collection time: 0.202s 
                          Learning time: 0.021s 
                        Mean value loss: 0.0023
                    Mean surrogate loss: -0.0008
                      Mean entropy loss: -0.8664
                            Mean reward: 25.30
                    Mean episode length: 1000.00
                        Mean action std: 0.10
--------------------------------------------------------------------------------
                         Iteration time: 0.22s
                           Time elapsed: 00:00:55
                                    ETA: 00:01:02

################################################################################
[1m                           Learning iteration 237/500                           [0m 

                            Total steps: 487424 
                       Steps per second: 9145 
                        Collection time: 0.203s 
                          Learning time: 0.021s 
                        Mean value loss: 0.0024
                    Mean surrogate loss: -0.0022
                      Mean entropy loss: -0.8752
                            Mean reward: 25.30
                    Mean episode length: 1000.00
                        Mean action std: 0.10
--------------------------------------------------------------------------------
                         Iteration time: 0.22s
                           Time elapsed: 00:00:56
                                    ETA: 00:01:01

################################################################################
[1m                           Learning iteration 238/500                           [0m 

                            Total steps: 489472 
                       Steps per second: 9176 
                        Collection time: 0.203s 
                          Learning time: 0.021s 
                        Mean value loss: 0.0024
                    Mean surrogate loss: -0.0008
                      Mean entropy loss: -0.8973
                            Mean reward: 25.30
                    Mean episode length: 1000.00
                        Mean action std: 0.10
--------------------------------------------------------------------------------
                         Iteration time: 0.22s
                           Time elapsed: 00:00:56
                                    ETA: 00:01:01

################################################################################
[1m                           Learning iteration 239/500                           [0m 

                            Total steps: 491520 
                       Steps per second: 9191 
                        Collection time: 0.202s 
                          Learning time: 0.021s 
                        Mean value loss: 0.0031
                    Mean surrogate loss: -0.0008
                      Mean entropy loss: -0.8900
                            Mean reward: 25.30
                    Mean episode length: 1000.00
                        Mean action std: 0.10
--------------------------------------------------------------------------------
                         Iteration time: 0.22s
                           Time elapsed: 00:00:56
                                    ETA: 00:01:01

################################################################################
[1m                           Learning iteration 240/500                           [0m 

                            Total steps: 493568 
                       Steps per second: 9275 
                        Collection time: 0.200s 
                          Learning time: 0.021s 
                        Mean value loss: 0.0028
                    Mean surrogate loss: -0.0013
                      Mean entropy loss: -0.8919
                            Mean reward: 25.30
                    Mean episode length: 1000.00
                        Mean action std: 0.10
--------------------------------------------------------------------------------
                         Iteration time: 0.22s
                           Time elapsed: 00:00:56
                                    ETA: 00:01:01

################################################################################
[1m                           Learning iteration 241/500                           [0m 

                            Total steps: 495616 
                       Steps per second: 9086 
                        Collection time: 0.204s 
                          Learning time: 0.021s 
                        Mean value loss: 0.0024
                    Mean surrogate loss: 0.0005
                      Mean entropy loss: -0.8976
                            Mean reward: 25.30
                    Mean episode length: 1000.00
                        Mean action std: 0.10
--------------------------------------------------------------------------------
                         Iteration time: 0.23s
                           Time elapsed: 00:00:57
                                    ETA: 00:01:00

################################################################################
[1m                           Learning iteration 242/500                           [0m 

                            Total steps: 497664 
                       Steps per second: 9225 
                        Collection time: 0.201s 
                          Learning time: 0.021s 
                        Mean value loss: 0.0031
                    Mean surrogate loss: -0.0021
                      Mean entropy loss: -0.8969
                            Mean reward: 25.30
                    Mean episode length: 1000.00
                        Mean action std: 0.10
--------------------------------------------------------------------------------
                         Iteration time: 0.22s
                           Time elapsed: 00:00:57
                                    ETA: 00:01:00

################################################################################
[1m                           Learning iteration 243/500                           [0m 

                            Total steps: 499712 
                       Steps per second: 9187 
                        Collection time: 0.201s 
                          Learning time: 0.021s 
                        Mean value loss: 0.0026
                    Mean surrogate loss: -0.0007
                      Mean entropy loss: -0.9163
                            Mean reward: 25.30
                    Mean episode length: 1000.00
                        Mean action std: 0.10
--------------------------------------------------------------------------------
                         Iteration time: 0.22s
                           Time elapsed: 00:00:57
                                    ETA: 00:01:00

################################################################################
[1m                           Learning iteration 244/500                           [0m 

                            Total steps: 501760 
                       Steps per second: 9223 
                        Collection time: 0.201s 
                          Learning time: 0.021s 
                        Mean value loss: 0.0029
                    Mean surrogate loss: -0.0001
                      Mean entropy loss: -0.9358
                            Mean reward: 25.30
                    Mean episode length: 1000.00
                        Mean action std: 0.10
--------------------------------------------------------------------------------
                         Iteration time: 0.22s
                           Time elapsed: 00:00:57
                                    ETA: 00:01:00

################################################################################
[1m                           Learning iteration 245/500                           [0m 

                            Total steps: 503808 
                       Steps per second: 9216 
                        Collection time: 0.200s 
                          Learning time: 0.022s 
                        Mean value loss: 0.0020
                    Mean surrogate loss: 0.0028
                      Mean entropy loss: -0.9236
                            Mean reward: 25.30
                    Mean episode length: 1000.00
                        Mean action std: 0.10
--------------------------------------------------------------------------------
                         Iteration time: 0.22s
                           Time elapsed: 00:00:57
                                    ETA: 00:00:59

################################################################################
[1m                           Learning iteration 246/500                           [0m 

                            Total steps: 505856 
                       Steps per second: 9131 
                        Collection time: 0.203s 
                          Learning time: 0.021s 
                        Mean value loss: 0.0023
                    Mean surrogate loss: -0.0012
                      Mean entropy loss: -0.9201
                            Mean reward: 25.30
                    Mean episode length: 1000.00
                        Mean action std: 0.10
--------------------------------------------------------------------------------
                         Iteration time: 0.22s
                           Time elapsed: 00:00:58
                                    ETA: 00:00:59

################################################################################
[1m                           Learning iteration 247/500                           [0m 

                            Total steps: 507904 
                       Steps per second: 9191 
                        Collection time: 0.202s 
                          Learning time: 0.021s 
                        Mean value loss: 0.0024
                    Mean surrogate loss: -0.0019
                      Mean entropy loss: -0.9514
                            Mean reward: 25.30
                    Mean episode length: 1000.00
                        Mean action std: 0.09
--------------------------------------------------------------------------------
                         Iteration time: 0.22s
                           Time elapsed: 00:00:58
                                    ETA: 00:00:59

################################################################################
[1m                           Learning iteration 248/500                           [0m 

                            Total steps: 509952 
                       Steps per second: 9110 
                        Collection time: 0.204s 
                          Learning time: 0.021s 
                        Mean value loss: 0.0030
                    Mean surrogate loss: 0.0001
                      Mean entropy loss: -0.9663
                            Mean reward: 25.30
                    Mean episode length: 1000.00
                        Mean action std: 0.09
--------------------------------------------------------------------------------
                         Iteration time: 0.22s
                           Time elapsed: 00:00:58
                                    ETA: 00:00:59

################################################################################
[1m                           Learning iteration 249/500                           [0m 

                            Total steps: 512000 
                       Steps per second: 8908 
                        Collection time: 0.208s 
                          Learning time: 0.021s 
                        Mean value loss: 0.0031
                    Mean surrogate loss: -0.0005
                      Mean entropy loss: -0.9773
                            Mean reward: 28.87
                    Mean episode length: 1000.00
                        Mean action std: 0.09
--------------------------------------------------------------------------------
                         Iteration time: 0.23s
                           Time elapsed: 00:00:58
                                    ETA: 00:00:58

################################################################################
[1m                           Learning iteration 250/500                           [0m 

                            Total steps: 514048 
                       Steps per second: 9150 
                        Collection time: 0.203s 
                          Learning time: 0.020s 
                        Mean value loss: 0.0064
                    Mean surrogate loss: -0.0006
                      Mean entropy loss: -0.9855
                            Mean reward: 28.87
                    Mean episode length: 1000.00
                        Mean action std: 0.09
--------------------------------------------------------------------------------
                         Iteration time: 0.22s
                           Time elapsed: 00:00:59
                                    ETA: 00:00:58

################################################################################
[1m                           Learning iteration 251/500                           [0m 

                            Total steps: 516096 
                       Steps per second: 9200 
                        Collection time: 0.201s 
                          Learning time: 0.022s 
                        Mean value loss: 0.0036
                    Mean surrogate loss: 0.0003
                      Mean entropy loss: -0.9781
                            Mean reward: 28.87
                    Mean episode length: 1000.00
                        Mean action std: 0.09
--------------------------------------------------------------------------------
                         Iteration time: 0.22s
                           Time elapsed: 00:00:59
                                    ETA: 00:00:58

################################################################################
[1m                           Learning iteration 252/500                           [0m 

                            Total steps: 518144 
                       Steps per second: 9183 
                        Collection time: 0.202s 
                          Learning time: 0.021s 
                        Mean value loss: 0.0010
                    Mean surrogate loss: -0.0019
                      Mean entropy loss: -0.9986
                            Mean reward: 28.87
                    Mean episode length: 1000.00
                        Mean action std: 0.09
--------------------------------------------------------------------------------
                         Iteration time: 0.22s
                           Time elapsed: 00:00:59
                                    ETA: 00:00:58

################################################################################
[1m                           Learning iteration 253/500                           [0m 

                            Total steps: 520192 
                       Steps per second: 9230 
                        Collection time: 0.201s 
                          Learning time: 0.021s 
                        Mean value loss: 0.0037
                    Mean surrogate loss: -0.0021
                      Mean entropy loss: -1.0201
                            Mean reward: 28.87
                    Mean episode length: 1000.00
                        Mean action std: 0.09
--------------------------------------------------------------------------------
                         Iteration time: 0.22s
                           Time elapsed: 00:00:59
                                    ETA: 00:00:57

################################################################################
[1m                           Learning iteration 254/500                           [0m 

                            Total steps: 522240 
                       Steps per second: 9166 
                        Collection time: 0.201s 
                          Learning time: 0.022s 
                        Mean value loss: 0.0012
                    Mean surrogate loss: -0.0016
                      Mean entropy loss: -1.0372
                            Mean reward: 28.87
                    Mean episode length: 1000.00
                        Mean action std: 0.09
--------------------------------------------------------------------------------
                         Iteration time: 0.22s
                           Time elapsed: 00:00:59
                                    ETA: 00:00:57

################################################################################
[1m                           Learning iteration 255/500                           [0m 

                            Total steps: 524288 
                       Steps per second: 9155 
                        Collection time: 0.203s 
                          Learning time: 0.021s 
                        Mean value loss: 0.0032
                    Mean surrogate loss: 0.0054
                      Mean entropy loss: -1.0424
                            Mean reward: 28.87
                    Mean episode length: 1000.00
                        Mean action std: 0.09
--------------------------------------------------------------------------------
                         Iteration time: 0.22s
                           Time elapsed: 00:01:00
                                    ETA: 00:00:57

################################################################################
[1m                           Learning iteration 256/500                           [0m 

                            Total steps: 526336 
                       Steps per second: 9270 
                        Collection time: 0.200s 
                          Learning time: 0.021s 
                        Mean value loss: 0.0022
                    Mean surrogate loss: 0.0023
                      Mean entropy loss: -1.0361
                            Mean reward: 28.87
                    Mean episode length: 1000.00
                        Mean action std: 0.09
--------------------------------------------------------------------------------
                         Iteration time: 0.22s
                           Time elapsed: 00:01:00
                                    ETA: 00:00:57

################################################################################
[1m                           Learning iteration 257/500                           [0m 

                            Total steps: 528384 
                       Steps per second: 9140 
                        Collection time: 0.204s 
                          Learning time: 0.021s 
                        Mean value loss: 0.0021
                    Mean surrogate loss: -0.0006
                      Mean entropy loss: -1.0305
                            Mean reward: 28.87
                    Mean episode length: 1000.00
                        Mean action std: 0.09
--------------------------------------------------------------------------------
                         Iteration time: 0.22s
                           Time elapsed: 00:01:00
                                    ETA: 00:00:56

################################################################################
[1m                           Learning iteration 258/500                           [0m 

                            Total steps: 530432 
                       Steps per second: 9248 
                        Collection time: 0.201s 
                          Learning time: 0.021s 
                        Mean value loss: 0.0030
                    Mean surrogate loss: -0.0022
                      Mean entropy loss: -1.0480
                            Mean reward: 28.87
                    Mean episode length: 1000.00
                        Mean action std: 0.08
--------------------------------------------------------------------------------
                         Iteration time: 0.22s
                           Time elapsed: 00:01:00
                                    ETA: 00:00:56

################################################################################
[1m                           Learning iteration 259/500                           [0m 

                            Total steps: 532480 
                       Steps per second: 9176 
                        Collection time: 0.202s 
                          Learning time: 0.022s 
                        Mean value loss: 0.0023
                    Mean surrogate loss: -0.0017
                      Mean entropy loss: -1.0623
                            Mean reward: 28.87
                    Mean episode length: 1000.00
                        Mean action std: 0.08
--------------------------------------------------------------------------------
                         Iteration time: 0.22s
                           Time elapsed: 00:01:01
                                    ETA: 00:00:56

################################################################################
[1m                           Learning iteration 260/500                           [0m 

                            Total steps: 534528 
                       Steps per second: 9188 
                        Collection time: 0.201s 
                          Learning time: 0.022s 
                        Mean value loss: 0.0030
                    Mean surrogate loss: 0.0038
                      Mean entropy loss: -1.0565
                            Mean reward: 28.87
                    Mean episode length: 1000.00
                        Mean action std: 0.08
--------------------------------------------------------------------------------
                         Iteration time: 0.22s
                           Time elapsed: 00:01:01
                                    ETA: 00:00:56

################################################################################
[1m                           Learning iteration 261/500                           [0m 

                            Total steps: 536576 
                       Steps per second: 9170 
                        Collection time: 0.203s 
                          Learning time: 0.021s 
                        Mean value loss: 0.0027
                    Mean surrogate loss: 0.0034
                      Mean entropy loss: -1.0468
                            Mean reward: 28.87
                    Mean episode length: 1000.00
                        Mean action std: 0.09
--------------------------------------------------------------------------------
                         Iteration time: 0.22s
                           Time elapsed: 00:01:01
                                    ETA: 00:00:55

################################################################################
[1m                           Learning iteration 262/500                           [0m 

                            Total steps: 538624 
                       Steps per second: 9266 
                        Collection time: 0.201s 
                          Learning time: 0.020s 
                        Mean value loss: 0.0020
                    Mean surrogate loss: -0.0013
                      Mean entropy loss: -1.0585
                            Mean reward: 28.87
                    Mean episode length: 1000.00
                        Mean action std: 0.08
--------------------------------------------------------------------------------
                         Iteration time: 0.22s
                           Time elapsed: 00:01:01
                                    ETA: 00:00:55

################################################################################
[1m                           Learning iteration 263/500                           [0m 

                            Total steps: 540672 
                       Steps per second: 9098 
                        Collection time: 0.202s 
                          Learning time: 0.023s 
                        Mean value loss: 0.0025
                    Mean surrogate loss: 0.0003
                      Mean entropy loss: -1.0986
                            Mean reward: 28.87
                    Mean episode length: 1000.00
                        Mean action std: 0.08
--------------------------------------------------------------------------------
                         Iteration time: 0.23s
                           Time elapsed: 00:01:01
                                    ETA: 00:00:55

################################################################################
[1m                           Learning iteration 264/500                           [0m 

                            Total steps: 542720 
                       Steps per second: 9246 
                        Collection time: 0.201s 
                          Learning time: 0.021s 
                        Mean value loss: 0.0023
                    Mean surrogate loss: 0.0001
                      Mean entropy loss: -1.1182
                            Mean reward: 28.87
                    Mean episode length: 1000.00
                        Mean action std: 0.08
--------------------------------------------------------------------------------
                         Iteration time: 0.22s
                           Time elapsed: 00:01:02
                                    ETA: 00:00:55

################################################################################
[1m                           Learning iteration 265/500                           [0m 

                            Total steps: 544768 
                       Steps per second: 9198 
                        Collection time: 0.201s 
                          Learning time: 0.021s 
                        Mean value loss: 0.0027
                    Mean surrogate loss: -0.0014
                      Mean entropy loss: -1.1221
                            Mean reward: 28.87
                    Mean episode length: 1000.00
                        Mean action std: 0.08
--------------------------------------------------------------------------------
                         Iteration time: 0.22s
                           Time elapsed: 00:01:02
                                    ETA: 00:00:54

################################################################################
[1m                           Learning iteration 266/500                           [0m 

                            Total steps: 546816 
                       Steps per second: 9169 
                        Collection time: 0.202s 
                          Learning time: 0.021s 
                        Mean value loss: 0.0021
                    Mean surrogate loss: -0.0016
                      Mean entropy loss: -1.1309
                            Mean reward: 28.87
                    Mean episode length: 1000.00
                        Mean action std: 0.08
--------------------------------------------------------------------------------
                         Iteration time: 0.22s
                           Time elapsed: 00:01:02
                                    ETA: 00:00:54

################################################################################
[1m                           Learning iteration 267/500                           [0m 

                            Total steps: 548864 
                       Steps per second: 9183 
                        Collection time: 0.202s 
                          Learning time: 0.021s 
                        Mean value loss: 0.0020
                    Mean surrogate loss: 0.0034
                      Mean entropy loss: -1.1444
                            Mean reward: 28.87
                    Mean episode length: 1000.00
                        Mean action std: 0.08
--------------------------------------------------------------------------------
                         Iteration time: 0.22s
                           Time elapsed: 00:01:02
                                    ETA: 00:00:54

################################################################################
[1m                           Learning iteration 268/500                           [0m 

                            Total steps: 550912 
                       Steps per second: 9205 
                        Collection time: 0.202s 
                          Learning time: 0.021s 
                        Mean value loss: 0.0023
                    Mean surrogate loss: -0.0002
                      Mean entropy loss: -1.1551
                            Mean reward: 28.87
                    Mean episode length: 1000.00
                        Mean action std: 0.08
--------------------------------------------------------------------------------
                         Iteration time: 0.22s
                           Time elapsed: 00:01:03
                                    ETA: 00:00:54

################################################################################
[1m                           Learning iteration 269/500                           [0m 

                            Total steps: 552960 
                       Steps per second: 9234 
                        Collection time: 0.201s 
                          Learning time: 0.021s 
                        Mean value loss: 0.0017
                    Mean surrogate loss: -0.0007
                      Mean entropy loss: -1.1823
                            Mean reward: 28.87
                    Mean episode length: 1000.00
                        Mean action std: 0.07
--------------------------------------------------------------------------------
                         Iteration time: 0.22s
                           Time elapsed: 00:01:03
                                    ETA: 00:00:53

################################################################################
[1m                           Learning iteration 270/500                           [0m 

                            Total steps: 555008 
                       Steps per second: 9151 
                        Collection time: 0.202s 
                          Learning time: 0.021s 
                        Mean value loss: 0.0026
                    Mean surrogate loss: -0.0021
                      Mean entropy loss: -1.1982
                            Mean reward: 28.87
                    Mean episode length: 1000.00
                        Mean action std: 0.07
--------------------------------------------------------------------------------
                         Iteration time: 0.22s
                           Time elapsed: 00:01:03
                                    ETA: 00:00:53

################################################################################
[1m                           Learning iteration 271/500                           [0m 

                            Total steps: 557056 
                       Steps per second: 9235 
                        Collection time: 0.201s 
                          Learning time: 0.021s 
                        Mean value loss: 0.0021
                    Mean surrogate loss: -0.0010
                      Mean entropy loss: -1.2187
                            Mean reward: 28.87
                    Mean episode length: 1000.00
                        Mean action std: 0.07
--------------------------------------------------------------------------------
                         Iteration time: 0.22s
                           Time elapsed: 00:01:03
                                    ETA: 00:00:53

################################################################################
[1m                           Learning iteration 272/500                           [0m 

                            Total steps: 559104 
                       Steps per second: 9179 
                        Collection time: 0.201s 
                          Learning time: 0.023s 
                        Mean value loss: 0.0021
                    Mean surrogate loss: -0.0010
                      Mean entropy loss: -1.2506
                            Mean reward: 28.87
                    Mean episode length: 1000.00
                        Mean action std: 0.07
--------------------------------------------------------------------------------
                         Iteration time: 0.22s
                           Time elapsed: 00:01:03
                                    ETA: 00:00:53

################################################################################
[1m                           Learning iteration 273/500                           [0m 

                            Total steps: 561152 
                       Steps per second: 9230 
                        Collection time: 0.201s 
                          Learning time: 0.021s 
                        Mean value loss: 0.0020
                    Mean surrogate loss: -0.0012
                      Mean entropy loss: -1.2647
                            Mean reward: 28.87
                    Mean episode length: 1000.00
                        Mean action std: 0.07
--------------------------------------------------------------------------------
                         Iteration time: 0.22s
                           Time elapsed: 00:01:04
                                    ETA: 00:00:52

################################################################################
[1m                           Learning iteration 274/500                           [0m 

                            Total steps: 563200 
                       Steps per second: 9229 
                        Collection time: 0.201s 
                          Learning time: 0.021s 
                        Mean value loss: 0.0019
                    Mean surrogate loss: 0.0001
                      Mean entropy loss: -1.2373
                            Mean reward: 28.87
                    Mean episode length: 1000.00
                        Mean action std: 0.07
--------------------------------------------------------------------------------
                         Iteration time: 0.22s
                           Time elapsed: 00:01:04
                                    ETA: 00:00:52

################################################################################
[1m                           Learning iteration 275/500                           [0m 

                            Total steps: 565248 
                       Steps per second: 9153 
                        Collection time: 0.203s 
                          Learning time: 0.021s 
                        Mean value loss: 0.0023
                    Mean surrogate loss: 0.0007
                      Mean entropy loss: -1.2212
                            Mean reward: 28.87
                    Mean episode length: 1000.00
                        Mean action std: 0.07
--------------------------------------------------------------------------------
                         Iteration time: 0.22s
                           Time elapsed: 00:01:04
                                    ETA: 00:00:52

################################################################################
[1m                           Learning iteration 276/500                           [0m 

                            Total steps: 567296 
                       Steps per second: 9277 
                        Collection time: 0.200s 
                          Learning time: 0.021s 
                        Mean value loss: 0.0023
                    Mean surrogate loss: -0.0002
                      Mean entropy loss: -1.2156
                            Mean reward: 28.87
                    Mean episode length: 1000.00
                        Mean action std: 0.07
--------------------------------------------------------------------------------
                         Iteration time: 0.22s
                           Time elapsed: 00:01:04
                                    ETA: 00:00:52

################################################################################
[1m                           Learning iteration 277/500                           [0m 

                            Total steps: 569344 
                       Steps per second: 9197 
                        Collection time: 0.201s 
                          Learning time: 0.021s 
                        Mean value loss: 0.0021
                    Mean surrogate loss: 0.0003
                      Mean entropy loss: -1.2119
                            Mean reward: 28.87
                    Mean episode length: 1000.00
                        Mean action std: 0.07
--------------------------------------------------------------------------------
                         Iteration time: 0.22s
                           Time elapsed: 00:01:05
                                    ETA: 00:00:51

################################################################################
[1m                           Learning iteration 278/500                           [0m 

                            Total steps: 571392 
                       Steps per second: 9289 
                        Collection time: 0.200s 
                          Learning time: 0.021s 
                        Mean value loss: 0.0026
                    Mean surrogate loss: 0.0010
                      Mean entropy loss: -1.2202
                            Mean reward: 28.87
                    Mean episode length: 1000.00
                        Mean action std: 0.07
--------------------------------------------------------------------------------
                         Iteration time: 0.22s
                           Time elapsed: 00:01:05
                                    ETA: 00:00:51

################################################################################
[1m                           Learning iteration 279/500                           [0m 

                            Total steps: 573440 
                       Steps per second: 9179 
                        Collection time: 0.202s 
                          Learning time: 0.022s 
                        Mean value loss: 0.0030
                    Mean surrogate loss: -0.0020
                      Mean entropy loss: -1.2287
                            Mean reward: 28.87
                    Mean episode length: 1000.00
                        Mean action std: 0.07
--------------------------------------------------------------------------------
                         Iteration time: 0.22s
                           Time elapsed: 00:01:05
                                    ETA: 00:00:51

################################################################################
[1m                           Learning iteration 280/500                           [0m 

                            Total steps: 575488 
                       Steps per second: 9241 
                        Collection time: 0.201s 
                          Learning time: 0.021s 
                        Mean value loss: 0.0023
                    Mean surrogate loss: 0.0002
                      Mean entropy loss: -1.2165
                            Mean reward: 28.87
                    Mean episode length: 1000.00
                        Mean action std: 0.07
--------------------------------------------------------------------------------
                         Iteration time: 0.22s
                           Time elapsed: 00:01:05
                                    ETA: 00:00:51

################################################################################
[1m                           Learning iteration 281/500                           [0m 

                            Total steps: 577536 
                       Steps per second: 9189 
                        Collection time: 0.200s 
                          Learning time: 0.022s 
                        Mean value loss: 0.0033
                    Mean surrogate loss: -0.0004
                      Mean entropy loss: -1.1911
                            Mean reward: 28.87
                    Mean episode length: 1000.00
                        Mean action std: 0.07
--------------------------------------------------------------------------------
                         Iteration time: 0.22s
                           Time elapsed: 00:01:05
                                    ETA: 00:00:51

################################################################################
[1m                           Learning iteration 282/500                           [0m 

                            Total steps: 579584 
                       Steps per second: 9183 
                        Collection time: 0.202s 
                          Learning time: 0.021s 
                        Mean value loss: 0.0028
                    Mean surrogate loss: 0.0036
                      Mean entropy loss: -1.1942
                            Mean reward: 28.87
                    Mean episode length: 1000.00
                        Mean action std: 0.07
--------------------------------------------------------------------------------
                         Iteration time: 0.22s
                           Time elapsed: 00:01:06
                                    ETA: 00:00:50

################################################################################
[1m                           Learning iteration 283/500                           [0m 

                            Total steps: 581632 
                       Steps per second: 9147 
                        Collection time: 0.202s 
                          Learning time: 0.021s 
                        Mean value loss: 0.0026
                    Mean surrogate loss: 0.0009
                      Mean entropy loss: -1.2063
                            Mean reward: 28.87
                    Mean episode length: 1000.00
                        Mean action std: 0.07
--------------------------------------------------------------------------------
                         Iteration time: 0.22s
                           Time elapsed: 00:01:06
                                    ETA: 00:00:50

################################################################################
[1m                           Learning iteration 284/500                           [0m 

                            Total steps: 583680 
                       Steps per second: 9147 
                        Collection time: 0.202s 
                          Learning time: 0.022s 
                        Mean value loss: 0.0029
                    Mean surrogate loss: -0.0005
                      Mean entropy loss: -1.2164
                            Mean reward: 28.87
                    Mean episode length: 1000.00
                        Mean action std: 0.07
--------------------------------------------------------------------------------
                         Iteration time: 0.22s
                           Time elapsed: 00:01:06
                                    ETA: 00:00:50

################################################################################
[1m                           Learning iteration 285/500                           [0m 

                            Total steps: 585728 
                       Steps per second: 9221 
                        Collection time: 0.201s 
                          Learning time: 0.021s 
                        Mean value loss: 0.0026
                    Mean surrogate loss: 0.0016
                      Mean entropy loss: -1.2283
                            Mean reward: 28.87
                    Mean episode length: 1000.00
                        Mean action std: 0.07
--------------------------------------------------------------------------------
                         Iteration time: 0.22s
                           Time elapsed: 00:01:06
                                    ETA: 00:00:50

################################################################################
[1m                           Learning iteration 286/500                           [0m 

                            Total steps: 587776 
                       Steps per second: 9202 
                        Collection time: 0.202s 
                          Learning time: 0.021s 
                        Mean value loss: 0.0028
                    Mean surrogate loss: -0.0026
                      Mean entropy loss: -1.2280
                            Mean reward: 28.87
                    Mean episode length: 1000.00
                        Mean action std: 0.07
--------------------------------------------------------------------------------
                         Iteration time: 0.22s
                           Time elapsed: 00:01:07
                                    ETA: 00:00:49

################################################################################
[1m                           Learning iteration 287/500                           [0m 

                            Total steps: 589824 
                       Steps per second: 9134 
                        Collection time: 0.203s 
                          Learning time: 0.021s 
                        Mean value loss: 0.0023
                    Mean surrogate loss: -0.0012
                      Mean entropy loss: -1.2268
                            Mean reward: 28.87
                    Mean episode length: 1000.00
                        Mean action std: 0.07
--------------------------------------------------------------------------------
                         Iteration time: 0.22s
                           Time elapsed: 00:01:07
                                    ETA: 00:00:49

################################################################################
[1m                           Learning iteration 288/500                           [0m 

                            Total steps: 591872 
                       Steps per second: 9217 
                        Collection time: 0.202s 
                          Learning time: 0.021s 
                        Mean value loss: 0.0027
                    Mean surrogate loss: 0.0003
                      Mean entropy loss: -1.2352
                            Mean reward: 28.87
                    Mean episode length: 1000.00
                        Mean action std: 0.07
--------------------------------------------------------------------------------
                         Iteration time: 0.22s
                           Time elapsed: 00:01:07
                                    ETA: 00:00:49

################################################################################
[1m                           Learning iteration 289/500                           [0m 

                            Total steps: 593920 
                       Steps per second: 9277 
                        Collection time: 0.199s 
                          Learning time: 0.022s 
                        Mean value loss: 0.0022
                    Mean surrogate loss: -0.0000
                      Mean entropy loss: -1.2336
                            Mean reward: 28.87
                    Mean episode length: 1000.00
                        Mean action std: 0.07
--------------------------------------------------------------------------------
                         Iteration time: 0.22s
                           Time elapsed: 00:01:07
                                    ETA: 00:00:49

################################################################################
[1m                           Learning iteration 290/500                           [0m 

                            Total steps: 595968 
                       Steps per second: 9103 
                        Collection time: 0.202s 
                          Learning time: 0.023s 
                        Mean value loss: 0.0022
                    Mean surrogate loss: 0.0007
                      Mean entropy loss: -1.2231
                            Mean reward: 28.87
                    Mean episode length: 1000.00
                        Mean action std: 0.07
--------------------------------------------------------------------------------
                         Iteration time: 0.22s
                           Time elapsed: 00:01:08
                                    ETA: 00:00:48

################################################################################
[1m                           Learning iteration 291/500                           [0m 

                            Total steps: 598016 
                       Steps per second: 9261 
                        Collection time: 0.201s 
                          Learning time: 0.021s 
                        Mean value loss: 0.0024
                    Mean surrogate loss: -0.0007
                      Mean entropy loss: -1.2339
                            Mean reward: 28.87
                    Mean episode length: 1000.00
                        Mean action std: 0.07
--------------------------------------------------------------------------------
                         Iteration time: 0.22s
                           Time elapsed: 00:01:08
                                    ETA: 00:00:48

################################################################################
[1m                           Learning iteration 292/500                           [0m 

                            Total steps: 600064 
                       Steps per second: 9195 
                        Collection time: 0.201s 
                          Learning time: 0.022s 
                        Mean value loss: 0.0023
                    Mean surrogate loss: -0.0008
                      Mean entropy loss: -1.2301
                            Mean reward: 28.87
                    Mean episode length: 1000.00
                        Mean action std: 0.07
--------------------------------------------------------------------------------
                         Iteration time: 0.22s
                           Time elapsed: 00:01:08
                                    ETA: 00:00:48

################################################################################
[1m                           Learning iteration 293/500                           [0m 

                            Total steps: 602112 
                       Steps per second: 9207 
                        Collection time: 0.202s 
                          Learning time: 0.020s 
                        Mean value loss: 0.0024
                    Mean surrogate loss: -0.0002
                      Mean entropy loss: -1.2290
                            Mean reward: 28.87
                    Mean episode length: 1000.00
                        Mean action std: 0.07
--------------------------------------------------------------------------------
                         Iteration time: 0.22s
                           Time elapsed: 00:01:08
                                    ETA: 00:00:48

################################################################################
[1m                           Learning iteration 294/500                           [0m 

                            Total steps: 604160 
                       Steps per second: 9295 
                        Collection time: 0.200s 
                          Learning time: 0.020s 
                        Mean value loss: 0.0022
                    Mean surrogate loss: -0.0006
                      Mean entropy loss: -1.2296
                            Mean reward: 28.87
                    Mean episode length: 1000.00
                        Mean action std: 0.07
--------------------------------------------------------------------------------
                         Iteration time: 0.22s
                           Time elapsed: 00:01:08
                                    ETA: 00:00:47

################################################################################
[1m                           Learning iteration 295/500                           [0m 

                            Total steps: 606208 
                       Steps per second: 9165 
                        Collection time: 0.202s 
                          Learning time: 0.021s 
                        Mean value loss: 0.0024
                    Mean surrogate loss: -0.0010
                      Mean entropy loss: -1.2161
                            Mean reward: 28.87
                    Mean episode length: 1000.00
                        Mean action std: 0.07
--------------------------------------------------------------------------------
                         Iteration time: 0.22s
                           Time elapsed: 00:01:09
                                    ETA: 00:00:47

################################################################################
[1m                           Learning iteration 296/500                           [0m 

                            Total steps: 608256 
                       Steps per second: 9210 
                        Collection time: 0.202s 
                          Learning time: 0.021s 
                        Mean value loss: 0.0021
                    Mean surrogate loss: -0.0023
                      Mean entropy loss: -1.2262
                            Mean reward: 28.87
                    Mean episode length: 1000.00
                        Mean action std: 0.07
--------------------------------------------------------------------------------
                         Iteration time: 0.22s
                           Time elapsed: 00:01:09
                                    ETA: 00:00:47

################################################################################
[1m                           Learning iteration 297/500                           [0m 

                            Total steps: 610304 
                       Steps per second: 9246 
                        Collection time: 0.201s 
                          Learning time: 0.020s 
                        Mean value loss: 0.0019
                    Mean surrogate loss: -0.0019
                      Mean entropy loss: -1.2270
                            Mean reward: 28.87
                    Mean episode length: 1000.00
                        Mean action std: 0.07
--------------------------------------------------------------------------------
                         Iteration time: 0.22s
                           Time elapsed: 00:01:09
                                    ETA: 00:00:47

################################################################################
[1m                           Learning iteration 298/500                           [0m 

                            Total steps: 612352 
                       Steps per second: 9304 
                        Collection time: 0.200s 
                          Learning time: 0.020s 
                        Mean value loss: 0.0018
                    Mean surrogate loss: 0.0011
                      Mean entropy loss: -1.2297
                            Mean reward: 28.87
                    Mean episode length: 1000.00
                        Mean action std: 0.07
--------------------------------------------------------------------------------
                         Iteration time: 0.22s
                           Time elapsed: 00:01:09
                                    ETA: 00:00:46

################################################################################
[1m                           Learning iteration 299/500                           [0m 

                            Total steps: 614400 
                       Steps per second: 9134 
                        Collection time: 0.202s 
                          Learning time: 0.022s 
                        Mean value loss: 0.0015
                    Mean surrogate loss: -0.0008
                      Mean entropy loss: -1.2419
                            Mean reward: 28.87
                    Mean episode length: 1000.00
                        Mean action std: 0.07
--------------------------------------------------------------------------------
                         Iteration time: 0.22s
                           Time elapsed: 00:01:10
                                    ETA: 00:00:46

################################################################################
[1m                           Learning iteration 300/500                           [0m 

                            Total steps: 616448 
                       Steps per second: 9229 
                        Collection time: 0.200s 
                          Learning time: 0.022s 
                        Mean value loss: 0.0019
                    Mean surrogate loss: -0.0012
                      Mean entropy loss: -1.2511
                            Mean reward: 28.87
                    Mean episode length: 1000.00
                        Mean action std: 0.07
--------------------------------------------------------------------------------
                         Iteration time: 0.22s
                           Time elapsed: 00:01:10
                                    ETA: 00:00:46

################################################################################
[1m                           Learning iteration 301/500                           [0m 

                            Total steps: 618496 
                       Steps per second: 9221 
                        Collection time: 0.201s 
                          Learning time: 0.021s 
                        Mean value loss: 0.0017
                    Mean surrogate loss: -0.0012
                      Mean entropy loss: -1.2631
                            Mean reward: 28.87
                    Mean episode length: 1000.00
                        Mean action std: 0.07
--------------------------------------------------------------------------------
                         Iteration time: 0.22s
                           Time elapsed: 00:01:10
                                    ETA: 00:00:46

################################################################################
[1m                           Learning iteration 302/500                           [0m 

                            Total steps: 620544 
                       Steps per second: 9205 
                        Collection time: 0.201s 
                          Learning time: 0.022s 
                        Mean value loss: 0.0019
                    Mean surrogate loss: -0.0043
                      Mean entropy loss: -1.2736
                            Mean reward: 28.87
                    Mean episode length: 1000.00
                        Mean action std: 0.07
--------------------------------------------------------------------------------
                         Iteration time: 0.22s
                           Time elapsed: 00:01:10
                                    ETA: 00:00:45

################################################################################
[1m                           Learning iteration 303/500                           [0m 

                            Total steps: 622592 
                       Steps per second: 9325 
                        Collection time: 0.199s 
                          Learning time: 0.020s 
                        Mean value loss: 0.0012
                    Mean surrogate loss: 0.0038
                      Mean entropy loss: -1.2610
                            Mean reward: 28.87
                    Mean episode length: 1000.00
                        Mean action std: 0.07
--------------------------------------------------------------------------------
                         Iteration time: 0.22s
                           Time elapsed: 00:01:10
                                    ETA: 00:00:45

################################################################################
[1m                           Learning iteration 304/500                           [0m 

                            Total steps: 624640 
                       Steps per second: 9153 
                        Collection time: 0.202s 
                          Learning time: 0.022s 
                        Mean value loss: 0.0018
                    Mean surrogate loss: -0.0020
                      Mean entropy loss: -1.2631
                            Mean reward: 28.87
                    Mean episode length: 1000.00
                        Mean action std: 0.07
--------------------------------------------------------------------------------
                         Iteration time: 0.22s
                           Time elapsed: 00:01:11
                                    ETA: 00:00:45

################################################################################
[1m                           Learning iteration 305/500                           [0m 

                            Total steps: 626688 
                       Steps per second: 9262 
                        Collection time: 0.200s 
                          Learning time: 0.021s 
                        Mean value loss: 0.0010
                    Mean surrogate loss: 0.0021
                      Mean entropy loss: -1.2821
                            Mean reward: 28.87
                    Mean episode length: 1000.00
                        Mean action std: 0.07
--------------------------------------------------------------------------------
                         Iteration time: 0.22s
                           Time elapsed: 00:01:11
                                    ETA: 00:00:45

################################################################################
[1m                           Learning iteration 306/500                           [0m 

                            Total steps: 628736 
                       Steps per second: 9176 
                        Collection time: 0.202s 
                          Learning time: 0.021s 
                        Mean value loss: 0.0019
                    Mean surrogate loss: 0.0034
                      Mean entropy loss: -1.2972
                            Mean reward: 28.87
                    Mean episode length: 1000.00
                        Mean action std: 0.07
--------------------------------------------------------------------------------
                         Iteration time: 0.22s
                           Time elapsed: 00:01:11
                                    ETA: 00:00:44

################################################################################
[1m                           Learning iteration 307/500                           [0m 

                            Total steps: 630784 
                       Steps per second: 9292 
                        Collection time: 0.200s 
                          Learning time: 0.021s 
                        Mean value loss: 0.0020
                    Mean surrogate loss: 0.0007
                      Mean entropy loss: -1.3037
                            Mean reward: 28.87
                    Mean episode length: 1000.00
                        Mean action std: 0.07
--------------------------------------------------------------------------------
                         Iteration time: 0.22s
                           Time elapsed: 00:01:11
                                    ETA: 00:00:44

################################################################################
[1m                           Learning iteration 308/500                           [0m 

                            Total steps: 632832 
                       Steps per second: 9151 
                        Collection time: 0.203s 
                          Learning time: 0.021s 
                        Mean value loss: 0.0022
                    Mean surrogate loss: 0.0016
                      Mean entropy loss: -1.2960
                            Mean reward: 28.87
                    Mean episode length: 1000.00
                        Mean action std: 0.07
--------------------------------------------------------------------------------
                         Iteration time: 0.22s
                           Time elapsed: 00:01:11
                                    ETA: 00:00:44

################################################################################
[1m                           Learning iteration 309/500                           [0m 

                            Total steps: 634880 
                       Steps per second: 9179 
                        Collection time: 0.201s 
                          Learning time: 0.022s 
                        Mean value loss: 0.0023
                    Mean surrogate loss: -0.0004
                      Mean entropy loss: -1.2971
                            Mean reward: 28.87
                    Mean episode length: 1000.00
                        Mean action std: 0.07
--------------------------------------------------------------------------------
                         Iteration time: 0.22s
                           Time elapsed: 00:01:12
                                    ETA: 00:00:44

################################################################################
[1m                           Learning iteration 310/500                           [0m 

                            Total steps: 636928 
                       Steps per second: 9203 
                        Collection time: 0.201s 
                          Learning time: 0.021s 
                        Mean value loss: 0.0027
                    Mean surrogate loss: -0.0019
                      Mean entropy loss: -1.2928
                            Mean reward: 28.87
                    Mean episode length: 1000.00
                        Mean action std: 0.07
--------------------------------------------------------------------------------
                         Iteration time: 0.22s
                           Time elapsed: 00:01:12
                                    ETA: 00:00:44

################################################################################
[1m                           Learning iteration 311/500                           [0m 

                            Total steps: 638976 
                       Steps per second: 9232 
                        Collection time: 0.201s 
                          Learning time: 0.021s 
                        Mean value loss: 0.0030
                    Mean surrogate loss: -0.0021
                      Mean entropy loss: -1.2925
                            Mean reward: 28.87
                    Mean episode length: 1000.00
                        Mean action std: 0.07
--------------------------------------------------------------------------------
                         Iteration time: 0.22s
                           Time elapsed: 00:01:12
                                    ETA: 00:00:43

################################################################################
[1m                           Learning iteration 312/500                           [0m 

                            Total steps: 641024 
                       Steps per second: 9022 
                        Collection time: 0.206s 
                          Learning time: 0.021s 
                        Mean value loss: 0.0025
                    Mean surrogate loss: -0.0011
                      Mean entropy loss: -1.3074
                            Mean reward: 29.01
                    Mean episode length: 1000.00
                        Mean action std: 0.07
--------------------------------------------------------------------------------
                         Iteration time: 0.23s
                           Time elapsed: 00:01:12
                                    ETA: 00:00:43

################################################################################
[1m                           Learning iteration 313/500                           [0m 

                            Total steps: 643072 
                       Steps per second: 9196 
                        Collection time: 0.202s 
                          Learning time: 0.021s 
                        Mean value loss: 0.0057
                    Mean surrogate loss: 0.0020
                      Mean entropy loss: -1.2956
                            Mean reward: 29.01
                    Mean episode length: 1000.00
                        Mean action std: 0.07
--------------------------------------------------------------------------------
                         Iteration time: 0.22s
                           Time elapsed: 00:01:13
                                    ETA: 00:00:43

################################################################################
[1m                           Learning iteration 314/500                           [0m 

                            Total steps: 645120 
                       Steps per second: 9313 
                        Collection time: 0.199s 
                          Learning time: 0.021s 
                        Mean value loss: 0.0016
                    Mean surrogate loss: 0.0031
                      Mean entropy loss: -1.2943
                            Mean reward: 29.01
                    Mean episode length: 1000.00
                        Mean action std: 0.07
--------------------------------------------------------------------------------
                         Iteration time: 0.22s
                           Time elapsed: 00:01:13
                                    ETA: 00:00:43

################################################################################
[1m                           Learning iteration 315/500                           [0m 

                            Total steps: 647168 
                       Steps per second: 9183 
                        Collection time: 0.202s 
                          Learning time: 0.021s 
                        Mean value loss: 0.0039
                    Mean surrogate loss: 0.0022
                      Mean entropy loss: -1.3002
                            Mean reward: 29.01
                    Mean episode length: 1000.00
                        Mean action std: 0.07
--------------------------------------------------------------------------------
                         Iteration time: 0.22s
                           Time elapsed: 00:01:13
                                    ETA: 00:00:42

################################################################################
[1m                           Learning iteration 316/500                           [0m 

                            Total steps: 649216 
                       Steps per second: 9285 
                        Collection time: 0.199s 
                          Learning time: 0.021s 
                        Mean value loss: 0.0038
                    Mean surrogate loss: 0.0070
                      Mean entropy loss: -1.3031
                            Mean reward: 29.01
                    Mean episode length: 1000.00
                        Mean action std: 0.07
--------------------------------------------------------------------------------
                         Iteration time: 0.22s
                           Time elapsed: 00:01:13
                                    ETA: 00:00:42

################################################################################
[1m                           Learning iteration 317/500                           [0m 

                            Total steps: 651264 
                       Steps per second: 9153 
                        Collection time: 0.202s 
                          Learning time: 0.022s 
                        Mean value loss: 0.0020
                    Mean surrogate loss: -0.0045
                      Mean entropy loss: -1.2935
                            Mean reward: 29.01
                    Mean episode length: 1000.00
                        Mean action std: 0.07
--------------------------------------------------------------------------------
                         Iteration time: 0.22s
                           Time elapsed: 00:01:14
                                    ETA: 00:00:42

################################################################################
[1m                           Learning iteration 318/500                           [0m 

                            Total steps: 653312 
                       Steps per second: 9244 
                        Collection time: 0.200s 
                          Learning time: 0.022s 
                        Mean value loss: 0.0039
                    Mean surrogate loss: 0.0103
                      Mean entropy loss: -1.2803
                            Mean reward: 29.01
                    Mean episode length: 1000.00
                        Mean action std: 0.07
--------------------------------------------------------------------------------
                         Iteration time: 0.22s
                           Time elapsed: 00:01:14
                                    ETA: 00:00:42

################################################################################
[1m                           Learning iteration 319/500                           [0m 

                            Total steps: 655360 
                       Steps per second: 9242 
                        Collection time: 0.201s 
                          Learning time: 0.021s 
                        Mean value loss: 0.0022
                    Mean surrogate loss: -0.0044
                      Mean entropy loss: -1.2795
                            Mean reward: 29.01
                    Mean episode length: 1000.00
                        Mean action std: 0.07
--------------------------------------------------------------------------------
                         Iteration time: 0.22s
                           Time elapsed: 00:01:14
                                    ETA: 00:00:41

################################################################################
[1m                           Learning iteration 320/500                           [0m 

                            Total steps: 657408 
                       Steps per second: 9230 
                        Collection time: 0.201s 
                          Learning time: 0.021s 
                        Mean value loss: 0.0038
                    Mean surrogate loss: -0.0017
                      Mean entropy loss: -1.2874
                            Mean reward: 29.01
                    Mean episode length: 1000.00
                        Mean action std: 0.07
--------------------------------------------------------------------------------
                         Iteration time: 0.22s
                           Time elapsed: 00:01:14
                                    ETA: 00:00:41

################################################################################
[1m                           Learning iteration 321/500                           [0m 

                            Total steps: 659456 
                       Steps per second: 9275 
                        Collection time: 0.200s 
                          Learning time: 0.020s 
                        Mean value loss: 0.0026
                    Mean surrogate loss: -0.0015
                      Mean entropy loss: -1.2754
                            Mean reward: 29.01
                    Mean episode length: 1000.00
                        Mean action std: 0.07
--------------------------------------------------------------------------------
                         Iteration time: 0.22s
                           Time elapsed: 00:01:14
                                    ETA: 00:00:41

################################################################################
[1m                           Learning iteration 322/500                           [0m 

                            Total steps: 661504 
                       Steps per second: 9208 
                        Collection time: 0.202s 
                          Learning time: 0.021s 
                        Mean value loss: 0.0047
                    Mean surrogate loss: 0.0124
                      Mean entropy loss: -1.2718
                            Mean reward: 29.01
                    Mean episode length: 1000.00
                        Mean action std: 0.07
--------------------------------------------------------------------------------
                         Iteration time: 0.22s
                           Time elapsed: 00:01:15
                                    ETA: 00:00:41

################################################################################
[1m                           Learning iteration 323/500                           [0m 

                            Total steps: 663552 
                       Steps per second: 9243 
                        Collection time: 0.200s 
                          Learning time: 0.021s 
                        Mean value loss: 0.0032
                    Mean surrogate loss: -0.0027
                      Mean entropy loss: -1.2627
                            Mean reward: 29.01
                    Mean episode length: 1000.00
                        Mean action std: 0.07
--------------------------------------------------------------------------------
                         Iteration time: 0.22s
                           Time elapsed: 00:01:15
                                    ETA: 00:00:40

################################################################################
[1m                           Learning iteration 324/500                           [0m 

                            Total steps: 665600 
                       Steps per second: 9203 
                        Collection time: 0.202s 
                          Learning time: 0.021s 
                        Mean value loss: 0.0032
                    Mean surrogate loss: -0.0002
                      Mean entropy loss: -1.2509
                            Mean reward: 29.01
                    Mean episode length: 1000.00
                        Mean action std: 0.07
--------------------------------------------------------------------------------
                         Iteration time: 0.22s
                           Time elapsed: 00:01:15
                                    ETA: 00:00:40

################################################################################
[1m                           Learning iteration 325/500                           [0m 

                            Total steps: 667648 
                       Steps per second: 9258 
                        Collection time: 0.199s 
                          Learning time: 0.022s 
                        Mean value loss: 0.0030
                    Mean surrogate loss: 0.0011
                      Mean entropy loss: -1.2391
                            Mean reward: 29.01
                    Mean episode length: 1000.00
                        Mean action std: 0.07
--------------------------------------------------------------------------------
                         Iteration time: 0.22s
                           Time elapsed: 00:01:15
                                    ETA: 00:00:40

################################################################################
[1m                           Learning iteration 326/500                           [0m 

                            Total steps: 669696 
                       Steps per second: 9083 
                        Collection time: 0.204s 
                          Learning time: 0.022s 
                        Mean value loss: 0.0025
                    Mean surrogate loss: -0.0007
                      Mean entropy loss: -1.2211
                            Mean reward: 29.01
                    Mean episode length: 1000.00
                        Mean action std: 0.07
--------------------------------------------------------------------------------
                         Iteration time: 0.23s
                           Time elapsed: 00:01:16
                                    ETA: 00:00:40

################################################################################
[1m                           Learning iteration 327/500                           [0m 

                            Total steps: 671744 
                       Steps per second: 9258 
                        Collection time: 0.200s 
                          Learning time: 0.021s 
                        Mean value loss: 0.0023
                    Mean surrogate loss: -0.0014
                      Mean entropy loss: -1.2026
                            Mean reward: 29.01
                    Mean episode length: 1000.00
                        Mean action std: 0.07
--------------------------------------------------------------------------------
                         Iteration time: 0.22s
                           Time elapsed: 00:01:16
                                    ETA: 00:00:39

################################################################################
[1m                           Learning iteration 328/500                           [0m 

                            Total steps: 673792 
                       Steps per second: 9225 
                        Collection time: 0.201s 
                          Learning time: 0.021s 
                        Mean value loss: 0.0021
                    Mean surrogate loss: 0.0029
                      Mean entropy loss: -1.1815
                            Mean reward: 29.01
                    Mean episode length: 1000.00
                        Mean action std: 0.07
--------------------------------------------------------------------------------
                         Iteration time: 0.22s
                           Time elapsed: 00:01:16
                                    ETA: 00:00:39

################################################################################
[1m                           Learning iteration 329/500                           [0m 

                            Total steps: 675840 
                       Steps per second: 9231 
                        Collection time: 0.200s 
                          Learning time: 0.021s 
                        Mean value loss: 0.0025
                    Mean surrogate loss: -0.0018
                      Mean entropy loss: -1.1532
                            Mean reward: 29.01
                    Mean episode length: 1000.00
                        Mean action std: 0.08
--------------------------------------------------------------------------------
                         Iteration time: 0.22s
                           Time elapsed: 00:01:16
                                    ETA: 00:00:39

################################################################################
[1m                           Learning iteration 330/500                           [0m 

                            Total steps: 677888 
                       Steps per second: 9197 
                        Collection time: 0.202s 
                          Learning time: 0.021s 
                        Mean value loss: 0.0021
                    Mean surrogate loss: -0.0005
                      Mean entropy loss: -1.1253
                            Mean reward: 29.01
                    Mean episode length: 1000.00
                        Mean action std: 0.08
--------------------------------------------------------------------------------
                         Iteration time: 0.22s
                           Time elapsed: 00:01:16
                                    ETA: 00:00:39

################################################################################
[1m                           Learning iteration 331/500                           [0m 

                            Total steps: 679936 
                       Steps per second: 9134 
                        Collection time: 0.204s 
                          Learning time: 0.021s 
                        Mean value loss: 0.0017
                    Mean surrogate loss: -0.0012
                      Mean entropy loss: -1.1662
                            Mean reward: 29.01
                    Mean episode length: 1000.00
                        Mean action std: 0.07
--------------------------------------------------------------------------------
                         Iteration time: 0.22s
                           Time elapsed: 00:01:17
                                    ETA: 00:00:39

################################################################################
[1m                           Learning iteration 332/500                           [0m 

                            Total steps: 681984 
                       Steps per second: 9261 
                        Collection time: 0.201s 
                          Learning time: 0.021s 
                        Mean value loss: 0.0022
                    Mean surrogate loss: 0.0004
                      Mean entropy loss: -1.1871
                            Mean reward: 29.01
                    Mean episode length: 1000.00
                        Mean action std: 0.07
--------------------------------------------------------------------------------
                         Iteration time: 0.22s
                           Time elapsed: 00:01:17
                                    ETA: 00:00:38

################################################################################
[1m                           Learning iteration 333/500                           [0m 

                            Total steps: 684032 
                       Steps per second: 9187 
                        Collection time: 0.201s 
                          Learning time: 0.022s 
                        Mean value loss: 0.0017
                    Mean surrogate loss: -0.0007
                      Mean entropy loss: -1.1729
                            Mean reward: 29.01
                    Mean episode length: 1000.00
                        Mean action std: 0.08
--------------------------------------------------------------------------------
                         Iteration time: 0.22s
                           Time elapsed: 00:01:17
                                    ETA: 00:00:38

################################################################################
[1m                           Learning iteration 334/500                           [0m 

                            Total steps: 686080 
                       Steps per second: 9178 
                        Collection time: 0.202s 
                          Learning time: 0.022s 
                        Mean value loss: 0.0024
                    Mean surrogate loss: -0.0012
                      Mean entropy loss: -1.1624
                            Mean reward: 29.01
                    Mean episode length: 1000.00
                        Mean action std: 0.07
--------------------------------------------------------------------------------
                         Iteration time: 0.22s
                           Time elapsed: 00:01:17
                                    ETA: 00:00:38

################################################################################
[1m                           Learning iteration 335/500                           [0m 

                            Total steps: 688128 
                       Steps per second: 9155 
                        Collection time: 0.202s 
                          Learning time: 0.022s 
                        Mean value loss: 0.0016
                    Mean surrogate loss: 0.0002
                      Mean entropy loss: -1.1962
                            Mean reward: 29.01
                    Mean episode length: 1000.00
                        Mean action std: 0.07
--------------------------------------------------------------------------------
                         Iteration time: 0.22s
                           Time elapsed: 00:01:18
                                    ETA: 00:00:38

################################################################################
[1m                           Learning iteration 336/500                           [0m 

                            Total steps: 690176 
                       Steps per second: 9308 
                        Collection time: 0.199s 
                          Learning time: 0.021s 
                        Mean value loss: 0.0013
                    Mean surrogate loss: -0.0023
                      Mean entropy loss: -1.2029
                            Mean reward: 29.01
                    Mean episode length: 1000.00
                        Mean action std: 0.07
--------------------------------------------------------------------------------
                         Iteration time: 0.22s
                           Time elapsed: 00:01:18
                                    ETA: 00:00:37

################################################################################
[1m                           Learning iteration 337/500                           [0m 

                            Total steps: 692224 
                       Steps per second: 9131 
                        Collection time: 0.202s 
                          Learning time: 0.022s 
                        Mean value loss: 0.0018
                    Mean surrogate loss: 0.0009
                      Mean entropy loss: -1.2298
                            Mean reward: 29.01
                    Mean episode length: 1000.00
                        Mean action std: 0.07
--------------------------------------------------------------------------------
                         Iteration time: 0.22s
                           Time elapsed: 00:01:18
                                    ETA: 00:00:37

################################################################################
[1m                           Learning iteration 338/500                           [0m 

                            Total steps: 694272 
                       Steps per second: 9274 
                        Collection time: 0.200s 
                          Learning time: 0.021s 
                        Mean value loss: 0.0016
                    Mean surrogate loss: 0.0005
                      Mean entropy loss: -1.2558
                            Mean reward: 29.01
                    Mean episode length: 1000.00
                        Mean action std: 0.07
--------------------------------------------------------------------------------
                         Iteration time: 0.22s
                           Time elapsed: 00:01:18
                                    ETA: 00:00:37

################################################################################
[1m                           Learning iteration 339/500                           [0m 

                            Total steps: 696320 
                       Steps per second: 9233 
                        Collection time: 0.201s 
                          Learning time: 0.021s 
                        Mean value loss: 0.0014
                    Mean surrogate loss: 0.0001
                      Mean entropy loss: -1.2598
                            Mean reward: 29.01
                    Mean episode length: 1000.00
                        Mean action std: 0.07
--------------------------------------------------------------------------------
                         Iteration time: 0.22s
                           Time elapsed: 00:01:18
                                    ETA: 00:00:37

################################################################################
[1m                           Learning iteration 340/500                           [0m 

                            Total steps: 698368 
                       Steps per second: 9179 
                        Collection time: 0.202s 
                          Learning time: 0.021s 
                        Mean value loss: 0.0017
                    Mean surrogate loss: 0.0008
                      Mean entropy loss: -1.2721
                            Mean reward: 29.01
                    Mean episode length: 1000.00
                        Mean action std: 0.07
--------------------------------------------------------------------------------
                         Iteration time: 0.22s
                           Time elapsed: 00:01:19
                                    ETA: 00:00:36

################################################################################
[1m                           Learning iteration 341/500                           [0m 

                            Total steps: 700416 
                       Steps per second: 9246 
                        Collection time: 0.199s 
                          Learning time: 0.022s 
                        Mean value loss: 0.0017
                    Mean surrogate loss: 0.0004
                      Mean entropy loss: -1.2930
                            Mean reward: 29.01
                    Mean episode length: 1000.00
                        Mean action std: 0.07
--------------------------------------------------------------------------------
                         Iteration time: 0.22s
                           Time elapsed: 00:01:19
                                    ETA: 00:00:36

################################################################################
[1m                           Learning iteration 342/500                           [0m 

                            Total steps: 702464 
                       Steps per second: 9214 
                        Collection time: 0.201s 
                          Learning time: 0.021s 
                        Mean value loss: 0.0021
                    Mean surrogate loss: 0.0003
                      Mean entropy loss: -1.3062
                            Mean reward: 29.01
                    Mean episode length: 1000.00
                        Mean action std: 0.07
--------------------------------------------------------------------------------
                         Iteration time: 0.22s
                           Time elapsed: 00:01:19
                                    ETA: 00:00:36

################################################################################
[1m                           Learning iteration 343/500                           [0m 

                            Total steps: 704512 
                       Steps per second: 9246 
                        Collection time: 0.199s 
                          Learning time: 0.022s 
                        Mean value loss: 0.0019
                    Mean surrogate loss: 0.0029
                      Mean entropy loss: -1.3080
                            Mean reward: 29.01
                    Mean episode length: 1000.00
                        Mean action std: 0.07
--------------------------------------------------------------------------------
                         Iteration time: 0.22s
                           Time elapsed: 00:01:19
                                    ETA: 00:00:36

################################################################################
[1m                           Learning iteration 344/500                           [0m 

                            Total steps: 706560 
                       Steps per second: 9106 
                        Collection time: 0.204s 
                          Learning time: 0.021s 
                        Mean value loss: 0.0021
                    Mean surrogate loss: -0.0009
                      Mean entropy loss: -1.2999
                            Mean reward: 29.01
                    Mean episode length: 1000.00
                        Mean action std: 0.07
--------------------------------------------------------------------------------
                         Iteration time: 0.22s
                           Time elapsed: 00:01:20
                                    ETA: 00:00:35

################################################################################
[1m                           Learning iteration 345/500                           [0m 

                            Total steps: 708608 
                       Steps per second: 9285 
                        Collection time: 0.200s 
                          Learning time: 0.021s 
                        Mean value loss: 0.0019
                    Mean surrogate loss: -0.0032
                      Mean entropy loss: -1.2867
                            Mean reward: 29.01
                    Mean episode length: 1000.00
                        Mean action std: 0.07
--------------------------------------------------------------------------------
                         Iteration time: 0.22s
                           Time elapsed: 00:01:20
                                    ETA: 00:00:35

################################################################################
[1m                           Learning iteration 346/500                           [0m 

                            Total steps: 710656 
                       Steps per second: 9011 
                        Collection time: 0.205s 
                          Learning time: 0.022s 
                        Mean value loss: 0.0020
                    Mean surrogate loss: 0.0007
                      Mean entropy loss: -1.3100
                            Mean reward: 29.01
                    Mean episode length: 1000.00
                        Mean action std: 0.07
--------------------------------------------------------------------------------
                         Iteration time: 0.23s
                           Time elapsed: 00:01:20
                                    ETA: 00:00:35

################################################################################
[1m                           Learning iteration 347/500                           [0m 

                            Total steps: 712704 
                       Steps per second: 9244 
                        Collection time: 0.201s 
                          Learning time: 0.021s 
                        Mean value loss: 0.0013
                    Mean surrogate loss: 0.0026
                      Mean entropy loss: -1.3164
                            Mean reward: 29.01
                    Mean episode length: 1000.00
                        Mean action std: 0.06
--------------------------------------------------------------------------------
                         Iteration time: 0.22s
                           Time elapsed: 00:01:20
                                    ETA: 00:00:35

################################################################################
[1m                           Learning iteration 348/500                           [0m 

                            Total steps: 714752 
                       Steps per second: 9206 
                        Collection time: 0.202s 
                          Learning time: 0.021s 
                        Mean value loss: 0.0019
                    Mean surrogate loss: -0.0026
                      Mean entropy loss: -1.3224
                            Mean reward: 29.01
                    Mean episode length: 1000.00
                        Mean action std: 0.06
--------------------------------------------------------------------------------
                         Iteration time: 0.22s
                           Time elapsed: 00:01:20
                                    ETA: 00:00:35

################################################################################
[1m                           Learning iteration 349/500                           [0m 

                            Total steps: 716800 
                       Steps per second: 9232 
                        Collection time: 0.201s 
                          Learning time: 0.020s 
                        Mean value loss: 0.0018
                    Mean surrogate loss: 0.0028
                      Mean entropy loss: -1.3430
                            Mean reward: 29.01
                    Mean episode length: 1000.00
                        Mean action std: 0.06
--------------------------------------------------------------------------------
                         Iteration time: 0.22s
                           Time elapsed: 00:01:21
                                    ETA: 00:00:34

################################################################################
[1m                           Learning iteration 350/500                           [0m 

                            Total steps: 718848 
                       Steps per second: 9286 
                        Collection time: 0.199s 
                          Learning time: 0.021s 
                        Mean value loss: 0.0018
                    Mean surrogate loss: -0.0002
                      Mean entropy loss: -1.3522
                            Mean reward: 29.01
                    Mean episode length: 1000.00
                        Mean action std: 0.06
--------------------------------------------------------------------------------
                         Iteration time: 0.22s
                           Time elapsed: 00:01:21
                                    ETA: 00:00:34

################################################################################
[1m                           Learning iteration 351/500                           [0m 

                            Total steps: 720896 
                       Steps per second: 9193 
                        Collection time: 0.201s 
                          Learning time: 0.021s 
                        Mean value loss: 0.0020
                    Mean surrogate loss: 0.0008
                      Mean entropy loss: -1.3626
                            Mean reward: 29.01
                    Mean episode length: 1000.00
                        Mean action std: 0.06
--------------------------------------------------------------------------------
                         Iteration time: 0.22s
                           Time elapsed: 00:01:21
                                    ETA: 00:00:34

################################################################################
[1m                           Learning iteration 352/500                           [0m 

                            Total steps: 722944 
                       Steps per second: 9245 
                        Collection time: 0.200s 
                          Learning time: 0.021s 
                        Mean value loss: 0.0017
                    Mean surrogate loss: 0.0002
                      Mean entropy loss: -1.3713
                            Mean reward: 29.01
                    Mean episode length: 1000.00
                        Mean action std: 0.06
--------------------------------------------------------------------------------
                         Iteration time: 0.22s
                           Time elapsed: 00:01:21
                                    ETA: 00:00:34

################################################################################
[1m                           Learning iteration 353/500                           [0m 

                            Total steps: 724992 
                       Steps per second: 9182 
                        Collection time: 0.202s 
                          Learning time: 0.021s 
                        Mean value loss: 0.0014
                    Mean surrogate loss: 0.0050
                      Mean entropy loss: -1.4003
                            Mean reward: 29.01
                    Mean episode length: 1000.00
                        Mean action std: 0.06
--------------------------------------------------------------------------------
                         Iteration time: 0.22s
                           Time elapsed: 00:01:22
                                    ETA: 00:00:33

################################################################################
[1m                           Learning iteration 354/500                           [0m 

                            Total steps: 727040 
                       Steps per second: 9228 
                        Collection time: 0.201s 
                          Learning time: 0.021s 
                        Mean value loss: 0.0014
                    Mean surrogate loss: 0.0021
                      Mean entropy loss: -1.4220
                            Mean reward: 29.01
                    Mean episode length: 1000.00
                        Mean action std: 0.06
--------------------------------------------------------------------------------
                         Iteration time: 0.22s
                           Time elapsed: 00:01:22
                                    ETA: 00:00:33

################################################################################
[1m                           Learning iteration 355/500                           [0m 

                            Total steps: 729088 
                       Steps per second: 9192 
                        Collection time: 0.201s 
                          Learning time: 0.022s 
                        Mean value loss: 0.0013
                    Mean surrogate loss: 0.0005
                      Mean entropy loss: -1.4250
                            Mean reward: 29.01
                    Mean episode length: 1000.00
                        Mean action std: 0.06
--------------------------------------------------------------------------------
                         Iteration time: 0.22s
                           Time elapsed: 00:01:22
                                    ETA: 00:00:33

################################################################################
[1m                           Learning iteration 356/500                           [0m 

                            Total steps: 731136 
                       Steps per second: 9167 
                        Collection time: 0.202s 
                          Learning time: 0.021s 
                        Mean value loss: 0.0016
                    Mean surrogate loss: 0.0095
                      Mean entropy loss: -1.4283
                            Mean reward: 29.01
                    Mean episode length: 1000.00
                        Mean action std: 0.06
--------------------------------------------------------------------------------
                         Iteration time: 0.22s
                           Time elapsed: 00:01:22
                                    ETA: 00:00:33

################################################################################
[1m                           Learning iteration 357/500                           [0m 

                            Total steps: 733184 
                       Steps per second: 9254 
                        Collection time: 0.201s 
                          Learning time: 0.021s 
                        Mean value loss: 0.0016
                    Mean surrogate loss: 0.0007
                      Mean entropy loss: -1.4393
                            Mean reward: 29.01
                    Mean episode length: 1000.00
                        Mean action std: 0.06
--------------------------------------------------------------------------------
                         Iteration time: 0.22s
                           Time elapsed: 00:01:22
                                    ETA: 00:00:32

################################################################################
[1m                           Learning iteration 358/500                           [0m 

                            Total steps: 735232 
                       Steps per second: 9159 
                        Collection time: 0.202s 
                          Learning time: 0.021s 
                        Mean value loss: 0.0012
                    Mean surrogate loss: -0.0001
                      Mean entropy loss: -1.4587
                            Mean reward: 29.01
                    Mean episode length: 1000.00
                        Mean action std: 0.06
--------------------------------------------------------------------------------
                         Iteration time: 0.22s
                           Time elapsed: 00:01:23
                                    ETA: 00:00:32

################################################################################
[1m                           Learning iteration 359/500                           [0m 

                            Total steps: 737280 
                       Steps per second: 9212 
                        Collection time: 0.201s 
                          Learning time: 0.021s 
                        Mean value loss: 0.0018
                    Mean surrogate loss: -0.0016
                      Mean entropy loss: -1.4847
                            Mean reward: 29.01
                    Mean episode length: 1000.00
                        Mean action std: 0.05
--------------------------------------------------------------------------------
                         Iteration time: 0.22s
                           Time elapsed: 00:01:23
                                    ETA: 00:00:32

################################################################################
[1m                           Learning iteration 360/500                           [0m 

                            Total steps: 739328 
                       Steps per second: 9167 
                        Collection time: 0.201s 
                          Learning time: 0.022s 
                        Mean value loss: 0.0015
                    Mean surrogate loss: 0.0022
                      Mean entropy loss: -1.4906
                            Mean reward: 29.01
                    Mean episode length: 1000.00
                        Mean action std: 0.05
--------------------------------------------------------------------------------
                         Iteration time: 0.22s
                           Time elapsed: 00:01:23
                                    ETA: 00:00:32

################################################################################
[1m                           Learning iteration 361/500                           [0m 

                            Total steps: 741376 
                       Steps per second: 9219 
                        Collection time: 0.201s 
                          Learning time: 0.021s 
                        Mean value loss: 0.0013
                    Mean surrogate loss: 0.0007
                      Mean entropy loss: -1.4976
                            Mean reward: 29.01
                    Mean episode length: 1000.00
                        Mean action std: 0.05
--------------------------------------------------------------------------------
                         Iteration time: 0.22s
                           Time elapsed: 00:01:23
                                    ETA: 00:00:31

################################################################################
[1m                           Learning iteration 362/500                           [0m 

                            Total steps: 743424 
                       Steps per second: 9226 
                        Collection time: 0.201s 
                          Learning time: 0.021s 
                        Mean value loss: 0.0016
                    Mean surrogate loss: 0.0015
                      Mean entropy loss: -1.5060
                            Mean reward: 29.01
                    Mean episode length: 1000.00
                        Mean action std: 0.05
--------------------------------------------------------------------------------
                         Iteration time: 0.22s
                           Time elapsed: 00:01:24
                                    ETA: 00:00:31

################################################################################
[1m                           Learning iteration 363/500                           [0m 

                            Total steps: 745472 
                       Steps per second: 9296 
                        Collection time: 0.199s 
                          Learning time: 0.021s 
                        Mean value loss: 0.0012
                    Mean surrogate loss: 0.0016
                      Mean entropy loss: -1.5138
                            Mean reward: 29.01
                    Mean episode length: 1000.00
                        Mean action std: 0.05
--------------------------------------------------------------------------------
                         Iteration time: 0.22s
                           Time elapsed: 00:01:24
                                    ETA: 00:00:31

################################################################################
[1m                           Learning iteration 364/500                           [0m 

                            Total steps: 747520 
                       Steps per second: 9180 
                        Collection time: 0.202s 
                          Learning time: 0.021s 
                        Mean value loss: 0.0012
                    Mean surrogate loss: -0.0009
                      Mean entropy loss: -1.4978
                            Mean reward: 29.01
                    Mean episode length: 1000.00
                        Mean action std: 0.05
--------------------------------------------------------------------------------
                         Iteration time: 0.22s
                           Time elapsed: 00:01:24
                                    ETA: 00:00:31

################################################################################
[1m                           Learning iteration 365/500                           [0m 

                            Total steps: 749568 
                       Steps per second: 9267 
                        Collection time: 0.200s 
                          Learning time: 0.021s 
                        Mean value loss: 0.0013
                    Mean surrogate loss: -0.0012
                      Mean entropy loss: -1.5180
                            Mean reward: 29.01
                    Mean episode length: 1000.00
                        Mean action std: 0.05
--------------------------------------------------------------------------------
                         Iteration time: 0.22s
                           Time elapsed: 00:01:24
                                    ETA: 00:00:31

################################################################################
[1m                           Learning iteration 366/500                           [0m 

                            Total steps: 751616 
                       Steps per second: 9269 
                        Collection time: 0.200s 
                          Learning time: 0.021s 
                        Mean value loss: 0.0015
                    Mean surrogate loss: -0.0015
                      Mean entropy loss: -1.5756
                            Mean reward: 29.01
                    Mean episode length: 1000.00
                        Mean action std: 0.05
--------------------------------------------------------------------------------
                         Iteration time: 0.22s
                           Time elapsed: 00:01:24
                                    ETA: 00:00:30

################################################################################
[1m                           Learning iteration 367/500                           [0m 

                            Total steps: 753664 
                       Steps per second: 9170 
                        Collection time: 0.203s 
                          Learning time: 0.021s 
                        Mean value loss: 0.0015
                    Mean surrogate loss: 0.0010
                      Mean entropy loss: -1.6312
                            Mean reward: 29.01
                    Mean episode length: 1000.00
                        Mean action std: 0.05
--------------------------------------------------------------------------------
                         Iteration time: 0.22s
                           Time elapsed: 00:01:25
                                    ETA: 00:00:30

################################################################################
[1m                           Learning iteration 368/500                           [0m 

                            Total steps: 755712 
                       Steps per second: 9257 
                        Collection time: 0.200s 
                          Learning time: 0.022s 
                        Mean value loss: 0.0014
                    Mean surrogate loss: -0.0007
                      Mean entropy loss: -1.6406
                            Mean reward: 29.01
                    Mean episode length: 1000.00
                        Mean action std: 0.05
--------------------------------------------------------------------------------
                         Iteration time: 0.22s
                           Time elapsed: 00:01:25
                                    ETA: 00:00:30

################################################################################
[1m                           Learning iteration 369/500                           [0m 

                            Total steps: 757760 
                       Steps per second: 9179 
                        Collection time: 0.202s 
                          Learning time: 0.021s 
                        Mean value loss: 0.0012
                    Mean surrogate loss: -0.0007
                      Mean entropy loss: -1.6724
                            Mean reward: 29.01
                    Mean episode length: 1000.00
                        Mean action std: 0.04
--------------------------------------------------------------------------------
                         Iteration time: 0.22s
                           Time elapsed: 00:01:25
                                    ETA: 00:00:30

################################################################################
[1m                           Learning iteration 370/500                           [0m 

                            Total steps: 759808 
                       Steps per second: 9260 
                        Collection time: 0.200s 
                          Learning time: 0.022s 
                        Mean value loss: 0.0016
                    Mean surrogate loss: 0.0007
                      Mean entropy loss: -1.7054
                            Mean reward: 29.01
                    Mean episode length: 1000.00
                        Mean action std: 0.04
--------------------------------------------------------------------------------
                         Iteration time: 0.22s
                           Time elapsed: 00:01:25
                                    ETA: 00:00:29

################################################################################
[1m                           Learning iteration 371/500                           [0m 

                            Total steps: 761856 
                       Steps per second: 9185 
                        Collection time: 0.202s 
                          Learning time: 0.021s 
                        Mean value loss: 0.0018
                    Mean surrogate loss: 0.0002
                      Mean entropy loss: -1.7193
                            Mean reward: 29.01
                    Mean episode length: 1000.00
                        Mean action std: 0.04
--------------------------------------------------------------------------------
                         Iteration time: 0.22s
                           Time elapsed: 00:01:26
                                    ETA: 00:00:29

################################################################################
[1m                           Learning iteration 372/500                           [0m 

                            Total steps: 763904 
                       Steps per second: 9259 
                        Collection time: 0.199s 
                          Learning time: 0.022s 
                        Mean value loss: 0.0016
                    Mean surrogate loss: 0.0029
                      Mean entropy loss: -1.7385
                            Mean reward: 29.01
                    Mean episode length: 1000.00
                        Mean action std: 0.04
--------------------------------------------------------------------------------
                         Iteration time: 0.22s
                           Time elapsed: 00:01:26
                                    ETA: 00:00:29

################################################################################
[1m                           Learning iteration 373/500                           [0m 

                            Total steps: 765952 
                       Steps per second: 9180 
                        Collection time: 0.201s 
                          Learning time: 0.022s 
                        Mean value loss: 0.0014
                    Mean surrogate loss: 0.0020
                      Mean entropy loss: -1.7322
                            Mean reward: 29.01
                    Mean episode length: 1000.00
                        Mean action std: 0.04
--------------------------------------------------------------------------------
                         Iteration time: 0.22s
                           Time elapsed: 00:01:26
                                    ETA: 00:00:29

################################################################################
[1m                           Learning iteration 374/500                           [0m 

                            Total steps: 768000 
                       Steps per second: 8986 
                        Collection time: 0.207s 
                          Learning time: 0.021s 
                        Mean value loss: 0.0015
                    Mean surrogate loss: -0.0000
                      Mean entropy loss: -1.7386
                            Mean reward: 30.73
                    Mean episode length: 1000.00
                        Mean action std: 0.04
--------------------------------------------------------------------------------
                         Iteration time: 0.23s
                           Time elapsed: 00:01:26
                                    ETA: 00:00:28

################################################################################
[1m                           Learning iteration 375/500                           [0m 

                            Total steps: 770048 
                       Steps per second: 9291 
                        Collection time: 0.199s 
                          Learning time: 0.021s 
                        Mean value loss: 0.0050
                    Mean surrogate loss: 0.0029
                      Mean entropy loss: -1.7441
                            Mean reward: 30.73
                    Mean episode length: 1000.00
                        Mean action std: 0.04
--------------------------------------------------------------------------------
                         Iteration time: 0.22s
                           Time elapsed: 00:01:26
                                    ETA: 00:00:28

################################################################################
[1m                           Learning iteration 376/500                           [0m 

                            Total steps: 772096 
                       Steps per second: 9084 
                        Collection time: 0.204s 
                          Learning time: 0.021s 
                        Mean value loss: 0.0035
                    Mean surrogate loss: 0.0003
                      Mean entropy loss: -1.7463
                            Mean reward: 30.73
                    Mean episode length: 1000.00
                        Mean action std: 0.04
--------------------------------------------------------------------------------
                         Iteration time: 0.23s
                           Time elapsed: 00:01:27
                                    ETA: 00:00:28

################################################################################
[1m                           Learning iteration 377/500                           [0m 

                            Total steps: 774144 
                       Steps per second: 9277 
                        Collection time: 0.200s 
                          Learning time: 0.021s 
                        Mean value loss: 0.0012
                    Mean surrogate loss: 0.0012
                      Mean entropy loss: -1.7744
                            Mean reward: 30.73
                    Mean episode length: 1000.00
                        Mean action std: 0.04
--------------------------------------------------------------------------------
                         Iteration time: 0.22s
                           Time elapsed: 00:01:27
                                    ETA: 00:00:28

################################################################################
[1m                           Learning iteration 378/500                           [0m 

                            Total steps: 776192 
                       Steps per second: 9229 
                        Collection time: 0.201s 
                          Learning time: 0.021s 
                        Mean value loss: 0.0033
                    Mean surrogate loss: 0.0058
                      Mean entropy loss: -1.7786
                            Mean reward: 30.73
                    Mean episode length: 1000.00
                        Mean action std: 0.04
--------------------------------------------------------------------------------
                         Iteration time: 0.22s
                           Time elapsed: 00:01:27
                                    ETA: 00:00:27

################################################################################
[1m                           Learning iteration 379/500                           [0m 

                            Total steps: 778240 
                       Steps per second: 9298 
                        Collection time: 0.199s 
                          Learning time: 0.021s 
                        Mean value loss: 0.0016
                    Mean surrogate loss: -0.0005
                      Mean entropy loss: -1.7929
                            Mean reward: 30.73
                    Mean episode length: 1000.00
                        Mean action std: 0.04
--------------------------------------------------------------------------------
                         Iteration time: 0.22s
                           Time elapsed: 00:01:27
                                    ETA: 00:00:27

################################################################################
[1m                           Learning iteration 380/500                           [0m 

                            Total steps: 780288 
                       Steps per second: 9146 
                        Collection time: 0.203s 
                          Learning time: 0.021s 
                        Mean value loss: 0.0021
                    Mean surrogate loss: 0.0001
                      Mean entropy loss: -1.8023
                            Mean reward: 30.73
                    Mean episode length: 1000.00
                        Mean action std: 0.04
--------------------------------------------------------------------------------
                         Iteration time: 0.22s
                           Time elapsed: 00:01:28
                                    ETA: 00:00:27

################################################################################
[1m                           Learning iteration 381/500                           [0m 

                            Total steps: 782336 
                       Steps per second: 9248 
                        Collection time: 0.200s 
                          Learning time: 0.022s 
                        Mean value loss: 0.0019
                    Mean surrogate loss: -0.0005
                      Mean entropy loss: -1.8118
                            Mean reward: 30.73
                    Mean episode length: 1000.00
                        Mean action std: 0.04
--------------------------------------------------------------------------------
                         Iteration time: 0.22s
                           Time elapsed: 00:01:28
                                    ETA: 00:00:27

################################################################################
[1m                           Learning iteration 382/500                           [0m 

                            Total steps: 784384 
                       Steps per second: 9164 
                        Collection time: 0.201s 
                          Learning time: 0.022s 
                        Mean value loss: 0.0010
                    Mean surrogate loss: -0.0014
                      Mean entropy loss: -1.8326
                            Mean reward: 30.73
                    Mean episode length: 1000.00
                        Mean action std: 0.04
--------------------------------------------------------------------------------
                         Iteration time: 0.22s
                           Time elapsed: 00:01:28
                                    ETA: 00:00:27

################################################################################
[1m                           Learning iteration 383/500                           [0m 

                            Total steps: 786432 
                       Steps per second: 9297 
                        Collection time: 0.200s 
                          Learning time: 0.021s 
                        Mean value loss: 0.0020
                    Mean surrogate loss: 0.0035
                      Mean entropy loss: -1.8531
                            Mean reward: 30.73
                    Mean episode length: 1000.00
                        Mean action std: 0.04
--------------------------------------------------------------------------------
                         Iteration time: 0.22s
                           Time elapsed: 00:01:28
                                    ETA: 00:00:26

################################################################################
[1m                           Learning iteration 384/500                           [0m 

                            Total steps: 788480 
                       Steps per second: 9266 
                        Collection time: 0.200s 
                          Learning time: 0.021s 
                        Mean value loss: 0.0014
                    Mean surrogate loss: 0.0016
                      Mean entropy loss: -1.8668
                            Mean reward: 30.73
                    Mean episode length: 1000.00
                        Mean action std: 0.04
--------------------------------------------------------------------------------
                         Iteration time: 0.22s
                           Time elapsed: 00:01:28
                                    ETA: 00:00:26

################################################################################
[1m                           Learning iteration 385/500                           [0m 

                            Total steps: 790528 
                       Steps per second: 9162 
                        Collection time: 0.203s 
                          Learning time: 0.021s 
                        Mean value loss: 0.0011
                    Mean surrogate loss: -0.0018
                      Mean entropy loss: -1.8846
                            Mean reward: 30.73
                    Mean episode length: 1000.00
                        Mean action std: 0.04
--------------------------------------------------------------------------------
                         Iteration time: 0.22s
                           Time elapsed: 00:01:29
                                    ETA: 00:00:26

################################################################################
[1m                           Learning iteration 386/500                           [0m 

                            Total steps: 792576 
                       Steps per second: 9290 
                        Collection time: 0.200s 
                          Learning time: 0.021s 
                        Mean value loss: 0.0018
                    Mean surrogate loss: 0.0010
                      Mean entropy loss: -1.8591
                            Mean reward: 30.73
                    Mean episode length: 1000.00
                        Mean action std: 0.04
--------------------------------------------------------------------------------
                         Iteration time: 0.22s
                           Time elapsed: 00:01:29
                                    ETA: 00:00:26

################################################################################
[1m                           Learning iteration 387/500                           [0m 

                            Total steps: 794624 
                       Steps per second: 9240 
                        Collection time: 0.200s 
                          Learning time: 0.022s 
                        Mean value loss: 0.0011
                    Mean surrogate loss: 0.0023
                      Mean entropy loss: -1.8633
                            Mean reward: 30.73
                    Mean episode length: 1000.00
                        Mean action std: 0.04
--------------------------------------------------------------------------------
                         Iteration time: 0.22s
                           Time elapsed: 00:01:29
                                    ETA: 00:00:25

################################################################################
[1m                           Learning iteration 388/500                           [0m 

                            Total steps: 796672 
                       Steps per second: 9298 
                        Collection time: 0.199s 
                          Learning time: 0.021s 
                        Mean value loss: 0.0018
                    Mean surrogate loss: 0.0031
                      Mean entropy loss: -1.8477
                            Mean reward: 30.73
                    Mean episode length: 1000.00
                        Mean action std: 0.04
--------------------------------------------------------------------------------
                         Iteration time: 0.22s
                           Time elapsed: 00:01:29
                                    ETA: 00:00:25

################################################################################
[1m                           Learning iteration 389/500                           [0m 

                            Total steps: 798720 
                       Steps per second: 9130 
                        Collection time: 0.203s 
                          Learning time: 0.022s 
                        Mean value loss: 0.0012
                    Mean surrogate loss: 0.0007
                      Mean entropy loss: -1.8336
                            Mean reward: 30.73
                    Mean episode length: 1000.00
                        Mean action std: 0.04
--------------------------------------------------------------------------------
                         Iteration time: 0.22s
                           Time elapsed: 00:01:30
                                    ETA: 00:00:25

################################################################################
[1m                           Learning iteration 390/500                           [0m 

                            Total steps: 800768 
                       Steps per second: 9288 
                        Collection time: 0.200s 
                          Learning time: 0.020s 
                        Mean value loss: 0.0013
                    Mean surrogate loss: 0.0006
                      Mean entropy loss: -1.8848
                            Mean reward: 30.73
                    Mean episode length: 1000.00
                        Mean action std: 0.04
--------------------------------------------------------------------------------
                         Iteration time: 0.22s
                           Time elapsed: 00:01:30
                                    ETA: 00:00:25

################################################################################
[1m                           Learning iteration 391/500                           [0m 

                            Total steps: 802816 
                       Steps per second: 9141 
                        Collection time: 0.202s 
                          Learning time: 0.022s 
                        Mean value loss: 0.0015
                    Mean surrogate loss: 0.0038
                      Mean entropy loss: -1.8815
                            Mean reward: 30.73
                    Mean episode length: 1000.00
                        Mean action std: 0.04
--------------------------------------------------------------------------------
                         Iteration time: 0.22s
                           Time elapsed: 00:01:30
                                    ETA: 00:00:24

################################################################################
[1m                           Learning iteration 392/500                           [0m 

                            Total steps: 804864 
                       Steps per second: 9193 
                        Collection time: 0.202s 
                          Learning time: 0.021s 
                        Mean value loss: 0.0012
                    Mean surrogate loss: 0.0012
                      Mean entropy loss: -1.8867
                            Mean reward: 30.73
                    Mean episode length: 1000.00
                        Mean action std: 0.04
--------------------------------------------------------------------------------
                         Iteration time: 0.22s
                           Time elapsed: 00:01:30
                                    ETA: 00:00:24

################################################################################
[1m                           Learning iteration 393/500                           [0m 

                            Total steps: 806912 
                       Steps per second: 9244 
                        Collection time: 0.200s 
                          Learning time: 0.022s 
                        Mean value loss: 0.0016
                    Mean surrogate loss: 0.0036
                      Mean entropy loss: -1.8853
                            Mean reward: 30.73
                    Mean episode length: 1000.00
                        Mean action std: 0.04
--------------------------------------------------------------------------------
                         Iteration time: 0.22s
                           Time elapsed: 00:01:30
                                    ETA: 00:00:24

################################################################################
[1m                           Learning iteration 394/500                           [0m 

                            Total steps: 808960 
                       Steps per second: 9176 
                        Collection time: 0.202s 
                          Learning time: 0.021s 
                        Mean value loss: 0.0018
                    Mean surrogate loss: 0.0000
                      Mean entropy loss: -1.9027
                            Mean reward: 30.73
                    Mean episode length: 1000.00
                        Mean action std: 0.04
--------------------------------------------------------------------------------
                         Iteration time: 0.22s
                           Time elapsed: 00:01:31
                                    ETA: 00:00:24

################################################################################
[1m                           Learning iteration 395/500                           [0m 

                            Total steps: 811008 
                       Steps per second: 9228 
                        Collection time: 0.200s 
                          Learning time: 0.022s 
                        Mean value loss: 0.0018
                    Mean surrogate loss: 0.0012
                      Mean entropy loss: -1.9165
                            Mean reward: 30.73
                    Mean episode length: 1000.00
                        Mean action std: 0.04
--------------------------------------------------------------------------------
                         Iteration time: 0.22s
                           Time elapsed: 00:01:31
                                    ETA: 00:00:23

################################################################################
[1m                           Learning iteration 396/500                           [0m 

                            Total steps: 813056 
                       Steps per second: 9216 
                        Collection time: 0.202s 
                          Learning time: 0.021s 
                        Mean value loss: 0.0017
                    Mean surrogate loss: 0.0016
                      Mean entropy loss: -1.9189
                            Mean reward: 30.73
                    Mean episode length: 1000.00
                        Mean action std: 0.04
--------------------------------------------------------------------------------
                         Iteration time: 0.22s
                           Time elapsed: 00:01:31
                                    ETA: 00:00:23

################################################################################
[1m                           Learning iteration 397/500                           [0m 

                            Total steps: 815104 
                       Steps per second: 9196 
                        Collection time: 0.201s 
                          Learning time: 0.022s 
                        Mean value loss: 0.0018
                    Mean surrogate loss: -0.0004
                      Mean entropy loss: -1.9553
                            Mean reward: 30.73
                    Mean episode length: 1000.00
                        Mean action std: 0.03
--------------------------------------------------------------------------------
                         Iteration time: 0.22s
                           Time elapsed: 00:01:31
                                    ETA: 00:00:23

################################################################################
[1m                           Learning iteration 398/500                           [0m 

                            Total steps: 817152 
                       Steps per second: 9259 
                        Collection time: 0.200s 
                          Learning time: 0.021s 
                        Mean value loss: 0.0017
                    Mean surrogate loss: 0.0022
                      Mean entropy loss: -2.0240
                            Mean reward: 30.73
                    Mean episode length: 1000.00
                        Mean action std: 0.03
--------------------------------------------------------------------------------
                         Iteration time: 0.22s
                           Time elapsed: 00:01:32
                                    ETA: 00:00:23

################################################################################
[1m                           Learning iteration 399/500                           [0m 

                            Total steps: 819200 
                       Steps per second: 9273 
                        Collection time: 0.200s 
                          Learning time: 0.021s 
                        Mean value loss: 0.0016
                    Mean surrogate loss: 0.0007
                      Mean entropy loss: -2.0244
                            Mean reward: 30.73
                    Mean episode length: 1000.00
                        Mean action std: 0.03
--------------------------------------------------------------------------------
                         Iteration time: 0.22s
                           Time elapsed: 00:01:32
                                    ETA: 00:00:23

################################################################################
[1m                           Learning iteration 400/500                           [0m 

                            Total steps: 821248 
                       Steps per second: 9181 
                        Collection time: 0.202s 
                          Learning time: 0.021s 
                        Mean value loss: 0.0012
                    Mean surrogate loss: -0.0003
                      Mean entropy loss: -2.0478
                            Mean reward: 30.73
                    Mean episode length: 1000.00
                        Mean action std: 0.03
--------------------------------------------------------------------------------
                         Iteration time: 0.22s
                           Time elapsed: 00:01:32
                                    ETA: 00:00:22

################################################################################
[1m                           Learning iteration 401/500                           [0m 

                            Total steps: 823296 
                       Steps per second: 9325 
                        Collection time: 0.199s 
                          Learning time: 0.021s 
                        Mean value loss: 0.0014
                    Mean surrogate loss: 0.0017
                      Mean entropy loss: -2.0975
                            Mean reward: 30.73
                    Mean episode length: 1000.00
                        Mean action std: 0.03
--------------------------------------------------------------------------------
                         Iteration time: 0.22s
                           Time elapsed: 00:01:32
                                    ETA: 00:00:22

################################################################################
[1m                           Learning iteration 402/500                           [0m 

                            Total steps: 825344 
                       Steps per second: 9220 
                        Collection time: 0.201s 
                          Learning time: 0.022s 
                        Mean value loss: 0.0009
                    Mean surrogate loss: 0.0008
                      Mean entropy loss: -2.1343
                            Mean reward: 30.73
                    Mean episode length: 1000.00
                        Mean action std: 0.03
--------------------------------------------------------------------------------
                         Iteration time: 0.22s
                           Time elapsed: 00:01:32
                                    ETA: 00:00:22

################################################################################
[1m                           Learning iteration 403/500                           [0m 

                            Total steps: 827392 
                       Steps per second: 9144 
                        Collection time: 0.203s 
                          Learning time: 0.021s 
                        Mean value loss: 0.0015
                    Mean surrogate loss: 0.0004
                      Mean entropy loss: -2.1338
                            Mean reward: 30.73
                    Mean episode length: 1000.00
                        Mean action std: 0.03
--------------------------------------------------------------------------------
                         Iteration time: 0.22s
                           Time elapsed: 00:01:33
                                    ETA: 00:00:22

################################################################################
[1m                           Learning iteration 404/500                           [0m 

                            Total steps: 829440 
                       Steps per second: 9249 
                        Collection time: 0.201s 
                          Learning time: 0.021s 
                        Mean value loss: 0.0012
                    Mean surrogate loss: 0.0005
                      Mean entropy loss: -2.1082
                            Mean reward: 30.73
                    Mean episode length: 1000.00
                        Mean action std: 0.03
--------------------------------------------------------------------------------
                         Iteration time: 0.22s
                           Time elapsed: 00:01:33
                                    ETA: 00:00:21

################################################################################
[1m                           Learning iteration 405/500                           [0m 

                            Total steps: 831488 
                       Steps per second: 9195 
                        Collection time: 0.201s 
                          Learning time: 0.021s 
                        Mean value loss: 0.0016
                    Mean surrogate loss: 0.0031
                      Mean entropy loss: -2.0738
                            Mean reward: 30.73
                    Mean episode length: 1000.00
                        Mean action std: 0.03
--------------------------------------------------------------------------------
                         Iteration time: 0.22s
                           Time elapsed: 00:01:33
                                    ETA: 00:00:21

################################################################################
[1m                           Learning iteration 406/500                           [0m 

                            Total steps: 833536 
                       Steps per second: 9308 
                        Collection time: 0.199s 
                          Learning time: 0.021s 
                        Mean value loss: 0.0018
                    Mean surrogate loss: 0.0006
                      Mean entropy loss: -2.0792
                            Mean reward: 30.73
                    Mean episode length: 1000.00
                        Mean action std: 0.03
--------------------------------------------------------------------------------
                         Iteration time: 0.22s
                           Time elapsed: 00:01:33
                                    ETA: 00:00:21

################################################################################
[1m                           Learning iteration 407/500                           [0m 

                            Total steps: 835584 
                       Steps per second: 9139 
                        Collection time: 0.203s 
                          Learning time: 0.022s 
                        Mean value loss: 0.0013
                    Mean surrogate loss: 0.0027
                      Mean entropy loss: -2.0820
                            Mean reward: 30.73
                    Mean episode length: 1000.00
                        Mean action std: 0.03
--------------------------------------------------------------------------------
                         Iteration time: 0.22s
                           Time elapsed: 00:01:34
                                    ETA: 00:00:21

################################################################################
[1m                           Learning iteration 408/500                           [0m 

                            Total steps: 837632 
                       Steps per second: 9236 
                        Collection time: 0.201s 
                          Learning time: 0.021s 
                        Mean value loss: 0.0015
                    Mean surrogate loss: 0.0030
                      Mean entropy loss: -2.1238
                            Mean reward: 30.73
                    Mean episode length: 1000.00
                        Mean action std: 0.03
--------------------------------------------------------------------------------
                         Iteration time: 0.22s
                           Time elapsed: 00:01:34
                                    ETA: 00:00:20

################################################################################
[1m                           Learning iteration 409/500                           [0m 

                            Total steps: 839680 
                       Steps per second: 9182 
                        Collection time: 0.202s 
                          Learning time: 0.021s 
                        Mean value loss: 0.0014
                    Mean surrogate loss: 0.0089
                      Mean entropy loss: -2.1142
                            Mean reward: 30.73
                    Mean episode length: 1000.00
                        Mean action std: 0.03
--------------------------------------------------------------------------------
                         Iteration time: 0.22s
                           Time elapsed: 00:01:34
                                    ETA: 00:00:20

################################################################################
[1m                           Learning iteration 410/500                           [0m 

                            Total steps: 841728 
                       Steps per second: 9301 
                        Collection time: 0.199s 
                          Learning time: 0.021s 
                        Mean value loss: 0.0012
                    Mean surrogate loss: 0.0054
                      Mean entropy loss: -2.1380
                            Mean reward: 30.73
                    Mean episode length: 1000.00
                        Mean action std: 0.03
--------------------------------------------------------------------------------
                         Iteration time: 0.22s
                           Time elapsed: 00:01:34
                                    ETA: 00:00:20

################################################################################
[1m                           Learning iteration 411/500                           [0m 

                            Total steps: 843776 
                       Steps per second: 9282 
                        Collection time: 0.200s 
                          Learning time: 0.021s 
                        Mean value loss: 0.0016
                    Mean surrogate loss: 0.0033
                      Mean entropy loss: -2.1442
                            Mean reward: 30.73
                    Mean episode length: 1000.00
                        Mean action std: 0.03
--------------------------------------------------------------------------------
                         Iteration time: 0.22s
                           Time elapsed: 00:01:34
                                    ETA: 00:00:20

################################################################################
[1m                           Learning iteration 412/500                           [0m 

                            Total steps: 845824 
                       Steps per second: 9147 
                        Collection time: 0.203s 
                          Learning time: 0.021s 
                        Mean value loss: 0.0010
                    Mean surrogate loss: 0.0012
                      Mean entropy loss: -2.1737
                            Mean reward: 30.73
                    Mean episode length: 1000.00
                        Mean action std: 0.03
--------------------------------------------------------------------------------
                         Iteration time: 0.22s
                           Time elapsed: 00:01:35
                                    ETA: 00:00:20

################################################################################
[1m                           Learning iteration 413/500                           [0m 

                            Total steps: 847872 
                       Steps per second: 9240 
                        Collection time: 0.201s 
                          Learning time: 0.021s 
                        Mean value loss: 0.0010
                    Mean surrogate loss: 0.0012
                      Mean entropy loss: -2.1999
                            Mean reward: 30.73
                    Mean episode length: 1000.00
                        Mean action std: 0.03
--------------------------------------------------------------------------------
                         Iteration time: 0.22s
                           Time elapsed: 00:01:35
                                    ETA: 00:00:19

################################################################################
[1m                           Learning iteration 414/500                           [0m 

                            Total steps: 849920 
                       Steps per second: 9204 
                        Collection time: 0.202s 
                          Learning time: 0.021s 
                        Mean value loss: 0.0016
                    Mean surrogate loss: 0.0047
                      Mean entropy loss: -2.2120
                            Mean reward: 30.73
                    Mean episode length: 1000.00
                        Mean action std: 0.03
--------------------------------------------------------------------------------
                         Iteration time: 0.22s
                           Time elapsed: 00:01:35
                                    ETA: 00:00:19

################################################################################
[1m                           Learning iteration 415/500                           [0m 

                            Total steps: 851968 
                       Steps per second: 9206 
                        Collection time: 0.201s 
                          Learning time: 0.021s 
                        Mean value loss: 0.0008
                    Mean surrogate loss: 0.0091
                      Mean entropy loss: -2.1998
                            Mean reward: 30.73
                    Mean episode length: 1000.00
                        Mean action std: 0.03
--------------------------------------------------------------------------------
                         Iteration time: 0.22s
                           Time elapsed: 00:01:35
                                    ETA: 00:00:19

################################################################################
[1m                           Learning iteration 416/500                           [0m 

                            Total steps: 854016 
                       Steps per second: 9118 
                        Collection time: 0.203s 
                          Learning time: 0.022s 
                        Mean value loss: 0.0015
                    Mean surrogate loss: 0.0005
                      Mean entropy loss: -2.2048
                            Mean reward: 30.73
                    Mean episode length: 1000.00
                        Mean action std: 0.03
--------------------------------------------------------------------------------
                         Iteration time: 0.22s
                           Time elapsed: 00:01:36
                                    ETA: 00:00:19

################################################################################
[1m                           Learning iteration 417/500                           [0m 

                            Total steps: 856064 
                       Steps per second: 9251 
                        Collection time: 0.201s 
                          Learning time: 0.021s 
                        Mean value loss: 0.0014
                    Mean surrogate loss: 0.0022
                      Mean entropy loss: -2.2308
                            Mean reward: 30.73
                    Mean episode length: 1000.00
                        Mean action std: 0.03
--------------------------------------------------------------------------------
                         Iteration time: 0.22s
                           Time elapsed: 00:01:36
                                    ETA: 00:00:18

################################################################################
[1m                           Learning iteration 418/500                           [0m 

                            Total steps: 858112 
                       Steps per second: 9249 
                        Collection time: 0.200s 
                          Learning time: 0.021s 
                        Mean value loss: 0.0012
                    Mean surrogate loss: 0.0028
                      Mean entropy loss: -2.2286
                            Mean reward: 30.73
                    Mean episode length: 1000.00
                        Mean action std: 0.03
--------------------------------------------------------------------------------
                         Iteration time: 0.22s
                           Time elapsed: 00:01:36
                                    ETA: 00:00:18

################################################################################
[1m                           Learning iteration 419/500                           [0m 

                            Total steps: 860160 
                       Steps per second: 9252 
                        Collection time: 0.201s 
                          Learning time: 0.020s 
                        Mean value loss: 0.0011
                    Mean surrogate loss: 0.0022
                      Mean entropy loss: -2.2109
                            Mean reward: 30.73
                    Mean episode length: 1000.00
                        Mean action std: 0.03
--------------------------------------------------------------------------------
                         Iteration time: 0.22s
                           Time elapsed: 00:01:36
                                    ETA: 00:00:18

################################################################################
[1m                           Learning iteration 420/500                           [0m 

                            Total steps: 862208 
                       Steps per second: 9282 
                        Collection time: 0.200s 
                          Learning time: 0.021s 
                        Mean value loss: 0.0012
                    Mean surrogate loss: 0.0005
                      Mean entropy loss: -2.2129
                            Mean reward: 30.73
                    Mean episode length: 1000.00
                        Mean action std: 0.03
--------------------------------------------------------------------------------
                         Iteration time: 0.22s
                           Time elapsed: 00:01:36
                                    ETA: 00:00:18

################################################################################
[1m                           Learning iteration 421/500                           [0m 

                            Total steps: 864256 
                       Steps per second: 9176 
                        Collection time: 0.203s 
                          Learning time: 0.021s 
                        Mean value loss: 0.0011
                    Mean surrogate loss: 0.0155
                      Mean entropy loss: -2.2426
                            Mean reward: 30.73
                    Mean episode length: 1000.00
                        Mean action std: 0.03
--------------------------------------------------------------------------------
                         Iteration time: 0.22s
                           Time elapsed: 00:01:37
                                    ETA: 00:00:17

################################################################################
[1m                           Learning iteration 422/500                           [0m 

                            Total steps: 866304 
                       Steps per second: 9291 
                        Collection time: 0.200s 
                          Learning time: 0.021s 
                        Mean value loss: 0.0013
                    Mean surrogate loss: 0.0035
                      Mean entropy loss: -2.2540
                            Mean reward: 30.73
                    Mean episode length: 1000.00
                        Mean action std: 0.03
--------------------------------------------------------------------------------
                         Iteration time: 0.22s
                           Time elapsed: 00:01:37
                                    ETA: 00:00:17

################################################################################
[1m                           Learning iteration 423/500                           [0m 

                            Total steps: 868352 
                       Steps per second: 9227 
                        Collection time: 0.201s 
                          Learning time: 0.021s 
                        Mean value loss: 0.0013
                    Mean surrogate loss: 0.0009
                      Mean entropy loss: -2.2576
                            Mean reward: 30.73
                    Mean episode length: 1000.00
                        Mean action std: 0.03
--------------------------------------------------------------------------------
                         Iteration time: 0.22s
                           Time elapsed: 00:01:37
                                    ETA: 00:00:17

################################################################################
[1m                           Learning iteration 424/500                           [0m 

                            Total steps: 870400 
                       Steps per second: 9256 
                        Collection time: 0.201s 
                          Learning time: 0.021s 
                        Mean value loss: 0.0014
                    Mean surrogate loss: 0.0065
                      Mean entropy loss: -2.2538
                            Mean reward: 30.73
                    Mean episode length: 1000.00
                        Mean action std: 0.03
--------------------------------------------------------------------------------
                         Iteration time: 0.22s
                           Time elapsed: 00:01:37
                                    ETA: 00:00:17

################################################################################
[1m                           Learning iteration 425/500                           [0m 

                            Total steps: 872448 
                       Steps per second: 9190 
                        Collection time: 0.202s 
                          Learning time: 0.021s 
                        Mean value loss: 0.0014
                    Mean surrogate loss: 0.0105
                      Mean entropy loss: -2.2682
                            Mean reward: 30.73
                    Mean episode length: 1000.00
                        Mean action std: 0.02
--------------------------------------------------------------------------------
                         Iteration time: 0.22s
                           Time elapsed: 00:01:38
                                    ETA: 00:00:17

################################################################################
[1m                           Learning iteration 426/500                           [0m 

                            Total steps: 874496 
                       Steps per second: 9257 
                        Collection time: 0.199s 
                          Learning time: 0.022s 
                        Mean value loss: 0.0012
                    Mean surrogate loss: 0.0051
                      Mean entropy loss: -2.2922
                            Mean reward: 30.73
                    Mean episode length: 1000.00
                        Mean action std: 0.02
--------------------------------------------------------------------------------
                         Iteration time: 0.22s
                           Time elapsed: 00:01:38
                                    ETA: 00:00:16

################################################################################
[1m                           Learning iteration 427/500                           [0m 

                            Total steps: 876544 
                       Steps per second: 9172 
                        Collection time: 0.202s 
                          Learning time: 0.022s 
                        Mean value loss: 0.0013
                    Mean surrogate loss: 0.0011
                      Mean entropy loss: -2.3055
                            Mean reward: 30.73
                    Mean episode length: 1000.00
                        Mean action std: 0.02
--------------------------------------------------------------------------------
                         Iteration time: 0.22s
                           Time elapsed: 00:01:38
                                    ETA: 00:00:16

################################################################################
[1m                           Learning iteration 428/500                           [0m 

                            Total steps: 878592 
                       Steps per second: 9314 
                        Collection time: 0.199s 
                          Learning time: 0.021s 
                        Mean value loss: 0.0011
                    Mean surrogate loss: 0.0093
                      Mean entropy loss: -2.3314
                            Mean reward: 30.73
                    Mean episode length: 1000.00
                        Mean action std: 0.02
--------------------------------------------------------------------------------
                         Iteration time: 0.22s
                           Time elapsed: 00:01:38
                                    ETA: 00:00:16

################################################################################
[1m                           Learning iteration 429/500                           [0m 

                            Total steps: 880640 
                       Steps per second: 9255 
                        Collection time: 0.200s 
                          Learning time: 0.022s 
                        Mean value loss: 0.0011
                    Mean surrogate loss: 0.0055
                      Mean entropy loss: -2.3814
                            Mean reward: 30.73
                    Mean episode length: 1000.00
                        Mean action std: 0.02
--------------------------------------------------------------------------------
                         Iteration time: 0.22s
                           Time elapsed: 00:01:38
                                    ETA: 00:00:16

################################################################################
[1m                           Learning iteration 430/500                           [0m 

                            Total steps: 882688 
                       Steps per second: 9162 
                        Collection time: 0.202s 
                          Learning time: 0.021s 
                        Mean value loss: 0.0009
                    Mean surrogate loss: 0.0011
                      Mean entropy loss: -2.4356
                            Mean reward: 30.73
                    Mean episode length: 1000.00
                        Mean action std: 0.02
--------------------------------------------------------------------------------
                         Iteration time: 0.22s
                           Time elapsed: 00:01:39
                                    ETA: 00:00:15

################################################################################
[1m                           Learning iteration 431/500                           [0m 

                            Total steps: 884736 
                       Steps per second: 9278 
                        Collection time: 0.200s 
                          Learning time: 0.020s 
                        Mean value loss: 0.0008
                    Mean surrogate loss: 0.0126
                      Mean entropy loss: -2.3909
                            Mean reward: 30.73
                    Mean episode length: 1000.00
                        Mean action std: 0.02
--------------------------------------------------------------------------------
                         Iteration time: 0.22s
                           Time elapsed: 00:01:39
                                    ETA: 00:00:15

################################################################################
[1m                           Learning iteration 432/500                           [0m 

                            Total steps: 886784 
                       Steps per second: 9244 
                        Collection time: 0.201s 
                          Learning time: 0.021s 
                        Mean value loss: 0.0009
                    Mean surrogate loss: 0.0067
                      Mean entropy loss: -2.3922
                            Mean reward: 30.73
                    Mean episode length: 1000.00
                        Mean action std: 0.02
--------------------------------------------------------------------------------
                         Iteration time: 0.22s
                           Time elapsed: 00:01:39
                                    ETA: 00:00:15

################################################################################
[1m                           Learning iteration 433/500                           [0m 

                            Total steps: 888832 
                       Steps per second: 9216 
                        Collection time: 0.200s 
                          Learning time: 0.022s 
                        Mean value loss: 0.0009
                    Mean surrogate loss: 0.0074
                      Mean entropy loss: -2.3954
                            Mean reward: 30.73
                    Mean episode length: 1000.00
                        Mean action std: 0.02
--------------------------------------------------------------------------------
                         Iteration time: 0.22s
                           Time elapsed: 00:01:39
                                    ETA: 00:00:15

################################################################################
[1m                           Learning iteration 434/500                           [0m 

                            Total steps: 890880 
                       Steps per second: 9156 
                        Collection time: 0.203s 
                          Learning time: 0.021s 
                        Mean value loss: 0.0011
                    Mean surrogate loss: 0.0011
                      Mean entropy loss: -2.3834
                            Mean reward: 30.73
                    Mean episode length: 1000.00
                        Mean action std: 0.02
--------------------------------------------------------------------------------
                         Iteration time: 0.22s
                           Time elapsed: 00:01:39
                                    ETA: 00:00:14

################################################################################
[1m                           Learning iteration 435/500                           [0m 

                            Total steps: 892928 
                       Steps per second: 9245 
                        Collection time: 0.201s 
                          Learning time: 0.021s 
                        Mean value loss: 0.0015
                    Mean surrogate loss: 0.0020
                      Mean entropy loss: -2.3527
                            Mean reward: 30.73
                    Mean episode length: 1000.00
                        Mean action std: 0.02
--------------------------------------------------------------------------------
                         Iteration time: 0.22s
                           Time elapsed: 00:01:40
                                    ETA: 00:00:14

################################################################################
[1m                           Learning iteration 436/500                           [0m 

                            Total steps: 894976 
                       Steps per second: 9212 
                        Collection time: 0.201s 
                          Learning time: 0.021s 
                        Mean value loss: 0.0012
                    Mean surrogate loss: 0.0064
                      Mean entropy loss: -2.3633
                            Mean reward: 30.73
                    Mean episode length: 1000.00
                        Mean action std: 0.02
--------------------------------------------------------------------------------
                         Iteration time: 0.22s
                           Time elapsed: 00:01:40
                                    ETA: 00:00:14

################################################################################
[1m                           Learning iteration 437/500                           [0m 

                            Total steps: 897024 
                       Steps per second: 8976 
                        Collection time: 0.208s 
                          Learning time: 0.021s 
                        Mean value loss: 0.0015
                    Mean surrogate loss: 0.0042
                      Mean entropy loss: -2.3674
                            Mean reward: 31.52
                    Mean episode length: 1000.00
                        Mean action std: 0.02
--------------------------------------------------------------------------------
                         Iteration time: 0.23s
                           Time elapsed: 00:01:40
                                    ETA: 00:00:14

################################################################################
[1m                           Learning iteration 438/500                           [0m 

                            Total steps: 899072 
                       Steps per second: 9113 
                        Collection time: 0.202s 
                          Learning time: 0.023s 
                        Mean value loss: 0.0025
                    Mean surrogate loss: 0.0004
                      Mean entropy loss: -2.3579
                            Mean reward: 31.52
                    Mean episode length: 1000.00
                        Mean action std: 0.02
--------------------------------------------------------------------------------
                         Iteration time: 0.22s
                           Time elapsed: 00:01:40
                                    ETA: 00:00:14

################################################################################
[1m                           Learning iteration 439/500                           [0m 

                            Total steps: 901120 
                       Steps per second: 9194 
                        Collection time: 0.202s 
                          Learning time: 0.021s 
                        Mean value loss: 0.0005
                    Mean surrogate loss: 0.0075
                      Mean entropy loss: -2.3605
                            Mean reward: 31.52
                    Mean episode length: 1000.00
                        Mean action std: 0.02
--------------------------------------------------------------------------------
                         Iteration time: 0.22s
                           Time elapsed: 00:01:41
                                    ETA: 00:00:13

################################################################################
[1m                           Learning iteration 440/500                           [0m 

                            Total steps: 903168 
                       Steps per second: 9226 
                        Collection time: 0.201s 
                          Learning time: 0.021s 
                        Mean value loss: 0.0018
                    Mean surrogate loss: 0.0030
                      Mean entropy loss: -2.3572
                            Mean reward: 31.52
                    Mean episode length: 1000.00
                        Mean action std: 0.02
--------------------------------------------------------------------------------
                         Iteration time: 0.22s
                           Time elapsed: 00:01:41
                                    ETA: 00:00:13

################################################################################
[1m                           Learning iteration 441/500                           [0m 

                            Total steps: 905216 
                       Steps per second: 9119 
                        Collection time: 0.203s 
                          Learning time: 0.022s 
                        Mean value loss: 0.0010
                    Mean surrogate loss: 0.0042
                      Mean entropy loss: -2.4041
                            Mean reward: 31.52
                    Mean episode length: 1000.00
                        Mean action std: 0.02
--------------------------------------------------------------------------------
                         Iteration time: 0.22s
                           Time elapsed: 00:01:41
                                    ETA: 00:00:13

################################################################################
[1m                           Learning iteration 442/500                           [0m 

                            Total steps: 907264 
                       Steps per second: 9229 
                        Collection time: 0.200s 
                          Learning time: 0.022s 
                        Mean value loss: 0.0007
                    Mean surrogate loss: 0.0005
                      Mean entropy loss: -2.3935
                            Mean reward: 31.52
                    Mean episode length: 1000.00
                        Mean action std: 0.02
--------------------------------------------------------------------------------
                         Iteration time: 0.22s
                           Time elapsed: 00:01:41
                                    ETA: 00:00:13

################################################################################
[1m                           Learning iteration 443/500                           [0m 

                            Total steps: 909312 
                       Steps per second: 9149 
                        Collection time: 0.202s 
                          Learning time: 0.022s 
                        Mean value loss: 0.0025
                    Mean surrogate loss: 0.0120
                      Mean entropy loss: -2.3689
                            Mean reward: 31.52
                    Mean episode length: 1000.00
                        Mean action std: 0.02
--------------------------------------------------------------------------------
                         Iteration time: 0.22s
                           Time elapsed: 00:01:42
                                    ETA: 00:00:12

################################################################################
[1m                           Learning iteration 444/500                           [0m 

                            Total steps: 911360 
                       Steps per second: 9282 
                        Collection time: 0.200s 
                          Learning time: 0.021s 
                        Mean value loss: 0.0009
                    Mean surrogate loss: 0.0195
                      Mean entropy loss: -2.3520
                            Mean reward: 31.52
                    Mean episode length: 1000.00
                        Mean action std: 0.02
--------------------------------------------------------------------------------
                         Iteration time: 0.22s
                           Time elapsed: 00:01:42
                                    ETA: 00:00:12

################################################################################
[1m                           Learning iteration 445/500                           [0m 

                            Total steps: 913408 
                       Steps per second: 9164 
                        Collection time: 0.203s 
                          Learning time: 0.021s 
                        Mean value loss: 0.0010
                    Mean surrogate loss: 0.0076
                      Mean entropy loss: -2.3647
                            Mean reward: 31.52
                    Mean episode length: 1000.00
                        Mean action std: 0.02
--------------------------------------------------------------------------------
                         Iteration time: 0.22s
                           Time elapsed: 00:01:42
                                    ETA: 00:00:12

################################################################################
[1m                           Learning iteration 446/500                           [0m 

                            Total steps: 915456 
                       Steps per second: 9274 
                        Collection time: 0.200s 
                          Learning time: 0.021s 
                        Mean value loss: 0.0016
                    Mean surrogate loss: 0.0233
                      Mean entropy loss: -2.3615
                            Mean reward: 31.52
                    Mean episode length: 1000.00
                        Mean action std: 0.02
--------------------------------------------------------------------------------
                         Iteration time: 0.22s
                           Time elapsed: 00:01:42
                                    ETA: 00:00:12

################################################################################
[1m                           Learning iteration 447/500                           [0m 

                            Total steps: 917504 
                       Steps per second: 9182 
                        Collection time: 0.201s 
                          Learning time: 0.022s 
                        Mean value loss: 0.0006
                    Mean surrogate loss: 0.0005
                      Mean entropy loss: -2.3455
                            Mean reward: 31.52
                    Mean episode length: 1000.00
                        Mean action std: 0.02
--------------------------------------------------------------------------------
                         Iteration time: 0.22s
                           Time elapsed: 00:01:42
                                    ETA: 00:00:11

################################################################################
[1m                           Learning iteration 448/500                           [0m 

                            Total steps: 919552 
                       Steps per second: 9209 
                        Collection time: 0.201s 
                          Learning time: 0.021s 
                        Mean value loss: 0.0011
                    Mean surrogate loss: 0.0075
                      Mean entropy loss: -2.3688
                            Mean reward: 31.52
                    Mean episode length: 1000.00
                        Mean action std: 0.02
--------------------------------------------------------------------------------
                         Iteration time: 0.22s
                           Time elapsed: 00:01:43
                                    ETA: 00:00:11

################################################################################
[1m                           Learning iteration 449/500                           [0m 

                            Total steps: 921600 
                       Steps per second: 9181 
                        Collection time: 0.201s 
                          Learning time: 0.022s 
                        Mean value loss: 0.0011
                    Mean surrogate loss: 0.0027
                      Mean entropy loss: -2.3591
                            Mean reward: 31.52
                    Mean episode length: 1000.00
                        Mean action std: 0.02
--------------------------------------------------------------------------------
                         Iteration time: 0.22s
                           Time elapsed: 00:01:43
                                    ETA: 00:00:11

################################################################################
[1m                           Learning iteration 450/500                           [0m 

                            Total steps: 923648 
                       Steps per second: 9223 
                        Collection time: 0.201s 
                          Learning time: 0.021s 
                        Mean value loss: 0.0009
                    Mean surrogate loss: 0.0029
                      Mean entropy loss: -2.3407
                            Mean reward: 31.52
                    Mean episode length: 1000.00
                        Mean action std: 0.02
--------------------------------------------------------------------------------
                         Iteration time: 0.22s
                           Time elapsed: 00:01:43
                                    ETA: 00:00:11

################################################################################
[1m                           Learning iteration 451/500                           [0m 

                            Total steps: 925696 
                       Steps per second: 9205 
                        Collection time: 0.201s 
                          Learning time: 0.021s 
                        Mean value loss: 0.0016
                    Mean surrogate loss: 0.0077
                      Mean entropy loss: -2.3464
                            Mean reward: 31.52
                    Mean episode length: 1000.00
                        Mean action std: 0.02
--------------------------------------------------------------------------------
                         Iteration time: 0.22s
                           Time elapsed: 00:01:43
                                    ETA: 00:00:11

################################################################################
[1m                           Learning iteration 452/500                           [0m 

                            Total steps: 927744 
                       Steps per second: 9167 
                        Collection time: 0.203s 
                          Learning time: 0.021s 
                        Mean value loss: 0.0013
                    Mean surrogate loss: 0.0036
                      Mean entropy loss: -2.3688
                            Mean reward: 31.52
                    Mean episode length: 1000.00
                        Mean action std: 0.02
--------------------------------------------------------------------------------
                         Iteration time: 0.22s
                           Time elapsed: 00:01:44
                                    ETA: 00:00:10

################################################################################
[1m                           Learning iteration 453/500                           [0m 

                            Total steps: 929792 
                       Steps per second: 9260 
                        Collection time: 0.200s 
                          Learning time: 0.021s 
                        Mean value loss: 0.0010
                    Mean surrogate loss: 0.0017
                      Mean entropy loss: -2.4405
                            Mean reward: 31.52
                    Mean episode length: 1000.00
                        Mean action std: 0.02
--------------------------------------------------------------------------------
                         Iteration time: 0.22s
                           Time elapsed: 00:01:44
                                    ETA: 00:00:10

################################################################################
[1m                           Learning iteration 454/500                           [0m 

                            Total steps: 931840 
                       Steps per second: 9168 
                        Collection time: 0.202s 
                          Learning time: 0.021s 
                        Mean value loss: 0.0017
                    Mean surrogate loss: 0.0077
                      Mean entropy loss: -2.4290
                            Mean reward: 31.52
                    Mean episode length: 1000.00
                        Mean action std: 0.02
--------------------------------------------------------------------------------
                         Iteration time: 0.22s
                           Time elapsed: 00:01:44
                                    ETA: 00:00:10

################################################################################
[1m                           Learning iteration 455/500                           [0m 

                            Total steps: 933888 
                       Steps per second: 9298 
                        Collection time: 0.199s 
                          Learning time: 0.021s 
                        Mean value loss: 0.0013
                    Mean surrogate loss: 0.0046
                      Mean entropy loss: -2.4553
                            Mean reward: 31.52
                    Mean episode length: 1000.00
                        Mean action std: 0.02
--------------------------------------------------------------------------------
                         Iteration time: 0.22s
                           Time elapsed: 00:01:44
                                    ETA: 00:00:10

################################################################################
[1m                           Learning iteration 456/500                           [0m 

                            Total steps: 935936 
                       Steps per second: 9204 
                        Collection time: 0.201s 
                          Learning time: 0.021s 
                        Mean value loss: 0.0011
                    Mean surrogate loss: 0.0171
                      Mean entropy loss: -2.4699
                            Mean reward: 31.52
                    Mean episode length: 1000.00
                        Mean action std: 0.02
--------------------------------------------------------------------------------
                         Iteration time: 0.22s
                           Time elapsed: 00:01:44
                                    ETA: 00:00:09

################################################################################
[1m                           Learning iteration 457/500                           [0m 

                            Total steps: 937984 
                       Steps per second: 9197 
                        Collection time: 0.202s 
                          Learning time: 0.021s 
                        Mean value loss: 0.0016
                    Mean surrogate loss: 0.0030
                      Mean entropy loss: -2.4601
                            Mean reward: 31.52
                    Mean episode length: 1000.00
                        Mean action std: 0.02
--------------------------------------------------------------------------------
                         Iteration time: 0.22s
                           Time elapsed: 00:01:45
                                    ETA: 00:00:09

################################################################################
[1m                           Learning iteration 458/500                           [0m 

                            Total steps: 940032 
                       Steps per second: 9255 
                        Collection time: 0.200s 
                          Learning time: 0.022s 
                        Mean value loss: 0.0009
                    Mean surrogate loss: 0.0019
                      Mean entropy loss: -2.4657
                            Mean reward: 31.52
                    Mean episode length: 1000.00
                        Mean action std: 0.02
--------------------------------------------------------------------------------
                         Iteration time: 0.22s
                           Time elapsed: 00:01:45
                                    ETA: 00:00:09

################################################################################
[1m                           Learning iteration 459/500                           [0m 

                            Total steps: 942080 
                       Steps per second: 9241 
                        Collection time: 0.201s 
                          Learning time: 0.021s 
                        Mean value loss: 0.0011
                    Mean surrogate loss: 0.0011
                      Mean entropy loss: -2.4278
                            Mean reward: 31.52
                    Mean episode length: 1000.00
                        Mean action std: 0.02
--------------------------------------------------------------------------------
                         Iteration time: 0.22s
                           Time elapsed: 00:01:45
                                    ETA: 00:00:09

################################################################################
[1m                           Learning iteration 460/500                           [0m 

                            Total steps: 944128 
                       Steps per second: 9230 
                        Collection time: 0.201s 
                          Learning time: 0.021s 
                        Mean value loss: 0.0016
                    Mean surrogate loss: 0.0025
                      Mean entropy loss: -2.4926
                            Mean reward: 31.52
                    Mean episode length: 1000.00
                        Mean action std: 0.02
--------------------------------------------------------------------------------
                         Iteration time: 0.22s
                           Time elapsed: 00:01:45
                                    ETA: 00:00:08

################################################################################
[1m                           Learning iteration 461/500                           [0m 

                            Total steps: 946176 
                       Steps per second: 9147 
                        Collection time: 0.203s 
                          Learning time: 0.021s 
                        Mean value loss: 0.0008
                    Mean surrogate loss: 0.0002
                      Mean entropy loss: -2.5070
                            Mean reward: 31.52
                    Mean episode length: 1000.00
                        Mean action std: 0.02
--------------------------------------------------------------------------------
                         Iteration time: 0.22s
                           Time elapsed: 00:01:46
                                    ETA: 00:00:08

################################################################################
[1m                           Learning iteration 462/500                           [0m 

                            Total steps: 948224 
                       Steps per second: 9247 
                        Collection time: 0.200s 
                          Learning time: 0.021s 
                        Mean value loss: 0.0012
                    Mean surrogate loss: 0.0040
                      Mean entropy loss: -2.5198
                            Mean reward: 31.52
                    Mean episode length: 1000.00
                        Mean action std: 0.02
--------------------------------------------------------------------------------
                         Iteration time: 0.22s
                           Time elapsed: 00:01:46
                                    ETA: 00:00:08

################################################################################
[1m                           Learning iteration 463/500                           [0m 

                            Total steps: 950272 
                       Steps per second: 9134 
                        Collection time: 0.203s 
                          Learning time: 0.021s 
                        Mean value loss: 0.0013
                    Mean surrogate loss: 0.0047
                      Mean entropy loss: -2.5472
                            Mean reward: 31.52
                    Mean episode length: 1000.00
                        Mean action std: 0.02
--------------------------------------------------------------------------------
                         Iteration time: 0.22s
                           Time elapsed: 00:01:46
                                    ETA: 00:00:08

################################################################################
[1m                           Learning iteration 464/500                           [0m 

                            Total steps: 952320 
                       Steps per second: 9261 
                        Collection time: 0.200s 
                          Learning time: 0.021s 
                        Mean value loss: 0.0008
                    Mean surrogate loss: 0.0016
                      Mean entropy loss: -2.5362
                            Mean reward: 31.52
                    Mean episode length: 1000.00
                        Mean action std: 0.02
--------------------------------------------------------------------------------
                         Iteration time: 0.22s
                           Time elapsed: 00:01:46
                                    ETA: 00:00:08

################################################################################
[1m                           Learning iteration 465/500                           [0m 

                            Total steps: 954368 
                       Steps per second: 9173 
                        Collection time: 0.201s 
                          Learning time: 0.022s 
                        Mean value loss: 0.0012
                    Mean surrogate loss: 0.0112
                      Mean entropy loss: -2.4947
                            Mean reward: 31.52
                    Mean episode length: 1000.00
                        Mean action std: 0.02
--------------------------------------------------------------------------------
                         Iteration time: 0.22s
                           Time elapsed: 00:01:46
                                    ETA: 00:00:07

################################################################################
[1m                           Learning iteration 466/500                           [0m 

                            Total steps: 956416 
                       Steps per second: 9193 
                        Collection time: 0.202s 
                          Learning time: 0.021s 
                        Mean value loss: 0.0011
                    Mean surrogate loss: 0.0165
                      Mean entropy loss: -2.5152
                            Mean reward: 31.52
                    Mean episode length: 1000.00
                        Mean action std: 0.02
--------------------------------------------------------------------------------
                         Iteration time: 0.22s
                           Time elapsed: 00:01:47
                                    ETA: 00:00:07

################################################################################
[1m                           Learning iteration 467/500                           [0m 

                            Total steps: 958464 
                       Steps per second: 9202 
                        Collection time: 0.201s 
                          Learning time: 0.021s 
                        Mean value loss: 0.0010
                    Mean surrogate loss: 0.0141
                      Mean entropy loss: -2.5078
                            Mean reward: 31.52
                    Mean episode length: 1000.00
                        Mean action std: 0.02
--------------------------------------------------------------------------------
                         Iteration time: 0.22s
                           Time elapsed: 00:01:47
                                    ETA: 00:00:07

################################################################################
[1m                           Learning iteration 468/500                           [0m 

                            Total steps: 960512 
                       Steps per second: 9191 
                        Collection time: 0.201s 
                          Learning time: 0.022s 
                        Mean value loss: 0.0014
                    Mean surrogate loss: 0.0036
                      Mean entropy loss: -2.5367
                            Mean reward: 31.52
                    Mean episode length: 1000.00
                        Mean action std: 0.02
--------------------------------------------------------------------------------
                         Iteration time: 0.22s
                           Time elapsed: 00:01:47
                                    ETA: 00:00:07

################################################################################
[1m                           Learning iteration 469/500                           [0m 

                            Total steps: 962560 
                       Steps per second: 9241 
                        Collection time: 0.201s 
                          Learning time: 0.021s 
                        Mean value loss: 0.0011
                    Mean surrogate loss: 0.0036
                      Mean entropy loss: -2.5742
                            Mean reward: 31.52
                    Mean episode length: 1000.00
                        Mean action std: 0.02
--------------------------------------------------------------------------------
                         Iteration time: 0.22s
                           Time elapsed: 00:01:47
                                    ETA: 00:00:06

################################################################################
[1m                           Learning iteration 470/500                           [0m 

                            Total steps: 964608 
                       Steps per second: 9173 
                        Collection time: 0.202s 
                          Learning time: 0.021s 
                        Mean value loss: 0.0009
                    Mean surrogate loss: 0.0159
                      Mean entropy loss: -2.5837
                            Mean reward: 31.52
                    Mean episode length: 1000.00
                        Mean action std: 0.02
--------------------------------------------------------------------------------
                         Iteration time: 0.22s
                           Time elapsed: 00:01:48
                                    ETA: 00:00:06

################################################################################
[1m                           Learning iteration 471/500                           [0m 

                            Total steps: 966656 
                       Steps per second: 9331 
                        Collection time: 0.199s 
                          Learning time: 0.021s 
                        Mean value loss: 0.0012
                    Mean surrogate loss: 0.0080
                      Mean entropy loss: -2.6035
                            Mean reward: 31.52
                    Mean episode length: 1000.00
                        Mean action std: 0.02
--------------------------------------------------------------------------------
                         Iteration time: 0.22s
                           Time elapsed: 00:01:48
                                    ETA: 00:00:06

################################################################################
[1m                           Learning iteration 472/500                           [0m 

                            Total steps: 968704 
                       Steps per second: 9160 
                        Collection time: 0.202s 
                          Learning time: 0.022s 
                        Mean value loss: 0.0010
                    Mean surrogate loss: 0.0036
                      Mean entropy loss: -2.7212
                            Mean reward: 31.52
                    Mean episode length: 1000.00
                        Mean action std: 0.02
--------------------------------------------------------------------------------
                         Iteration time: 0.22s
                           Time elapsed: 00:01:48
                                    ETA: 00:00:06

################################################################################
[1m                           Learning iteration 473/500                           [0m 

                            Total steps: 970752 
                       Steps per second: 9272 
                        Collection time: 0.200s 
                          Learning time: 0.021s 
                        Mean value loss: 0.0008
                    Mean surrogate loss: 0.0072
                      Mean entropy loss: -2.7476
                            Mean reward: 31.52
                    Mean episode length: 1000.00
                        Mean action std: 0.02
--------------------------------------------------------------------------------
                         Iteration time: 0.22s
                           Time elapsed: 00:01:48
                                    ETA: 00:00:05

################################################################################
[1m                           Learning iteration 474/500                           [0m 

                            Total steps: 972800 
                       Steps per second: 9199 
                        Collection time: 0.201s 
                          Learning time: 0.022s 
                        Mean value loss: 0.0010
                    Mean surrogate loss: 0.0226
                      Mean entropy loss: -2.7748
                            Mean reward: 31.52
                    Mean episode length: 1000.00
                        Mean action std: 0.02
--------------------------------------------------------------------------------
                         Iteration time: 0.22s
                           Time elapsed: 00:01:48
                                    ETA: 00:00:05

################################################################################
[1m                           Learning iteration 475/500                           [0m 

                            Total steps: 974848 
                       Steps per second: 9239 
                        Collection time: 0.201s 
                          Learning time: 0.021s 
                        Mean value loss: 0.0008
                    Mean surrogate loss: 0.0127
                      Mean entropy loss: -2.7646
                            Mean reward: 31.52
                    Mean episode length: 1000.00
                        Mean action std: 0.02
--------------------------------------------------------------------------------
                         Iteration time: 0.22s
                           Time elapsed: 00:01:49
                                    ETA: 00:00:05

################################################################################
[1m                           Learning iteration 476/500                           [0m 

                            Total steps: 976896 
                       Steps per second: 9216 
                        Collection time: 0.201s 
                          Learning time: 0.021s 
                        Mean value loss: 0.0006
                    Mean surrogate loss: 0.0260
                      Mean entropy loss: -2.7552
                            Mean reward: 31.52
                    Mean episode length: 1000.00
                        Mean action std: 0.02
--------------------------------------------------------------------------------
                         Iteration time: 0.22s
                           Time elapsed: 00:01:49
                                    ETA: 00:00:05

################################################################################
[1m                           Learning iteration 477/500                           [0m 

                            Total steps: 978944 
                       Steps per second: 9204 
                        Collection time: 0.202s 
                          Learning time: 0.021s 
                        Mean value loss: 0.0008
                    Mean surrogate loss: 0.0104
                      Mean entropy loss: -2.7440
                            Mean reward: 31.52
                    Mean episode length: 1000.00
                        Mean action std: 0.02
--------------------------------------------------------------------------------
                         Iteration time: 0.22s
                           Time elapsed: 00:01:49
                                    ETA: 00:00:05

################################################################################
[1m                           Learning iteration 478/500                           [0m 

                            Total steps: 980992 
                       Steps per second: 9264 
                        Collection time: 0.200s 
                          Learning time: 0.021s 
                        Mean value loss: 0.0007
                    Mean surrogate loss: 0.0093
                      Mean entropy loss: -2.7108
                            Mean reward: 31.52
                    Mean episode length: 1000.00
                        Mean action std: 0.02
--------------------------------------------------------------------------------
                         Iteration time: 0.22s
                           Time elapsed: 00:01:49
                                    ETA: 00:00:04

################################################################################
[1m                           Learning iteration 479/500                           [0m 

                            Total steps: 983040 
                       Steps per second: 9145 
                        Collection time: 0.203s 
                          Learning time: 0.021s 
                        Mean value loss: 0.0009
                    Mean surrogate loss: 0.0121
                      Mean entropy loss: -2.6885
                            Mean reward: 31.52
                    Mean episode length: 1000.00
                        Mean action std: 0.02
--------------------------------------------------------------------------------
                         Iteration time: 0.22s
                           Time elapsed: 00:01:50
                                    ETA: 00:00:04

################################################################################
[1m                           Learning iteration 480/500                           [0m 

                            Total steps: 985088 
                       Steps per second: 9274 
                        Collection time: 0.200s 
                          Learning time: 0.021s 
                        Mean value loss: 0.0008
                    Mean surrogate loss: 0.0071
                      Mean entropy loss: -2.6440
                            Mean reward: 31.52
                    Mean episode length: 1000.00
                        Mean action std: 0.02
--------------------------------------------------------------------------------
                         Iteration time: 0.22s
                           Time elapsed: 00:01:50
                                    ETA: 00:00:04

################################################################################
[1m                           Learning iteration 481/500                           [0m 

                            Total steps: 987136 
                       Steps per second: 8990 
                        Collection time: 0.207s 
                          Learning time: 0.021s 
                        Mean value loss: 0.0011
                    Mean surrogate loss: 0.0218
                      Mean entropy loss: -2.6589
                            Mean reward: 31.52
                    Mean episode length: 1000.00
                        Mean action std: 0.02
--------------------------------------------------------------------------------
                         Iteration time: 0.23s
                           Time elapsed: 00:01:50
                                    ETA: 00:00:04

################################################################################
[1m                           Learning iteration 482/500                           [0m 

                            Total steps: 989184 
                       Steps per second: 9233 
                        Collection time: 0.201s 
                          Learning time: 0.021s 
                        Mean value loss: 0.0009
                    Mean surrogate loss: 0.0058
                      Mean entropy loss: -2.6652
                            Mean reward: 31.52
                    Mean episode length: 1000.00
                        Mean action std: 0.02
--------------------------------------------------------------------------------
                         Iteration time: 0.22s
                           Time elapsed: 00:01:50
                                    ETA: 00:00:03

################################################################################
[1m                           Learning iteration 483/500                           [0m 

                            Total steps: 991232 
                       Steps per second: 9156 
                        Collection time: 0.201s 
                          Learning time: 0.022s 
                        Mean value loss: 0.0005
                    Mean surrogate loss: 0.0036
                      Mean entropy loss: -2.6383
                            Mean reward: 31.52
                    Mean episode length: 1000.00
                        Mean action std: 0.02
--------------------------------------------------------------------------------
                         Iteration time: 0.22s
                           Time elapsed: 00:01:50
                                    ETA: 00:00:03

################################################################################
[1m                           Learning iteration 484/500                           [0m 

                            Total steps: 993280 
                       Steps per second: 9204 
                        Collection time: 0.202s 
                          Learning time: 0.021s 
                        Mean value loss: 0.0009
                    Mean surrogate loss: 0.0049
                      Mean entropy loss: -2.6709
                            Mean reward: 31.52
                    Mean episode length: 1000.00
                        Mean action std: 0.02
--------------------------------------------------------------------------------
                         Iteration time: 0.22s
                           Time elapsed: 00:01:51
                                    ETA: 00:00:03

################################################################################
[1m                           Learning iteration 485/500                           [0m 

                            Total steps: 995328 
                       Steps per second: 9189 
                        Collection time: 0.202s 
                          Learning time: 0.021s 
                        Mean value loss: 0.0008
                    Mean surrogate loss: 0.0050
                      Mean entropy loss: -2.6562
                            Mean reward: 31.52
                    Mean episode length: 1000.00
                        Mean action std: 0.02
--------------------------------------------------------------------------------
                         Iteration time: 0.22s
                           Time elapsed: 00:01:51
                                    ETA: 00:00:03

################################################################################
[1m                           Learning iteration 486/500                           [0m 

                            Total steps: 997376 
                       Steps per second: 9211 
                        Collection time: 0.201s 
                          Learning time: 0.022s 
                        Mean value loss: 0.0007
                    Mean surrogate loss: 0.0092
                      Mean entropy loss: -2.6890
                            Mean reward: 31.52
                    Mean episode length: 1000.00
                        Mean action std: 0.02
--------------------------------------------------------------------------------
                         Iteration time: 0.22s
                           Time elapsed: 00:01:51
                                    ETA: 00:00:02

################################################################################
[1m                           Learning iteration 487/500                           [0m 

                            Total steps: 999424 
                       Steps per second: 9242 
                        Collection time: 0.201s 
                          Learning time: 0.020s 
                        Mean value loss: 0.0008
                    Mean surrogate loss: 0.0028
                      Mean entropy loss: -2.6310
                            Mean reward: 31.52
                    Mean episode length: 1000.00
                        Mean action std: 0.02
--------------------------------------------------------------------------------
                         Iteration time: 0.22s
                           Time elapsed: 00:01:51
                                    ETA: 00:00:02

################################################################################
[1m                           Learning iteration 488/500                           [0m 

                            Total steps: 1001472 
                       Steps per second: 9084 
                        Collection time: 0.204s 
                          Learning time: 0.022s 
                        Mean value loss: 0.0008
                    Mean surrogate loss: 0.0056
                      Mean entropy loss: -2.5854
                            Mean reward: 31.52
                    Mean episode length: 1000.00
                        Mean action std: 0.02
--------------------------------------------------------------------------------
                         Iteration time: 0.23s
                           Time elapsed: 00:01:52
                                    ETA: 00:00:02

################################################################################
[1m                           Learning iteration 489/500                           [0m 

                            Total steps: 1003520 
                       Steps per second: 9231 
                        Collection time: 0.200s 
                          Learning time: 0.022s 
                        Mean value loss: 0.0011
                    Mean surrogate loss: 0.0057
                      Mean entropy loss: -2.6043
                            Mean reward: 31.52
                    Mean episode length: 1000.00
                        Mean action std: 0.02
--------------------------------------------------------------------------------
                         Iteration time: 0.22s
                           Time elapsed: 00:01:52
                                    ETA: 00:00:02

################################################################################
[1m                           Learning iteration 490/500                           [0m 

                            Total steps: 1005568 
                       Steps per second: 9168 
                        Collection time: 0.201s 
                          Learning time: 0.022s 
                        Mean value loss: 0.0010
                    Mean surrogate loss: 0.0084
                      Mean entropy loss: -2.6343
                            Mean reward: 31.52
                    Mean episode length: 1000.00
                        Mean action std: 0.02
--------------------------------------------------------------------------------
                         Iteration time: 0.22s
                           Time elapsed: 00:01:52
                                    ETA: 00:00:02

################################################################################
[1m                           Learning iteration 491/500                           [0m 

                            Total steps: 1007616 
                       Steps per second: 9279 
                        Collection time: 0.199s 
                          Learning time: 0.021s 
                        Mean value loss: 0.0008
                    Mean surrogate loss: 0.0160
                      Mean entropy loss: -2.6140
                            Mean reward: 31.52
                    Mean episode length: 1000.00
                        Mean action std: 0.02
--------------------------------------------------------------------------------
                         Iteration time: 0.22s
                           Time elapsed: 00:01:52
                                    ETA: 00:00:01

################################################################################
[1m                           Learning iteration 492/500                           [0m 

                            Total steps: 1009664 
                       Steps per second: 9165 
                        Collection time: 0.201s 
                          Learning time: 0.023s 
                        Mean value loss: 0.0009
                    Mean surrogate loss: 0.0114
                      Mean entropy loss: -2.6214
                            Mean reward: 31.52
                    Mean episode length: 1000.00
                        Mean action std: 0.02
--------------------------------------------------------------------------------
                         Iteration time: 0.22s
                           Time elapsed: 00:01:52
                                    ETA: 00:00:01

################################################################################
[1m                           Learning iteration 493/500                           [0m 

                            Total steps: 1011712 
                       Steps per second: 9245 
                        Collection time: 0.201s 
                          Learning time: 0.021s 
                        Mean value loss: 0.0008
                    Mean surrogate loss: 0.0211
                      Mean entropy loss: -2.6009
                            Mean reward: 31.52
                    Mean episode length: 1000.00
                        Mean action std: 0.02
--------------------------------------------------------------------------------
                         Iteration time: 0.22s
                           Time elapsed: 00:01:53
                                    ETA: 00:00:01

################################################################################
[1m                           Learning iteration 494/500                           [0m 

                            Total steps: 1013760 
                       Steps per second: 9223 
                        Collection time: 0.201s 
                          Learning time: 0.022s 
                        Mean value loss: 0.0008
                    Mean surrogate loss: 0.0064
                      Mean entropy loss: -2.5844
                            Mean reward: 31.52
                    Mean episode length: 1000.00
                        Mean action std: 0.02
--------------------------------------------------------------------------------
                         Iteration time: 0.22s
                           Time elapsed: 00:01:53
                                    ETA: 00:00:01

################################################################################
[1m                           Learning iteration 495/500                           [0m 

                            Total steps: 1015808 
                       Steps per second: 9244 
                        Collection time: 0.200s 
                          Learning time: 0.021s 
                        Mean value loss: 0.0007
                    Mean surrogate loss: 0.0124
                      Mean entropy loss: -2.5845
                            Mean reward: 31.52
                    Mean episode length: 1000.00
                        Mean action std: 0.02
--------------------------------------------------------------------------------
                         Iteration time: 0.22s
                           Time elapsed: 00:01:53
                                    ETA: 00:00:00

################################################################################
[1m                           Learning iteration 496/500                           [0m 

                            Total steps: 1017856 
                       Steps per second: 9287 
                        Collection time: 0.200s 
                          Learning time: 0.021s 
                        Mean value loss: 0.0008
                    Mean surrogate loss: 0.0014
                      Mean entropy loss: -2.5588
                            Mean reward: 31.52
                    Mean episode length: 1000.00
                        Mean action std: 0.02
--------------------------------------------------------------------------------
                         Iteration time: 0.22s
                           Time elapsed: 00:01:53
                                    ETA: 00:00:00

################################################################################
[1m                           Learning iteration 497/500                           [0m 

                            Total steps: 1019904 
                       Steps per second: 9166 
                        Collection time: 0.203s 
                          Learning time: 0.021s 
                        Mean value loss: 0.0008
                    Mean surrogate loss: 0.0052
                      Mean entropy loss: -2.5401
                            Mean reward: 31.52
                    Mean episode length: 1000.00
                        Mean action std: 0.02
--------------------------------------------------------------------------------
                         Iteration time: 0.22s
                           Time elapsed: 00:01:54
                                    ETA: 00:00:00

################################################################################
[1m                           Learning iteration 498/500                           [0m 

                            Total steps: 1021952 
                       Steps per second: 9168 
                        Collection time: 0.201s 
                          Learning time: 0.022s 
                        Mean value loss: 0.0007
                    Mean surrogate loss: 0.0014
                      Mean entropy loss: -2.5441
                            Mean reward: 31.52
                    Mean episode length: 1000.00
                        Mean action std: 0.02
--------------------------------------------------------------------------------
                         Iteration time: 0.22s
                           Time elapsed: 00:01:54
                                    ETA: 00:00:00

################################################################################
[1m                           Learning iteration 499/500                           [0m 

                            Total steps: 1024000 
                       Steps per second: 8893 
                        Collection time: 0.210s 
                          Learning time: 0.021s 
                        Mean value loss: 0.0010
                    Mean surrogate loss: 0.0209
                      Mean entropy loss: -2.4985
                            Mean reward: 32.96
                    Mean episode length: 1000.00
                        Mean action std: 0.02
--------------------------------------------------------------------------------
                         Iteration time: 0.23s
                           Time elapsed: 00:01:54
                                    ETA: 00:00:00

