Warp 1.14.0 initialized:
   CUDA not enabled in this build
   Devices:
     "cpu"      : "arm"
   Kernel cache:
     /Users/edgarmoreau/Library/Caches/warp/1.14.0

+--------------------------------+
|        Base Environment        |
+------------------------+-------+
| Property               | Value |
+------------------------+-------+
| Number of environments | 128   |
| Environment device     | cpu   |
| Environment seed       | None  |
| Physics step-size      | 0.01  |
| Environment step-size  | 0.05  |
+------------------------+-------+

[INFO] <EventManager> contains 1 active terms.
+-------------------------------------+
| Active Event Terms in Mode: 'reset' |
+-----------+-------------------------+
|   Index   | Name                    |
+-----------+-------------------------+
|     0     | reset_slider            |
|     1     | reset_hinge             |
+-----------+-------------------------+

[INFO] <NullCommandManager> (inactive)
[INFO] <ActionManager> contains 1 active terms.
+--------------------------------+
| Active Action Terms (shape: 1) |
+--------+---------+-------------+
| Index  | Name    |   Dimension |
+--------+---------+-------------+
|   0    | effort  |           1 |
+--------+---------+-------------+

[INFO] <ObservationManager> contains 2 groups.
+----------------------------------------------------------+
| Active Observation Terms in Group: 'actor' (shape: (5,)) |
+--------------+---------------------------+---------------+
|    Index     | Name                      |     Shape     |
+--------------+---------------------------+---------------+
|      0       | cart_pos                  |      (1,)     |
|      1       | pole_angle                |      (2,)     |
|      2       | cart_vel                  |      (1,)     |
|      3       | pole_vel                  |      (1,)     |
+--------------+---------------------------+---------------+
+-----------------------------------------------------------+
| Active Observation Terms in Group: 'critic' (shape: (5,)) |
+--------------+---------------------------+----------------+
|    Index     | Name                      |     Shape      |
+--------------+---------------------------+----------------+
|      0       | cart_pos                  |      (1,)      |
|      1       | pole_angle                |      (2,)      |
|      2       | cart_vel                  |      (1,)      |
|      3       | pole_vel                  |      (1,)      |
+--------------+---------------------------+----------------+

[INFO] <TerminationManager> contains 1 active terms.
+-----------------------------+
|   Active Termination Terms  |
+-------+----------+----------+
| Index | Name     | Time Out |
+-------+----------+----------+
|   0   | time_out |   True   |
+-------+----------+----------+

[INFO] <RewardManager> contains 1 active terms.
+--------------------------------+
|      Active Reward Terms       |
+-------+---------------+--------+
| Index | Name          | Weight |
+-------+---------------+--------+
|   0   | smooth_reward |    1.0 |
+-------+---------------+--------+

[INFO] <NullCurriculumManager> (inactive)
[INFO] <NullMetricsManager> (inactive)
[INFO] <NullRecorderManager> (inactive)
Module reset_data__locals__reset_xfrc_applied_03030511 6442adb load on device 'cpu' took 1.78 ms  (cached)
Module reset_data__locals__reset_qM_77e9abb2 0aac364 load on device 'cpu' took 0.38 ms  (cached)
Module reset_data__locals__reset_mocap_6513201c ee8f7ba load on device 'cpu' took 0.45 ms  (cached)
Module reset_data__locals__reset_contact_ce86818d b3da805 load on device 'cpu' took 0.25 ms  (cached)
Module reset_data__locals__reset_nworld_1743ec1f 9b79dd8 load on device 'cpu' took 0.43 ms  (cached)
Module mujoco_warp._src.smooth 53215ae load on device 'cpu' took 0.67 ms  (cached)
Module mujoco_warp._src.constraint bf796f0 load on device 'cpu' took 1.04 ms  (cached)
Module mujoco_warp._src.forward f60e5c6 load on device 'cpu' took 0.48 ms  (cached)
Module mujoco_warp._src.passive 7c602f3 load on device 'cpu' took 0.36 ms  (cached)
Module mujoco_warp._src.support db2c7c5 load on device 'cpu' took 0.43 ms  (cached)
Module _tile_cholesky_factorize_solve__locals__cholesky_factorize_solve_49827e35 371b4f1 load on device 'cpu' took 0.29 ms  (cached)
Module mujoco_warp._src.solver 1575c3b load on device 'cpu' took 0.34 ms  (cached)
Module solve_init_jaref__locals__kernel_730631b9 046733e load on device 'cpu' took 0.30 ms  (cached)
Module mul_m_dense__locals___mul_m_dense_f099f9b6 e0d8ff5 load on device 'cpu' took 0.37 ms  (cached)
Module update_constraint_efc__locals__kernel_060c7e30 98ba561 load on device 'cpu' took 0.41 ms  (cached)
Module update_constraint_gauss_cost__locals__kernel_a2152165 605ba83 load on device 'cpu' took 0.34 ms  (cached)
Module update_gradient_JTDAJ_dense_tiled__locals__kernel_55f1ca71 26d1402 load on device 'cpu' took 0.44 ms  (cached)
Module update_gradient_cholesky__locals__kernel_849eaaa8 99dc4a7 load on device 'cpu' took 0.32 ms  (cached)
Module linesearch_jv_fused__locals__kernel_7a00cb50 94ca04d load on device 'cpu' took 0.30 ms  (cached)
Module linesearch_prepare_gauss__locals__kernel_b73bcef9 829be8c load on device 'cpu' took 0.30 ms  (cached)
Module update_constraint_efc__locals__kernel_7a23931f b59c843 load on device 'cpu' took 0.26 ms  (cached)
Module mujoco_warp._src.sensor 6232bfa load on device 'cpu' took 0.99 ms  (cached)
--------------------------------------------------------------------------------
Resolved observation sets: 
	 actor :  ('actor',)
	 critic :  ('critic',)
--------------------------------------------------------------------------------
Actor Model: MLPModel(
  (obs_normalizer): Identity()
  (distribution): GaussianDistribution()
  (mlp): MLP(
    (0): Linear(in_features=5, out_features=64, bias=True)
    (1): ELU(alpha=1.0)
    (2): Linear(in_features=64, out_features=64, bias=True)
    (3): ELU(alpha=1.0)
    (4): Linear(in_features=64, out_features=1, bias=True)
  )
)
Critic Model: MLPModel(
  (obs_normalizer): Identity()
  (mlp): MLP(
    (0): Linear(in_features=5, out_features=64, bias=True)
    (1): ELU(alpha=1.0)
    (2): Linear(in_features=64, out_features=64, bias=True)
    (3): ELU(alpha=1.0)
    (4): Linear(in_features=64, out_features=1, bias=True)
  )
)
Storing git diff for 'orchestratedcartpole-training-agent' in: logs/cartpole/2026-06-04_19-36-28/git/orchestratedcartpole-training-agent.diff
Module mujoco_warp._src.derivative 6d0d1f8 load on device 'cpu' took 0.54 ms  (cached)
################################################################################
[1m                            Learning iteration 0/500                            [0m 

                            Total steps: 4096 
                       Steps per second: 6182 
                        Collection time: 0.616s 
                          Learning time: 0.047s 
                        Mean value loss: 0.0238
                    Mean surrogate loss: -0.0001
                      Mean entropy loss: 1.4219
                        Mean action std: 1.01
--------------------------------------------------------------------------------
                         Iteration time: 0.66s
                           Time elapsed: 00:00:00
                                    ETA: 00:05:30

################################################################################
[1m                            Learning iteration 1/500                            [0m 

                            Total steps: 8192 
                       Steps per second: 7342 
                        Collection time: 0.517s 
                          Learning time: 0.040s 
                        Mean value loss: 0.0124
                    Mean surrogate loss: 0.0003
                      Mean entropy loss: 1.4189
                        Mean action std: 0.98
--------------------------------------------------------------------------------
                         Iteration time: 0.56s
                           Time elapsed: 00:00:01
                                    ETA: 00:05:03

################################################################################
[1m                            Learning iteration 2/500                            [0m 

                            Total steps: 12288 
                       Steps per second: 7383 
                        Collection time: 0.515s 
                          Learning time: 0.040s 
                        Mean value loss: 0.0094
                    Mean surrogate loss: -0.0012
                      Mean entropy loss: 1.3897
                        Mean action std: 0.98
--------------------------------------------------------------------------------
                         Iteration time: 0.55s
                           Time elapsed: 00:00:01
                                    ETA: 00:04:54

################################################################################
[1m                            Learning iteration 3/500                            [0m 

                            Total steps: 16384 
                       Steps per second: 7251 
                        Collection time: 0.525s 
                          Learning time: 0.040s 
                        Mean value loss: 0.0052
                    Mean surrogate loss: -0.0033
                      Mean entropy loss: 1.3824
                        Mean action std: 0.94
--------------------------------------------------------------------------------
                         Iteration time: 0.56s
                           Time elapsed: 00:00:02
                                    ETA: 00:04:50

################################################################################
[1m                            Learning iteration 4/500                            [0m 

                            Total steps: 20480 
                       Steps per second: 7227 
                        Collection time: 0.527s 
                          Learning time: 0.040s 
                        Mean value loss: 0.0043
                    Mean surrogate loss: -0.0058
                      Mean entropy loss: 1.3510
                        Mean action std: 0.92
--------------------------------------------------------------------------------
                         Iteration time: 0.57s
                           Time elapsed: 00:00:02
                                    ETA: 00:04:47

################################################################################
[1m                            Learning iteration 5/500                            [0m 

                            Total steps: 24576 
                       Steps per second: 7245 
                        Collection time: 0.525s 
                          Learning time: 0.040s 
                        Mean value loss: 0.0034
                    Mean surrogate loss: -0.0010
                      Mean entropy loss: 1.3412
                        Mean action std: 0.94
--------------------------------------------------------------------------------
                         Iteration time: 0.57s
                           Time elapsed: 00:00:03
                                    ETA: 00:04:45

################################################################################
[1m                            Learning iteration 6/500                            [0m 

                            Total steps: 28672 
                       Steps per second: 7200 
                        Collection time: 0.529s 
                          Learning time: 0.040s 
                        Mean value loss: 0.0033
                    Mean surrogate loss: -0.0045
                      Mean entropy loss: 1.3578
                        Mean action std: 0.94
--------------------------------------------------------------------------------
                         Iteration time: 0.57s
                           Time elapsed: 00:00:04
                                    ETA: 00:04:44

################################################################################
[1m                            Learning iteration 7/500                            [0m 

                            Total steps: 32768 
                       Steps per second: 7174 
                        Collection time: 0.531s 
                          Learning time: 0.040s 
                        Mean value loss: 0.0037
                    Mean surrogate loss: -0.0082
                      Mean entropy loss: 1.3464
                        Mean action std: 0.92
--------------------------------------------------------------------------------
                         Iteration time: 0.57s
                           Time elapsed: 00:00:04
                                    ETA: 00:04:43

################################################################################
[1m                            Learning iteration 8/500                            [0m 

                            Total steps: 36864 
                       Steps per second: 7278 
                        Collection time: 0.523s 
                          Learning time: 0.040s 
                        Mean value loss: 0.0050
                    Mean surrogate loss: -0.0062
                      Mean entropy loss: 1.3257
                        Mean action std: 0.91
--------------------------------------------------------------------------------
                         Iteration time: 0.56s
                           Time elapsed: 00:00:05
                                    ETA: 00:04:42

################################################################################
[1m                            Learning iteration 9/500                            [0m 

                            Total steps: 40960 
                       Steps per second: 7317 
                        Collection time: 0.520s 
                          Learning time: 0.040s 
                        Mean value loss: 0.0058
                    Mean surrogate loss: -0.0009
                      Mean entropy loss: 1.2981
                        Mean action std: 0.87
--------------------------------------------------------------------------------
                         Iteration time: 0.56s
                           Time elapsed: 00:00:05
                                    ETA: 00:04:40

################################################################################
[1m                           Learning iteration 10/500                            [0m 

                            Total steps: 45056 
                       Steps per second: 7253 
                        Collection time: 0.525s 
                          Learning time: 0.040s 
                        Mean value loss: 0.0326
                    Mean surrogate loss: -0.0036
                      Mean entropy loss: 1.2778
                        Mean action std: 0.86
--------------------------------------------------------------------------------
                         Iteration time: 0.56s
                           Time elapsed: 00:00:06
                                    ETA: 00:04:40

################################################################################
[1m                           Learning iteration 11/500                            [0m 

                            Total steps: 49152 
                       Steps per second: 7408 
                        Collection time: 0.513s 
                          Learning time: 0.040s 
                        Mean value loss: 0.0130
                    Mean surrogate loss: -0.0027
                      Mean entropy loss: 1.2768
                        Mean action std: 0.86
--------------------------------------------------------------------------------
                         Iteration time: 0.55s
                           Time elapsed: 00:00:06
                                    ETA: 00:04:38

################################################################################
[1m                           Learning iteration 12/500                            [0m 

                            Total steps: 53248 
                       Steps per second: 7397 
                        Collection time: 0.514s 
                          Learning time: 0.040s 
                        Mean value loss: 0.0055
                    Mean surrogate loss: -0.0031
                      Mean entropy loss: 1.2733
                        Mean action std: 0.84
--------------------------------------------------------------------------------
                         Iteration time: 0.55s
                           Time elapsed: 00:00:07
                                    ETA: 00:04:37

################################################################################
[1m                           Learning iteration 13/500                            [0m 

                            Total steps: 57344 
                       Steps per second: 7474 
                        Collection time: 0.508s 
                          Learning time: 0.040s 
                        Mean value loss: 0.0030
                    Mean surrogate loss: -0.0066
                      Mean entropy loss: 1.2103
                        Mean action std: 0.80
--------------------------------------------------------------------------------
                         Iteration time: 0.55s
                           Time elapsed: 00:00:07
                                    ETA: 00:04:36

################################################################################
[1m                           Learning iteration 14/500                            [0m 

                            Total steps: 61440 
                       Steps per second: 7117 
                        Collection time: 0.533s 
                          Learning time: 0.042s 
                        Mean value loss: 0.0026
                    Mean surrogate loss: -0.0024
                      Mean entropy loss: 1.1961
                        Mean action std: 0.79
--------------------------------------------------------------------------------
                         Iteration time: 0.58s
                           Time elapsed: 00:00:08
                                    ETA: 00:04:35

################################################################################
[1m                           Learning iteration 15/500                            [0m 

                            Total steps: 65536 
                       Steps per second: 7248 
                        Collection time: 0.522s 
                          Learning time: 0.043s 
                        Mean value loss: 0.0033
                    Mean surrogate loss: -0.0086
                      Mean entropy loss: 1.1909
                        Mean action std: 0.80
--------------------------------------------------------------------------------
                         Iteration time: 0.57s
                           Time elapsed: 00:00:09
                                    ETA: 00:04:35

################################################################################
[1m                           Learning iteration 16/500                            [0m 

                            Total steps: 69632 
                       Steps per second: 7478 
                        Collection time: 0.506s 
                          Learning time: 0.042s 
                        Mean value loss: 0.0048
                    Mean surrogate loss: -0.0083
                      Mean entropy loss: 1.1888
                        Mean action std: 0.79
--------------------------------------------------------------------------------
                         Iteration time: 0.55s
                           Time elapsed: 00:00:09
                                    ETA: 00:04:33

################################################################################
[1m                           Learning iteration 17/500                            [0m 

                            Total steps: 73728 
                       Steps per second: 7651 
                        Collection time: 0.493s 
                          Learning time: 0.043s 
                        Mean value loss: 0.0061
                    Mean surrogate loss: -0.0070
                      Mean entropy loss: 1.1752
                        Mean action std: 0.78
--------------------------------------------------------------------------------
                         Iteration time: 0.54s
                           Time elapsed: 00:00:10
                                    ETA: 00:04:32

################################################################################
[1m                           Learning iteration 18/500                            [0m 

                            Total steps: 77824 
                       Steps per second: 7906 
                        Collection time: 0.475s 
                          Learning time: 0.043s 
                        Mean value loss: 0.0042
                    Mean surrogate loss: -0.0040
                      Mean entropy loss: 1.1603
                        Mean action std: 0.76
--------------------------------------------------------------------------------
                         Iteration time: 0.52s
                           Time elapsed: 00:00:10
                                    ETA: 00:04:30

################################################################################
[1m                           Learning iteration 19/500                            [0m 

                            Total steps: 81920 
                       Steps per second: 8606 
                        Collection time: 0.434s 
                          Learning time: 0.042s 
                        Mean value loss: 0.0039
                    Mean surrogate loss: -0.0047
                      Mean entropy loss: 1.1556
                        Mean action std: 0.77
--------------------------------------------------------------------------------
                         Iteration time: 0.48s
                           Time elapsed: 00:00:11
                                    ETA: 00:04:28

################################################################################
[1m                           Learning iteration 20/500                            [0m 

                            Total steps: 86016 
                       Steps per second: 8847 
                        Collection time: 0.419s 
                          Learning time: 0.043s 
                        Mean value loss: 0.0023
                    Mean surrogate loss: -0.0078
                      Mean entropy loss: 1.1255
                        Mean action std: 0.75
--------------------------------------------------------------------------------
                         Iteration time: 0.46s
                           Time elapsed: 00:00:11
                                    ETA: 00:04:25

################################################################################
[1m                           Learning iteration 21/500                            [0m 

                            Total steps: 90112 
                       Steps per second: 8905 
                        Collection time: 0.417s 
                          Learning time: 0.043s 
                        Mean value loss: 0.0026
                    Mean surrogate loss: -0.0126
                      Mean entropy loss: 1.1259
                        Mean action std: 0.74
--------------------------------------------------------------------------------
                         Iteration time: 0.46s
                           Time elapsed: 00:00:12
                                    ETA: 00:04:22

################################################################################
[1m                           Learning iteration 22/500                            [0m 

                            Total steps: 94208 
                       Steps per second: 9010 
                        Collection time: 0.413s 
                          Learning time: 0.042s 
                        Mean value loss: 0.0048
                    Mean surrogate loss: -0.0077
                      Mean entropy loss: 1.0943
                        Mean action std: 0.71
--------------------------------------------------------------------------------
                         Iteration time: 0.45s
                           Time elapsed: 00:00:12
                                    ETA: 00:04:20

################################################################################
[1m                           Learning iteration 23/500                            [0m 

                            Total steps: 98304 
                       Steps per second: 8926 
                        Collection time: 0.416s 
                          Learning time: 0.043s 
                        Mean value loss: 0.0050
                    Mean surrogate loss: -0.0047
                      Mean entropy loss: 1.0432
                        Mean action std: 0.65
--------------------------------------------------------------------------------
                         Iteration time: 0.46s
                           Time elapsed: 00:00:13
                                    ETA: 00:04:17

################################################################################
[1m                           Learning iteration 24/500                            [0m 

                            Total steps: 102400 
                       Steps per second: 9066 
                        Collection time: 0.411s 
                          Learning time: 0.041s 
                        Mean value loss: 0.0030
                    Mean surrogate loss: -0.0029
                      Mean entropy loss: 0.9640
                        Mean action std: 0.63
--------------------------------------------------------------------------------
                         Iteration time: 0.45s
                           Time elapsed: 00:00:13
                                    ETA: 00:04:15

################################################################################
[1m                           Learning iteration 25/500                            [0m 

                            Total steps: 106496 
                       Steps per second: 8806 
                        Collection time: 0.422s 
                          Learning time: 0.043s 
                        Mean value loss: 0.0032
                    Mean surrogate loss: -0.0082
                      Mean entropy loss: 0.9780
                        Mean action std: 0.65
--------------------------------------------------------------------------------
                         Iteration time: 0.47s
                           Time elapsed: 00:00:13
                                    ETA: 00:04:13

################################################################################
[1m                           Learning iteration 26/500                            [0m 

                            Total steps: 110592 
                       Steps per second: 8955 
                        Collection time: 0.415s 
                          Learning time: 0.042s 
                        Mean value loss: 0.0037
                    Mean surrogate loss: -0.0097
                      Mean entropy loss: 0.9828
                        Mean action std: 0.65
--------------------------------------------------------------------------------
                         Iteration time: 0.46s
                           Time elapsed: 00:00:14
                                    ETA: 00:04:11

################################################################################
[1m                           Learning iteration 27/500                            [0m 

                            Total steps: 114688 
                       Steps per second: 9063 
                        Collection time: 0.409s 
                          Learning time: 0.043s 
                        Mean value loss: 0.0066
                    Mean surrogate loss: -0.0032
                      Mean entropy loss: 0.9796
                        Mean action std: 0.64
--------------------------------------------------------------------------------
                         Iteration time: 0.45s
                           Time elapsed: 00:00:14
                                    ETA: 00:04:10

################################################################################
[1m                           Learning iteration 28/500                            [0m 

                            Total steps: 118784 
                       Steps per second: 9128 
                        Collection time: 0.408s 
                          Learning time: 0.041s 
                        Mean value loss: 0.0063
                    Mean surrogate loss: -0.0016
                      Mean entropy loss: 0.9504
                        Mean action std: 0.62
--------------------------------------------------------------------------------
                         Iteration time: 0.45s
                           Time elapsed: 00:00:15
                                    ETA: 00:04:08

################################################################################
[1m                           Learning iteration 29/500                            [0m 

                            Total steps: 122880 
                       Steps per second: 9117 
                        Collection time: 0.407s 
                          Learning time: 0.042s 
                        Mean value loss: 0.0056
                    Mean surrogate loss: -0.0047
                      Mean entropy loss: 0.9326
                        Mean action std: 0.61
--------------------------------------------------------------------------------
                         Iteration time: 0.45s
                           Time elapsed: 00:00:15
                                    ETA: 00:04:06

################################################################################
[1m                           Learning iteration 30/500                            [0m 

                            Total steps: 126976 
                       Steps per second: 9152 
                        Collection time: 0.406s 
                          Learning time: 0.042s 
                        Mean value loss: 0.0070
                    Mean surrogate loss: 0.0013
                      Mean entropy loss: 0.9089
                        Mean action std: 0.59
--------------------------------------------------------------------------------
                         Iteration time: 0.45s
                           Time elapsed: 00:00:16
                                    ETA: 00:04:04

################################################################################
[1m                           Learning iteration 31/500                            [0m 

                            Total steps: 131072 
                       Steps per second: 8955 
                        Collection time: 0.416s 
                          Learning time: 0.042s 
                        Mean value loss: 0.0114
                    Mean surrogate loss: -0.0040
                      Mean entropy loss: 0.8992
                            Mean reward: 13.92
                    Mean episode length: 1000.00
                        Mean action std: 0.59
--------------------------------------------------------------------------------
                         Iteration time: 0.46s
                           Time elapsed: 00:00:16
                                    ETA: 00:04:03

################################################################################
[1m                           Learning iteration 32/500                            [0m 

                            Total steps: 135168 
                       Steps per second: 9123 
                        Collection time: 0.407s 
                          Learning time: 0.041s 
                        Mean value loss: 0.0090
                    Mean surrogate loss: -0.0041
                      Mean entropy loss: 0.8391
                            Mean reward: 13.92
                    Mean episode length: 1000.00
                        Mean action std: 0.55
--------------------------------------------------------------------------------
                         Iteration time: 0.45s
                           Time elapsed: 00:00:17
                                    ETA: 00:04:01

################################################################################
[1m                           Learning iteration 33/500                            [0m 

                            Total steps: 139264 
                       Steps per second: 9126 
                        Collection time: 0.407s 
                          Learning time: 0.042s 
                        Mean value loss: 0.0080
                    Mean surrogate loss: -0.0061
                      Mean entropy loss: 0.8208
                            Mean reward: 13.92
                    Mean episode length: 1000.00
                        Mean action std: 0.55
--------------------------------------------------------------------------------
                         Iteration time: 0.45s
                           Time elapsed: 00:00:17
                                    ETA: 00:04:00

################################################################################
[1m                           Learning iteration 34/500                            [0m 

                            Total steps: 143360 
                       Steps per second: 9077 
                        Collection time: 0.409s 
                          Learning time: 0.042s 
                        Mean value loss: 0.0068
                    Mean surrogate loss: -0.0004
                      Mean entropy loss: 0.7730
                            Mean reward: 13.92
                    Mean episode length: 1000.00
                        Mean action std: 0.51
--------------------------------------------------------------------------------
                         Iteration time: 0.45s
                           Time elapsed: 00:00:17
                                    ETA: 00:03:58

################################################################################
[1m                           Learning iteration 35/500                            [0m 

                            Total steps: 147456 
                       Steps per second: 8963 
                        Collection time: 0.416s 
                          Learning time: 0.041s 
                        Mean value loss: 0.0071
                    Mean surrogate loss: 0.0017
                      Mean entropy loss: 0.7440
                            Mean reward: 13.92
                    Mean episode length: 1000.00
                        Mean action std: 0.51
--------------------------------------------------------------------------------
                         Iteration time: 0.46s
                           Time elapsed: 00:00:18
                                    ETA: 00:03:57

################################################################################
[1m                           Learning iteration 36/500                            [0m 

                            Total steps: 151552 
                       Steps per second: 9102 
                        Collection time: 0.409s 
                          Learning time: 0.041s 
                        Mean value loss: 0.0091
                    Mean surrogate loss: -0.0030
                      Mean entropy loss: 0.7348
                            Mean reward: 13.92
                    Mean episode length: 1000.00
                        Mean action std: 0.50
--------------------------------------------------------------------------------
                         Iteration time: 0.45s
                           Time elapsed: 00:00:18
                                    ETA: 00:03:56

################################################################################
[1m                           Learning iteration 37/500                            [0m 

                            Total steps: 155648 
                       Steps per second: 9055 
                        Collection time: 0.411s 
                          Learning time: 0.041s 
                        Mean value loss: 0.0102
                    Mean surrogate loss: -0.0028
                      Mean entropy loss: 0.7212
                            Mean reward: 13.92
                    Mean episode length: 1000.00
                        Mean action std: 0.50
--------------------------------------------------------------------------------
                         Iteration time: 0.45s
                           Time elapsed: 00:00:19
                                    ETA: 00:03:55

################################################################################
[1m                           Learning iteration 38/500                            [0m 

                            Total steps: 159744 
                       Steps per second: 9100 
                        Collection time: 0.408s 
                          Learning time: 0.042s 
                        Mean value loss: 0.0126
                    Mean surrogate loss: -0.0026
                      Mean entropy loss: 0.7066
                            Mean reward: 13.92
                    Mean episode length: 1000.00
                        Mean action std: 0.49
--------------------------------------------------------------------------------
                         Iteration time: 0.45s
                           Time elapsed: 00:00:19
                                    ETA: 00:03:53

################################################################################
[1m                           Learning iteration 39/500                            [0m 

                            Total steps: 163840 
                       Steps per second: 9109 
                        Collection time: 0.409s 
                          Learning time: 0.041s 
                        Mean value loss: 0.0096
                    Mean surrogate loss: -0.0014
                      Mean entropy loss: 0.6916
                            Mean reward: 13.92
                    Mean episode length: 1000.00
                        Mean action std: 0.48
--------------------------------------------------------------------------------
                         Iteration time: 0.45s
                           Time elapsed: 00:00:20
                                    ETA: 00:03:52

################################################################################
[1m                           Learning iteration 40/500                            [0m 

                            Total steps: 167936 
                       Steps per second: 9033 
                        Collection time: 0.411s 
                          Learning time: 0.043s 
                        Mean value loss: 0.0127
                    Mean surrogate loss: -0.0047
                      Mean entropy loss: 0.6498
                            Mean reward: 13.92
                    Mean episode length: 1000.00
                        Mean action std: 0.45
--------------------------------------------------------------------------------
                         Iteration time: 0.45s
                           Time elapsed: 00:00:20
                                    ETA: 00:03:51

################################################################################
[1m                           Learning iteration 41/500                            [0m 

                            Total steps: 172032 
                       Steps per second: 8999 
                        Collection time: 0.411s 
                          Learning time: 0.044s 
                        Mean value loss: 0.0124
                    Mean surrogate loss: 0.0021
                      Mean entropy loss: 0.6045
                            Mean reward: 13.92
                    Mean episode length: 1000.00
                        Mean action std: 0.44
--------------------------------------------------------------------------------
                         Iteration time: 0.46s
                           Time elapsed: 00:00:21
                                    ETA: 00:03:50

################################################################################
[1m                           Learning iteration 42/500                            [0m 

                            Total steps: 176128 
                       Steps per second: 9015 
                        Collection time: 0.413s 
                          Learning time: 0.041s 
                        Mean value loss: 0.0167
                    Mean surrogate loss: -0.0039
                      Mean entropy loss: 0.5866
                            Mean reward: 13.92
                    Mean episode length: 1000.00
                        Mean action std: 0.43
--------------------------------------------------------------------------------
                         Iteration time: 0.45s
                           Time elapsed: 00:00:21
                                    ETA: 00:03:49

################################################################################
[1m                           Learning iteration 43/500                            [0m 

                            Total steps: 180224 
                       Steps per second: 9099 
                        Collection time: 0.409s 
                          Learning time: 0.041s 
                        Mean value loss: 0.0138
                    Mean surrogate loss: -0.0035
                      Mean entropy loss: 0.5418
                            Mean reward: 13.92
                    Mean episode length: 1000.00
                        Mean action std: 0.41
--------------------------------------------------------------------------------
                         Iteration time: 0.45s
                           Time elapsed: 00:00:22
                                    ETA: 00:03:48

################################################################################
[1m                           Learning iteration 44/500                            [0m 

                            Total steps: 184320 
                       Steps per second: 9072 
                        Collection time: 0.410s 
                          Learning time: 0.041s 
                        Mean value loss: 0.0093
                    Mean surrogate loss: 0.0036
                      Mean entropy loss: 0.5101
                            Mean reward: 13.92
                    Mean episode length: 1000.00
                        Mean action std: 0.40
--------------------------------------------------------------------------------
                         Iteration time: 0.45s
                           Time elapsed: 00:00:22
                                    ETA: 00:03:47

################################################################################
[1m                           Learning iteration 45/500                            [0m 

                            Total steps: 188416 
                       Steps per second: 9098 
                        Collection time: 0.409s 
                          Learning time: 0.042s 
                        Mean value loss: 0.0106
                    Mean surrogate loss: 0.0048
                      Mean entropy loss: 0.4918
                            Mean reward: 13.92
                    Mean episode length: 1000.00
                        Mean action std: 0.39
--------------------------------------------------------------------------------
                         Iteration time: 0.45s
                           Time elapsed: 00:00:22
                                    ETA: 00:03:46

################################################################################
[1m                           Learning iteration 46/500                            [0m 

                            Total steps: 192512 
                       Steps per second: 9132 
                        Collection time: 0.408s 
                          Learning time: 0.041s 
                        Mean value loss: 0.0065
                    Mean surrogate loss: -0.0002
                      Mean entropy loss: 0.4432
                            Mean reward: 13.92
                    Mean episode length: 1000.00
                        Mean action std: 0.37
--------------------------------------------------------------------------------
                         Iteration time: 0.45s
                           Time elapsed: 00:00:23
                                    ETA: 00:03:45

################################################################################
[1m                           Learning iteration 47/500                            [0m 

                            Total steps: 196608 
                       Steps per second: 9062 
                        Collection time: 0.410s 
                          Learning time: 0.042s 
                        Mean value loss: 0.0096
                    Mean surrogate loss: 0.0012
                      Mean entropy loss: 0.3917
                            Mean reward: 13.92
                    Mean episode length: 1000.00
                        Mean action std: 0.35
--------------------------------------------------------------------------------
                         Iteration time: 0.45s
                           Time elapsed: 00:00:23
                                    ETA: 00:03:44

################################################################################
[1m                           Learning iteration 48/500                            [0m 

                            Total steps: 200704 
                       Steps per second: 9073 
                        Collection time: 0.410s 
                          Learning time: 0.042s 
                        Mean value loss: 0.0038
                    Mean surrogate loss: 0.0054
                      Mean entropy loss: 0.3597
                            Mean reward: 13.92
                    Mean episode length: 1000.00
                        Mean action std: 0.34
--------------------------------------------------------------------------------
                         Iteration time: 0.45s
                           Time elapsed: 00:00:24
                                    ETA: 00:03:43

################################################################################
[1m                           Learning iteration 49/500                            [0m 

                            Total steps: 204800 
                       Steps per second: 9047 
                        Collection time: 0.411s 
                          Learning time: 0.041s 
                        Mean value loss: 0.0080
                    Mean surrogate loss: 0.0007
                      Mean entropy loss: 0.3082
                            Mean reward: 13.92
                    Mean episode length: 1000.00
                        Mean action std: 0.32
--------------------------------------------------------------------------------
                         Iteration time: 0.45s
                           Time elapsed: 00:00:24
                                    ETA: 00:03:42

################################################################################
[1m                           Learning iteration 50/500                            [0m 

                            Total steps: 208896 
                       Steps per second: 9067 
                        Collection time: 0.410s 
                          Learning time: 0.042s 
                        Mean value loss: 0.0023
                    Mean surrogate loss: 0.0107
                      Mean entropy loss: 0.2603
                            Mean reward: 13.92
                    Mean episode length: 1000.00
                        Mean action std: 0.31
--------------------------------------------------------------------------------
                         Iteration time: 0.45s
                           Time elapsed: 00:00:25
                                    ETA: 00:03:41

################################################################################
[1m                           Learning iteration 51/500                            [0m 

                            Total steps: 212992 
                       Steps per second: 9056 
                        Collection time: 0.412s 
                          Learning time: 0.041s 
                        Mean value loss: 0.0031
                    Mean surrogate loss: 0.0017
                      Mean entropy loss: 0.2040
                            Mean reward: 13.92
                    Mean episode length: 1000.00
                        Mean action std: 0.29
--------------------------------------------------------------------------------
                         Iteration time: 0.45s
                           Time elapsed: 00:00:25
                                    ETA: 00:03:41

################################################################################
[1m                           Learning iteration 52/500                            [0m 

                            Total steps: 217088 
                       Steps per second: 9128 
                        Collection time: 0.408s 
                          Learning time: 0.040s 
                        Mean value loss: 0.0029
                    Mean surrogate loss: 0.0372
                      Mean entropy loss: 0.1344
                            Mean reward: 13.92
                    Mean episode length: 1000.00
                        Mean action std: 0.27
--------------------------------------------------------------------------------
                         Iteration time: 0.45s
                           Time elapsed: 00:00:26
                                    ETA: 00:03:40

################################################################################
[1m                           Learning iteration 53/500                            [0m 

                            Total steps: 221184 
                       Steps per second: 9156 
                        Collection time: 0.407s 
                          Learning time: 0.040s 
                        Mean value loss: 0.0020
                    Mean surrogate loss: -0.0025
                      Mean entropy loss: 0.0892
                            Mean reward: 13.92
                    Mean episode length: 1000.00
                        Mean action std: 0.25
--------------------------------------------------------------------------------
                         Iteration time: 0.45s
                           Time elapsed: 00:00:26
                                    ETA: 00:03:39

################################################################################
[1m                           Learning iteration 54/500                            [0m 

                            Total steps: 225280 
                       Steps per second: 9136 
                        Collection time: 0.408s 
                          Learning time: 0.040s 
                        Mean value loss: 0.0021
                    Mean surrogate loss: 0.0033
                      Mean entropy loss: 0.0059
                            Mean reward: 13.92
                    Mean episode length: 1000.00
                        Mean action std: 0.24
--------------------------------------------------------------------------------
                         Iteration time: 0.45s
                           Time elapsed: 00:00:27
                                    ETA: 00:03:38

################################################################################
[1m                           Learning iteration 55/500                            [0m 

                            Total steps: 229376 
                       Steps per second: 9083 
                        Collection time: 0.410s 
                          Learning time: 0.041s 
                        Mean value loss: 0.0009
                    Mean surrogate loss: 0.0058
                      Mean entropy loss: -0.0200
                            Mean reward: 13.92
                    Mean episode length: 1000.00
                        Mean action std: 0.23
--------------------------------------------------------------------------------
                         Iteration time: 0.45s
                           Time elapsed: 00:00:27
                                    ETA: 00:03:37

################################################################################
[1m                           Learning iteration 56/500                            [0m 

                            Total steps: 233472 
                       Steps per second: 8972 
                        Collection time: 0.414s 
                          Learning time: 0.043s 
                        Mean value loss: 0.0008
                    Mean surrogate loss: -0.0018
                      Mean entropy loss: -0.0945
                            Mean reward: 13.92
                    Mean episode length: 1000.00
                        Mean action std: 0.21
--------------------------------------------------------------------------------
                         Iteration time: 0.46s
                           Time elapsed: 00:00:27
                                    ETA: 00:03:36

################################################################################
[1m                           Learning iteration 57/500                            [0m 

                            Total steps: 237568 
                       Steps per second: 9133 
                        Collection time: 0.408s 
                          Learning time: 0.041s 
                        Mean value loss: 0.0018
                    Mean surrogate loss: 0.0011
                      Mean entropy loss: -0.1451
                            Mean reward: 13.92
                    Mean episode length: 1000.00
                        Mean action std: 0.20
--------------------------------------------------------------------------------
                         Iteration time: 0.45s
                           Time elapsed: 00:00:28
                                    ETA: 00:03:36

################################################################################
[1m                           Learning iteration 58/500                            [0m 

                            Total steps: 241664 
                       Steps per second: 9100 
                        Collection time: 0.408s 
                          Learning time: 0.042s 
                        Mean value loss: 0.0013
                    Mean surrogate loss: 0.0130
                      Mean entropy loss: -0.2499
                            Mean reward: 13.92
                    Mean episode length: 1000.00
                        Mean action std: 0.18
--------------------------------------------------------------------------------
                         Iteration time: 0.45s
                           Time elapsed: 00:00:28
                                    ETA: 00:03:35

################################################################################
[1m                           Learning iteration 59/500                            [0m 

                            Total steps: 245760 
                       Steps per second: 9140 
                        Collection time: 0.408s 
                          Learning time: 0.040s 
                        Mean value loss: 0.0007
                    Mean surrogate loss: 0.0139
                      Mean entropy loss: -0.2941
                            Mean reward: 13.92
                    Mean episode length: 1000.00
                        Mean action std: 0.17
--------------------------------------------------------------------------------
                         Iteration time: 0.45s
                           Time elapsed: 00:00:29
                                    ETA: 00:03:34

################################################################################
[1m                           Learning iteration 60/500                            [0m 

                            Total steps: 249856 
                       Steps per second: 9088 
                        Collection time: 0.408s 
                          Learning time: 0.043s 
                        Mean value loss: 0.0003
                    Mean surrogate loss: 0.0003
                      Mean entropy loss: -0.3698
                            Mean reward: 13.92
                    Mean episode length: 1000.00
                        Mean action std: 0.16
--------------------------------------------------------------------------------
                         Iteration time: 0.45s
                           Time elapsed: 00:00:29
                                    ETA: 00:03:33

################################################################################
[1m                           Learning iteration 61/500                            [0m 

                            Total steps: 253952 
                       Steps per second: 9153 
                        Collection time: 0.406s 
                          Learning time: 0.041s 
                        Mean value loss: 0.0005
                    Mean surrogate loss: -0.0003
                      Mean entropy loss: -0.4465
                            Mean reward: 13.92
                    Mean episode length: 1000.00
                        Mean action std: 0.15
--------------------------------------------------------------------------------
                         Iteration time: 0.45s
                           Time elapsed: 00:00:30
                                    ETA: 00:03:33

################################################################################
[1m                           Learning iteration 62/500                            [0m 

                            Total steps: 258048 
                       Steps per second: 9111 
                        Collection time: 0.408s 
                          Learning time: 0.041s 
                        Mean value loss: 0.0002
                    Mean surrogate loss: 0.0096
                      Mean entropy loss: -0.4998
                            Mean reward: 41.23
                    Mean episode length: 1000.00
                        Mean action std: 0.15
--------------------------------------------------------------------------------
                         Iteration time: 0.45s
                           Time elapsed: 00:00:30
                                    ETA: 00:03:32

################################################################################
[1m                           Learning iteration 63/500                            [0m 

                            Total steps: 262144 
                       Steps per second: 9150 
                        Collection time: 0.406s 
                          Learning time: 0.041s 
                        Mean value loss: 0.0003
                    Mean surrogate loss: 0.0036
                      Mean entropy loss: -0.5208
                            Mean reward: 41.23
                    Mean episode length: 1000.00
                        Mean action std: 0.14
--------------------------------------------------------------------------------
                         Iteration time: 0.45s
                           Time elapsed: 00:00:31
                                    ETA: 00:03:31

################################################################################
[1m                           Learning iteration 64/500                            [0m 

                            Total steps: 266240 
                       Steps per second: 9187 
                        Collection time: 0.405s 
                          Learning time: 0.041s 
                        Mean value loss: 0.0002
                    Mean surrogate loss: 0.0062
                      Mean entropy loss: -0.5589
                            Mean reward: 41.23
                    Mean episode length: 1000.00
                        Mean action std: 0.14
--------------------------------------------------------------------------------
                         Iteration time: 0.45s
                           Time elapsed: 00:00:31
                                    ETA: 00:03:30

################################################################################
[1m                           Learning iteration 65/500                            [0m 

                            Total steps: 270336 
                       Steps per second: 9058 
                        Collection time: 0.408s 
                          Learning time: 0.044s 
                        Mean value loss: 0.0001
                    Mean surrogate loss: 0.0157
                      Mean entropy loss: -0.6148
                            Mean reward: 41.23
                    Mean episode length: 1000.00
                        Mean action std: 0.13
--------------------------------------------------------------------------------
                         Iteration time: 0.45s
                           Time elapsed: 00:00:31
                                    ETA: 00:03:30

################################################################################
[1m                           Learning iteration 66/500                            [0m 

                            Total steps: 274432 
                       Steps per second: 9142 
                        Collection time: 0.407s 
                          Learning time: 0.042s 
                        Mean value loss: 0.0002
                    Mean surrogate loss: 0.0055
                      Mean entropy loss: -0.6634
                            Mean reward: 41.23
                    Mean episode length: 1000.00
                        Mean action std: 0.12
--------------------------------------------------------------------------------
                         Iteration time: 0.45s
                           Time elapsed: 00:00:32
                                    ETA: 00:03:29

################################################################################
[1m                           Learning iteration 67/500                            [0m 

                            Total steps: 278528 
                       Steps per second: 9177 
                        Collection time: 0.405s 
                          Learning time: 0.041s 
                        Mean value loss: 0.0001
                    Mean surrogate loss: 0.0516
                      Mean entropy loss: -0.7132
                            Mean reward: 41.23
                    Mean episode length: 1000.00
                        Mean action std: 0.12
--------------------------------------------------------------------------------
                         Iteration time: 0.45s
                           Time elapsed: 00:00:32
                                    ETA: 00:03:28

################################################################################
[1m                           Learning iteration 68/500                            [0m 

                            Total steps: 282624 
                       Steps per second: 9227 
                        Collection time: 0.404s 
                          Learning time: 0.040s 
                        Mean value loss: 0.0001
                    Mean surrogate loss: 0.0052
                      Mean entropy loss: -0.7262
                            Mean reward: 41.23
                    Mean episode length: 1000.00
                        Mean action std: 0.12
--------------------------------------------------------------------------------
                         Iteration time: 0.44s
                           Time elapsed: 00:00:33
                                    ETA: 00:03:27

################################################################################
[1m                           Learning iteration 69/500                            [0m 

                            Total steps: 286720 
                       Steps per second: 9203 
                        Collection time: 0.403s 
                          Learning time: 0.042s 
                        Mean value loss: 0.0002
                    Mean surrogate loss: -0.0007
                      Mean entropy loss: -0.7569
                            Mean reward: 41.23
                    Mean episode length: 1000.00
                        Mean action std: 0.11
--------------------------------------------------------------------------------
                         Iteration time: 0.45s
                           Time elapsed: 00:00:33
                                    ETA: 00:03:27

################################################################################
[1m                           Learning iteration 70/500                            [0m 

                            Total steps: 290816 
                       Steps per second: 9141 
                        Collection time: 0.407s 
                          Learning time: 0.041s 
                        Mean value loss: 0.0001
                    Mean surrogate loss: 0.0287
                      Mean entropy loss: -0.8331
                            Mean reward: 41.23
                    Mean episode length: 1000.00
                        Mean action std: 0.10
--------------------------------------------------------------------------------
                         Iteration time: 0.45s
                           Time elapsed: 00:00:34
                                    ETA: 00:03:26

################################################################################
[1m                           Learning iteration 71/500                            [0m 

                            Total steps: 294912 
                       Steps per second: 9261 
                        Collection time: 0.399s 
                          Learning time: 0.043s 
                        Mean value loss: 0.0002
                    Mean surrogate loss: 0.0129
                      Mean entropy loss: -0.8778
                            Mean reward: 41.23
                    Mean episode length: 1000.00
                        Mean action std: 0.10
--------------------------------------------------------------------------------
                         Iteration time: 0.44s
                           Time elapsed: 00:00:34
                                    ETA: 00:03:25

################################################################################
[1m                           Learning iteration 72/500                            [0m 

                            Total steps: 299008 
                       Steps per second: 9198 
                        Collection time: 0.403s 
                          Learning time: 0.042s 
                        Mean value loss: 0.0001
                    Mean surrogate loss: 0.0110
                      Mean entropy loss: -0.8965
                            Mean reward: 41.23
                    Mean episode length: 1000.00
                        Mean action std: 0.10
--------------------------------------------------------------------------------
                         Iteration time: 0.45s
                           Time elapsed: 00:00:35
                                    ETA: 00:03:25

################################################################################
[1m                           Learning iteration 73/500                            [0m 

                            Total steps: 303104 
                       Steps per second: 9316 
                        Collection time: 0.399s 
                          Learning time: 0.041s 
                        Mean value loss: 0.0001
                    Mean surrogate loss: 0.0114
                      Mean entropy loss: -0.9138
                            Mean reward: 41.23
                    Mean episode length: 1000.00
                        Mean action std: 0.10
--------------------------------------------------------------------------------
                         Iteration time: 0.44s
                           Time elapsed: 00:00:35
                                    ETA: 00:03:24

################################################################################
[1m                           Learning iteration 74/500                            [0m 

                            Total steps: 307200 
                       Steps per second: 9274 
                        Collection time: 0.400s 
                          Learning time: 0.041s 
                        Mean value loss: 0.0001
                    Mean surrogate loss: 0.0043
                      Mean entropy loss: -0.9437
                            Mean reward: 41.23
                    Mean episode length: 1000.00
                        Mean action std: 0.09
--------------------------------------------------------------------------------
                         Iteration time: 0.44s
                           Time elapsed: 00:00:35
                                    ETA: 00:03:23

################################################################################
[1m                           Learning iteration 75/500                            [0m 

                            Total steps: 311296 
                       Steps per second: 9283 
                        Collection time: 0.401s 
                          Learning time: 0.040s 
                        Mean value loss: 0.0000
                    Mean surrogate loss: 0.0025
                      Mean entropy loss: -0.9855
                            Mean reward: 41.23
                    Mean episode length: 1000.00
                        Mean action std: 0.08
--------------------------------------------------------------------------------
                         Iteration time: 0.44s
                           Time elapsed: 00:00:36
                                    ETA: 00:03:23

################################################################################
[1m                           Learning iteration 76/500                            [0m 

                            Total steps: 315392 
                       Steps per second: 9317 
                        Collection time: 0.398s 
                          Learning time: 0.041s 
                        Mean value loss: 0.0000
                    Mean surrogate loss: 0.0050
                      Mean entropy loss: -1.0730
                            Mean reward: 41.23
                    Mean episode length: 1000.00
                        Mean action std: 0.08
--------------------------------------------------------------------------------
                         Iteration time: 0.44s
                           Time elapsed: 00:00:36
                                    ETA: 00:03:22

################################################################################
[1m                           Learning iteration 77/500                            [0m 

                            Total steps: 319488 
                       Steps per second: 9332 
                        Collection time: 0.398s 
                          Learning time: 0.041s 
                        Mean value loss: 0.0000
                    Mean surrogate loss: 0.0073
                      Mean entropy loss: -1.1368
                            Mean reward: 41.23
                    Mean episode length: 1000.00
                        Mean action std: 0.08
--------------------------------------------------------------------------------
                         Iteration time: 0.44s
                           Time elapsed: 00:00:37
                                    ETA: 00:03:21

################################################################################
[1m                           Learning iteration 78/500                            [0m 

                            Total steps: 323584 
                       Steps per second: 9313 
                        Collection time: 0.398s 
                          Learning time: 0.042s 
                        Mean value loss: 0.0000
                    Mean surrogate loss: 0.0158
                      Mean entropy loss: -1.1154
                            Mean reward: 41.23
                    Mean episode length: 1000.00
                        Mean action std: 0.08
--------------------------------------------------------------------------------
                         Iteration time: 0.44s
                           Time elapsed: 00:00:37
                                    ETA: 00:03:21

################################################################################
[1m                           Learning iteration 79/500                            [0m 

                            Total steps: 327680 
                       Steps per second: 9361 
                        Collection time: 0.396s 
                          Learning time: 0.042s 
                        Mean value loss: 0.0000
                    Mean surrogate loss: 0.0133
                      Mean entropy loss: -1.1532
                            Mean reward: 41.23
                    Mean episode length: 1000.00
                        Mean action std: 0.07
--------------------------------------------------------------------------------
                         Iteration time: 0.44s
                           Time elapsed: 00:00:38
                                    ETA: 00:03:20

################################################################################
[1m                           Learning iteration 80/500                            [0m 

                            Total steps: 331776 
                       Steps per second: 9339 
                        Collection time: 0.397s 
                          Learning time: 0.042s 
                        Mean value loss: 0.0000
                    Mean surrogate loss: 0.0031
                      Mean entropy loss: -1.2050
                            Mean reward: 41.23
                    Mean episode length: 1000.00
                        Mean action std: 0.07
--------------------------------------------------------------------------------
                         Iteration time: 0.44s
                           Time elapsed: 00:00:38
                                    ETA: 00:03:19

################################################################################
[1m                           Learning iteration 81/500                            [0m 

                            Total steps: 335872 
                       Steps per second: 9292 
                        Collection time: 0.400s 
                          Learning time: 0.041s 
                        Mean value loss: 0.0000
                    Mean surrogate loss: 0.0087
                      Mean entropy loss: -1.2945
                            Mean reward: 41.23
                    Mean episode length: 1000.00
                        Mean action std: 0.06
--------------------------------------------------------------------------------
                         Iteration time: 0.44s
                           Time elapsed: 00:00:39
                                    ETA: 00:03:18

################################################################################
[1m                           Learning iteration 82/500                            [0m 

                            Total steps: 339968 
                       Steps per second: 9362 
                        Collection time: 0.397s 
                          Learning time: 0.041s 
                        Mean value loss: 0.0000
                    Mean surrogate loss: 0.0026
                      Mean entropy loss: -1.3732
                            Mean reward: 41.23
                    Mean episode length: 1000.00
                        Mean action std: 0.06
--------------------------------------------------------------------------------
                         Iteration time: 0.44s
                           Time elapsed: 00:00:39
                                    ETA: 00:03:18

################################################################################
[1m                           Learning iteration 83/500                            [0m 

                            Total steps: 344064 
                       Steps per second: 9279 
                        Collection time: 0.399s 
                          Learning time: 0.042s 
                        Mean value loss: 0.0000
                    Mean surrogate loss: 0.0137
                      Mean entropy loss: -1.4124
                            Mean reward: 41.23
                    Mean episode length: 1000.00
                        Mean action std: 0.06
--------------------------------------------------------------------------------
                         Iteration time: 0.44s
                           Time elapsed: 00:00:39
                                    ETA: 00:03:17

################################################################################
[1m                           Learning iteration 84/500                            [0m 

                            Total steps: 348160 
                       Steps per second: 9326 
                        Collection time: 0.397s 
                          Learning time: 0.042s 
                        Mean value loss: 0.0000
                    Mean surrogate loss: 0.0104
                      Mean entropy loss: -1.4651
                            Mean reward: 41.23
                    Mean episode length: 1000.00
                        Mean action std: 0.05
--------------------------------------------------------------------------------
                         Iteration time: 0.44s
                           Time elapsed: 00:00:40
                                    ETA: 00:03:17

################################################################################
[1m                           Learning iteration 85/500                            [0m 

                            Total steps: 352256 
                       Steps per second: 9187 
                        Collection time: 0.403s 
                          Learning time: 0.043s 
                        Mean value loss: 0.0000
                    Mean surrogate loss: 0.0018
                      Mean entropy loss: -1.5022
                            Mean reward: 41.23
                    Mean episode length: 1000.00
                        Mean action std: 0.05
--------------------------------------------------------------------------------
                         Iteration time: 0.45s
                           Time elapsed: 00:00:40
                                    ETA: 00:03:16

################################################################################
[1m                           Learning iteration 86/500                            [0m 

                            Total steps: 356352 
                       Steps per second: 9283 
                        Collection time: 0.399s 
                          Learning time: 0.042s 
                        Mean value loss: 0.0000
                    Mean surrogate loss: 0.0175
                      Mean entropy loss: -1.5301
                            Mean reward: 41.23
                    Mean episode length: 1000.00
                        Mean action std: 0.05
--------------------------------------------------------------------------------
                         Iteration time: 0.44s
                           Time elapsed: 00:00:41
                                    ETA: 00:03:15

################################################################################
[1m                           Learning iteration 87/500                            [0m 

                            Total steps: 360448 
                       Steps per second: 9325 
                        Collection time: 0.398s 
                          Learning time: 0.042s 
                        Mean value loss: 0.0000
                    Mean surrogate loss: 0.0045
                      Mean entropy loss: -1.5570
                            Mean reward: 41.23
                    Mean episode length: 1000.00
                        Mean action std: 0.05
--------------------------------------------------------------------------------
                         Iteration time: 0.44s
                           Time elapsed: 00:00:41
                                    ETA: 00:03:15

################################################################################
[1m                           Learning iteration 88/500                            [0m 

                            Total steps: 364544 
                       Steps per second: 9353 
                        Collection time: 0.398s 
                          Learning time: 0.040s 
                        Mean value loss: 0.0000
                    Mean surrogate loss: 0.0097
                      Mean entropy loss: -1.5658
                            Mean reward: 41.23
                    Mean episode length: 1000.00
                        Mean action std: 0.05
--------------------------------------------------------------------------------
                         Iteration time: 0.44s
                           Time elapsed: 00:00:42
                                    ETA: 00:03:14

################################################################################
[1m                           Learning iteration 89/500                            [0m 

                            Total steps: 368640 
                       Steps per second: 9324 
                        Collection time: 0.399s 
                          Learning time: 0.041s 
                        Mean value loss: 0.0000
                    Mean surrogate loss: 0.0028
                      Mean entropy loss: -1.6135
                            Mean reward: 41.23
                    Mean episode length: 1000.00
                        Mean action std: 0.05
--------------------------------------------------------------------------------
                         Iteration time: 0.44s
                           Time elapsed: 00:00:42
                                    ETA: 00:03:13

################################################################################
[1m                           Learning iteration 90/500                            [0m 

                            Total steps: 372736 
                       Steps per second: 9354 
                        Collection time: 0.398s 
                          Learning time: 0.040s 
                        Mean value loss: 0.0000
                    Mean surrogate loss: 0.0081
                      Mean entropy loss: -1.7007
                            Mean reward: 41.23
                    Mean episode length: 1000.00
                        Mean action std: 0.04
--------------------------------------------------------------------------------
                         Iteration time: 0.44s
                           Time elapsed: 00:00:42
                                    ETA: 00:03:13

################################################################################
[1m                           Learning iteration 91/500                            [0m 

                            Total steps: 376832 
                       Steps per second: 9379 
                        Collection time: 0.395s 
                          Learning time: 0.042s 
                        Mean value loss: 0.0000
                    Mean surrogate loss: 0.0054
                      Mean entropy loss: -1.8039
                            Mean reward: 41.23
                    Mean episode length: 1000.00
                        Mean action std: 0.04
--------------------------------------------------------------------------------
                         Iteration time: 0.44s
                           Time elapsed: 00:00:43
                                    ETA: 00:03:12

################################################################################
[1m                           Learning iteration 92/500                            [0m 

                            Total steps: 380928 
                       Steps per second: 9374 
                        Collection time: 0.396s 
                          Learning time: 0.041s 
                        Mean value loss: 0.0000
                    Mean surrogate loss: 0.0230
                      Mean entropy loss: -1.8107
                            Mean reward: 41.23
                    Mean episode length: 1000.00
                        Mean action std: 0.04
--------------------------------------------------------------------------------
                         Iteration time: 0.44s
                           Time elapsed: 00:00:43
                                    ETA: 00:03:11

################################################################################
[1m                           Learning iteration 93/500                            [0m 

                            Total steps: 385024 
                       Steps per second: 9173 
                        Collection time: 0.405s 
                          Learning time: 0.041s 
                        Mean value loss: 0.0000
                    Mean surrogate loss: 0.0040
                      Mean entropy loss: -1.8272
                            Mean reward: 49.45
                    Mean episode length: 1000.00
                        Mean action std: 0.04
--------------------------------------------------------------------------------
                         Iteration time: 0.45s
                           Time elapsed: 00:00:44
                                    ETA: 00:03:11

################################################################################
[1m                           Learning iteration 94/500                            [0m 

                            Total steps: 389120 
                       Steps per second: 9411 
                        Collection time: 0.394s 
                          Learning time: 0.042s 
                        Mean value loss: 0.0000
                    Mean surrogate loss: 0.0108
                      Mean entropy loss: -1.8433
                            Mean reward: 49.45
                    Mean episode length: 1000.00
                        Mean action std: 0.04
--------------------------------------------------------------------------------
                         Iteration time: 0.44s
                           Time elapsed: 00:00:44
                                    ETA: 00:03:10

################################################################################
[1m                           Learning iteration 95/500                            [0m 

                            Total steps: 393216 
                       Steps per second: 9363 
                        Collection time: 0.396s 
                          Learning time: 0.041s 
                        Mean value loss: 0.0000
                    Mean surrogate loss: 0.0256
                      Mean entropy loss: -1.8672
                            Mean reward: 49.45
                    Mean episode length: 1000.00
                        Mean action std: 0.04
--------------------------------------------------------------------------------
                         Iteration time: 0.44s
                           Time elapsed: 00:00:45
                                    ETA: 00:03:10

################################################################################
[1m                           Learning iteration 96/500                            [0m 

                            Total steps: 397312 
                       Steps per second: 8041 
                        Collection time: 0.465s 
                          Learning time: 0.044s 
                        Mean value loss: 0.0000
                    Mean surrogate loss: 0.0050
                      Mean entropy loss: -1.8784
                            Mean reward: 49.45
                    Mean episode length: 1000.00
                        Mean action std: 0.04
--------------------------------------------------------------------------------
                         Iteration time: 0.51s
                           Time elapsed: 00:00:45
                                    ETA: 00:03:09

################################################################################
[1m                           Learning iteration 97/500                            [0m 

                            Total steps: 401408 
                       Steps per second: 7970 
                        Collection time: 0.466s 
                          Learning time: 0.048s 
                        Mean value loss: 0.0000
                    Mean surrogate loss: 0.0071
                      Mean entropy loss: -1.9028
                            Mean reward: 49.45
                    Mean episode length: 1000.00
                        Mean action std: 0.03
--------------------------------------------------------------------------------
                         Iteration time: 0.51s
                           Time elapsed: 00:00:46
                                    ETA: 00:03:09

################################################################################
[1m                           Learning iteration 98/500                            [0m 

                            Total steps: 405504 
                       Steps per second: 9255 
                        Collection time: 0.400s 
                          Learning time: 0.042s 
                        Mean value loss: 0.0000
                    Mean surrogate loss: 0.0066
                      Mean entropy loss: -1.9393
                            Mean reward: 49.45
                    Mean episode length: 1000.00
                        Mean action std: 0.03
--------------------------------------------------------------------------------
                         Iteration time: 0.44s
                           Time elapsed: 00:00:46
                                    ETA: 00:03:08

################################################################################
[1m                           Learning iteration 99/500                            [0m 

                            Total steps: 409600 
                       Steps per second: 9282 
                        Collection time: 0.399s 
                          Learning time: 0.042s 
                        Mean value loss: 0.0000
                    Mean surrogate loss: 0.0102
                      Mean entropy loss: -1.9564
                            Mean reward: 49.45
                    Mean episode length: 1000.00
                        Mean action std: 0.03
--------------------------------------------------------------------------------
                         Iteration time: 0.44s
                           Time elapsed: 00:00:47
                                    ETA: 00:03:08

################################################################################
[1m                           Learning iteration 100/500                           [0m 

                            Total steps: 413696 
                       Steps per second: 9397 
                        Collection time: 0.394s 
                          Learning time: 0.042s 
                        Mean value loss: 0.0000
                    Mean surrogate loss: 0.0087
                      Mean entropy loss: -1.9805
                            Mean reward: 49.45
                    Mean episode length: 1000.00
                        Mean action std: 0.03
--------------------------------------------------------------------------------
                         Iteration time: 0.44s
                           Time elapsed: 00:00:47
                                    ETA: 00:03:07

################################################################################
[1m                           Learning iteration 101/500                           [0m 

                            Total steps: 417792 
                       Steps per second: 9127 
                        Collection time: 0.408s 
                          Learning time: 0.040s 
                        Mean value loss: 0.0000
                    Mean surrogate loss: 0.0089
                      Mean entropy loss: -2.0186
                            Mean reward: 49.45
                    Mean episode length: 1000.00
                        Mean action std: 0.03
--------------------------------------------------------------------------------
                         Iteration time: 0.45s
                           Time elapsed: 00:00:47
                                    ETA: 00:03:07

################################################################################
[1m                           Learning iteration 102/500                           [0m 

                            Total steps: 421888 
                       Steps per second: 9363 
                        Collection time: 0.397s 
                          Learning time: 0.041s 
                        Mean value loss: 0.0000
                    Mean surrogate loss: 0.0119
                      Mean entropy loss: -2.0318
                            Mean reward: 49.45
                    Mean episode length: 1000.00
                        Mean action std: 0.03
--------------------------------------------------------------------------------
                         Iteration time: 0.44s
                           Time elapsed: 00:00:48
                                    ETA: 00:03:06

################################################################################
[1m                           Learning iteration 103/500                           [0m 

                            Total steps: 425984 
                       Steps per second: 9365 
                        Collection time: 0.396s 
                          Learning time: 0.041s 
                        Mean value loss: 0.0000
                    Mean surrogate loss: 0.0148
                      Mean entropy loss: -2.0532
                            Mean reward: 49.45
                    Mean episode length: 1000.00
                        Mean action std: 0.03
--------------------------------------------------------------------------------
                         Iteration time: 0.44s
                           Time elapsed: 00:00:48
                                    ETA: 00:03:06

################################################################################
[1m                           Learning iteration 104/500                           [0m 

                            Total steps: 430080 
                       Steps per second: 9410 
                        Collection time: 0.395s 
                          Learning time: 0.040s 
                        Mean value loss: 0.0000
                    Mean surrogate loss: 0.0136
                      Mean entropy loss: -2.0574
                            Mean reward: 49.45
                    Mean episode length: 1000.00
                        Mean action std: 0.03
--------------------------------------------------------------------------------
                         Iteration time: 0.44s
                           Time elapsed: 00:00:49
                                    ETA: 00:03:05

################################################################################
[1m                           Learning iteration 105/500                           [0m 

                            Total steps: 434176 
                       Steps per second: 9350 
                        Collection time: 0.396s 
                          Learning time: 0.042s 
                        Mean value loss: 0.0000
                    Mean surrogate loss: 0.0025
                      Mean entropy loss: -2.0872
                            Mean reward: 49.45
                    Mean episode length: 1000.00
                        Mean action std: 0.03
--------------------------------------------------------------------------------
                         Iteration time: 0.44s
                           Time elapsed: 00:00:49
                                    ETA: 00:03:04

################################################################################
[1m                           Learning iteration 106/500                           [0m 

                            Total steps: 438272 
                       Steps per second: 9363 
                        Collection time: 0.397s 
                          Learning time: 0.041s 
                        Mean value loss: 0.0000
                    Mean surrogate loss: 0.0287
                      Mean entropy loss: -2.1081
                            Mean reward: 49.45
                    Mean episode length: 1000.00
                        Mean action std: 0.03
--------------------------------------------------------------------------------
                         Iteration time: 0.44s
                           Time elapsed: 00:00:50
                                    ETA: 00:03:04

################################################################################
[1m                           Learning iteration 107/500                           [0m 

                            Total steps: 442368 
                       Steps per second: 9305 
                        Collection time: 0.396s 
                          Learning time: 0.044s 
                        Mean value loss: 0.0000
                    Mean surrogate loss: 0.0041
                      Mean entropy loss: -2.1325
                            Mean reward: 49.45
                    Mean episode length: 1000.00
                        Mean action std: 0.03
--------------------------------------------------------------------------------
                         Iteration time: 0.44s
                           Time elapsed: 00:00:50
                                    ETA: 00:03:03

################################################################################
[1m                           Learning iteration 108/500                           [0m 

                            Total steps: 446464 
                       Steps per second: 9260 
                        Collection time: 0.401s 
                          Learning time: 0.042s 
                        Mean value loss: 0.0000
                    Mean surrogate loss: 0.0252
                      Mean entropy loss: -2.2042
                            Mean reward: 49.45
                    Mean episode length: 1000.00
                        Mean action std: 0.03
--------------------------------------------------------------------------------
                         Iteration time: 0.44s
                           Time elapsed: 00:00:51
                                    ETA: 00:03:03

################################################################################
[1m                           Learning iteration 109/500                           [0m 

                            Total steps: 450560 
                       Steps per second: 9263 
                        Collection time: 0.402s 
                          Learning time: 0.041s 
                        Mean value loss: 0.0000
                    Mean surrogate loss: 0.0113
                      Mean entropy loss: -2.2213
                            Mean reward: 49.45
                    Mean episode length: 1000.00
                        Mean action std: 0.03
--------------------------------------------------------------------------------
                         Iteration time: 0.44s
                           Time elapsed: 00:00:51
                                    ETA: 00:03:02

################################################################################
[1m                           Learning iteration 110/500                           [0m 

                            Total steps: 454656 
                       Steps per second: 9399 
                        Collection time: 0.394s 
                          Learning time: 0.042s 
                        Mean value loss: 0.0000
                    Mean surrogate loss: 0.0107
                      Mean entropy loss: -2.2443
                            Mean reward: 49.45
                    Mean episode length: 1000.00
                        Mean action std: 0.03
--------------------------------------------------------------------------------
                         Iteration time: 0.44s
                           Time elapsed: 00:00:51
                                    ETA: 00:03:01

################################################################################
[1m                           Learning iteration 111/500                           [0m 

                            Total steps: 458752 
                       Steps per second: 9091 
                        Collection time: 0.408s 
                          Learning time: 0.042s 
                        Mean value loss: 0.0000
                    Mean surrogate loss: 0.0245
                      Mean entropy loss: -2.2265
                            Mean reward: 49.45
                    Mean episode length: 1000.00
                        Mean action std: 0.03
--------------------------------------------------------------------------------
                         Iteration time: 0.45s
                           Time elapsed: 00:00:52
                                    ETA: 00:03:01

################################################################################
[1m                           Learning iteration 112/500                           [0m 

                            Total steps: 462848 
                       Steps per second: 9318 
                        Collection time: 0.399s 
                          Learning time: 0.041s 
                        Mean value loss: 0.0000
                    Mean surrogate loss: 0.0002
                      Mean entropy loss: -2.2794
                            Mean reward: 49.45
                    Mean episode length: 1000.00
                        Mean action std: 0.02
--------------------------------------------------------------------------------
                         Iteration time: 0.44s
                           Time elapsed: 00:00:52
                                    ETA: 00:03:00

################################################################################
[1m                           Learning iteration 113/500                           [0m 

                            Total steps: 466944 
                       Steps per second: 9391 
                        Collection time: 0.396s 
                          Learning time: 0.041s 
                        Mean value loss: 0.0000
                    Mean surrogate loss: 0.0102
                      Mean entropy loss: -2.3313
                            Mean reward: 49.45
                    Mean episode length: 1000.00
                        Mean action std: 0.02
--------------------------------------------------------------------------------
                         Iteration time: 0.44s
                           Time elapsed: 00:00:53
                                    ETA: 00:03:00

################################################################################
[1m                           Learning iteration 114/500                           [0m 

                            Total steps: 471040 
                       Steps per second: 9407 
                        Collection time: 0.394s 
                          Learning time: 0.041s 
                        Mean value loss: 0.0000
                    Mean surrogate loss: 0.0456
                      Mean entropy loss: -2.3145
                            Mean reward: 49.45
                    Mean episode length: 1000.00
                        Mean action std: 0.02
--------------------------------------------------------------------------------
                         Iteration time: 0.44s
                           Time elapsed: 00:00:53
                                    ETA: 00:02:59

################################################################################
[1m                           Learning iteration 115/500                           [0m 

                            Total steps: 475136 
                       Steps per second: 9308 
                        Collection time: 0.399s 
                          Learning time: 0.041s 
                        Mean value loss: 0.0000
                    Mean surrogate loss: -0.0002
                      Mean entropy loss: -2.3257
                            Mean reward: 49.45
                    Mean episode length: 1000.00
                        Mean action std: 0.02
--------------------------------------------------------------------------------
                         Iteration time: 0.44s
                           Time elapsed: 00:00:54
                                    ETA: 00:02:59

################################################################################
[1m                           Learning iteration 116/500                           [0m 

                            Total steps: 479232 
                       Steps per second: 9349 
                        Collection time: 0.397s 
                          Learning time: 0.041s 
                        Mean value loss: 0.0000
                    Mean surrogate loss: 0.0141
                      Mean entropy loss: -2.3438
                            Mean reward: 49.45
                    Mean episode length: 1000.00
                        Mean action std: 0.02
--------------------------------------------------------------------------------
                         Iteration time: 0.44s
                           Time elapsed: 00:00:54
                                    ETA: 00:02:58

################################################################################
[1m                           Learning iteration 117/500                           [0m 

                            Total steps: 483328 
                       Steps per second: 9234 
                        Collection time: 0.402s 
                          Learning time: 0.042s 
                        Mean value loss: 0.0000
                    Mean surrogate loss: 0.0097
                      Mean entropy loss: -2.3614
                            Mean reward: 49.45
                    Mean episode length: 1000.00
                        Mean action std: 0.02
--------------------------------------------------------------------------------
                         Iteration time: 0.44s
                           Time elapsed: 00:00:55
                                    ETA: 00:02:58

################################################################################
[1m                           Learning iteration 118/500                           [0m 

                            Total steps: 487424 
                       Steps per second: 9278 
                        Collection time: 0.400s 
                          Learning time: 0.041s 
                        Mean value loss: 0.0000
                    Mean surrogate loss: 0.0063
                      Mean entropy loss: -2.4092
                            Mean reward: 49.45
                    Mean episode length: 1000.00
                        Mean action std: 0.02
--------------------------------------------------------------------------------
                         Iteration time: 0.44s
                           Time elapsed: 00:00:55
                                    ETA: 00:02:57

################################################################################
[1m                           Learning iteration 119/500                           [0m 

                            Total steps: 491520 
                       Steps per second: 9323 
                        Collection time: 0.399s 
                          Learning time: 0.041s 
                        Mean value loss: 0.0000
                    Mean surrogate loss: 0.0205
                      Mean entropy loss: -2.3802
                            Mean reward: 49.45
                    Mean episode length: 1000.00
                        Mean action std: 0.02
--------------------------------------------------------------------------------
                         Iteration time: 0.44s
                           Time elapsed: 00:00:55
                                    ETA: 00:02:56

################################################################################
[1m                           Learning iteration 120/500                           [0m 

                            Total steps: 495616 
                       Steps per second: 9314 
                        Collection time: 0.398s 
                          Learning time: 0.042s 
                        Mean value loss: 0.0000
                    Mean surrogate loss: 0.0061
                      Mean entropy loss: -2.4294
                            Mean reward: 49.45
                    Mean episode length: 1000.00
                        Mean action std: 0.02
--------------------------------------------------------------------------------
                         Iteration time: 0.44s
                           Time elapsed: 00:00:56
                                    ETA: 00:02:56

################################################################################
[1m                           Learning iteration 121/500                           [0m 

                            Total steps: 499712 
                       Steps per second: 9390 
                        Collection time: 0.395s 
                          Learning time: 0.041s 
                        Mean value loss: 0.0000
                    Mean surrogate loss: 0.0216
                      Mean entropy loss: -2.4350
                            Mean reward: 49.45
                    Mean episode length: 1000.00
                        Mean action std: 0.02
--------------------------------------------------------------------------------
                         Iteration time: 0.44s
                           Time elapsed: 00:00:56
                                    ETA: 00:02:55

################################################################################
[1m                           Learning iteration 122/500                           [0m 

                            Total steps: 503808 
                       Steps per second: 9400 
                        Collection time: 0.394s 
                          Learning time: 0.042s 
                        Mean value loss: 0.0000
                    Mean surrogate loss: 0.0053
                      Mean entropy loss: -2.4424
                            Mean reward: 49.45
                    Mean episode length: 1000.00
                        Mean action std: 0.02
--------------------------------------------------------------------------------
                         Iteration time: 0.44s
                           Time elapsed: 00:00:57
                                    ETA: 00:02:55

################################################################################
[1m                           Learning iteration 123/500                           [0m 

                            Total steps: 507904 
                       Steps per second: 9286 
                        Collection time: 0.400s 
                          Learning time: 0.041s 
                        Mean value loss: 0.0000
                    Mean surrogate loss: 0.0133
                      Mean entropy loss: -2.4398
                            Mean reward: 49.45
                    Mean episode length: 1000.00
                        Mean action std: 0.02
--------------------------------------------------------------------------------
                         Iteration time: 0.44s
                           Time elapsed: 00:00:57
                                    ETA: 00:02:54

################################################################################
[1m                           Learning iteration 124/500                           [0m 

                            Total steps: 512000 
                       Steps per second: 9205 
                        Collection time: 0.404s 
                          Learning time: 0.041s 
                        Mean value loss: 0.0000
                    Mean surrogate loss: 0.0517
                      Mean entropy loss: -2.4534
                            Mean reward: 49.53
                    Mean episode length: 1000.00
                        Mean action std: 0.02
--------------------------------------------------------------------------------
                         Iteration time: 0.44s
                           Time elapsed: 00:00:58
                                    ETA: 00:02:54

################################################################################
[1m                           Learning iteration 125/500                           [0m 

                            Total steps: 516096 
                       Steps per second: 9388 
                        Collection time: 0.396s 
                          Learning time: 0.041s 
                        Mean value loss: 0.0000
                    Mean surrogate loss: 0.0054
                      Mean entropy loss: -2.4459
                            Mean reward: 49.53
                    Mean episode length: 1000.00
                        Mean action std: 0.02
--------------------------------------------------------------------------------
                         Iteration time: 0.44s
                           Time elapsed: 00:00:58
                                    ETA: 00:02:53

################################################################################
[1m                           Learning iteration 126/500                           [0m 

                            Total steps: 520192 
                       Steps per second: 9384 
                        Collection time: 0.395s 
                          Learning time: 0.041s 
                        Mean value loss: 0.0000
                    Mean surrogate loss: 0.0249
                      Mean entropy loss: -2.4555
                            Mean reward: 49.53
                    Mean episode length: 1000.00
                        Mean action std: 0.02
--------------------------------------------------------------------------------
                         Iteration time: 0.44s
                           Time elapsed: 00:00:58
                                    ETA: 00:02:53

################################################################################
[1m                           Learning iteration 127/500                           [0m 

                            Total steps: 524288 
                       Steps per second: 9331 
                        Collection time: 0.398s 
                          Learning time: 0.041s 
                        Mean value loss: 0.0000
                    Mean surrogate loss: 0.0027
                      Mean entropy loss: -2.4616
                            Mean reward: 49.53
                    Mean episode length: 1000.00
                        Mean action std: 0.02
--------------------------------------------------------------------------------
                         Iteration time: 0.44s
                           Time elapsed: 00:00:59
                                    ETA: 00:02:52

################################################################################
[1m                           Learning iteration 128/500                           [0m 

                            Total steps: 528384 
                       Steps per second: 9285 
                        Collection time: 0.399s 
                          Learning time: 0.042s 
                        Mean value loss: 0.0000
                    Mean surrogate loss: 0.0003
                      Mean entropy loss: -2.4675
                            Mean reward: 49.53
                    Mean episode length: 1000.00
                        Mean action std: 0.02
--------------------------------------------------------------------------------
                         Iteration time: 0.44s
                           Time elapsed: 00:00:59
                                    ETA: 00:02:52

################################################################################
[1m                           Learning iteration 129/500                           [0m 

                            Total steps: 532480 
                       Steps per second: 9315 
                        Collection time: 0.399s 
                          Learning time: 0.041s 
                        Mean value loss: 0.0000
                    Mean surrogate loss: 0.0069
                      Mean entropy loss: -2.4712
                            Mean reward: 49.53
                    Mean episode length: 1000.00
                        Mean action std: 0.02
--------------------------------------------------------------------------------
                         Iteration time: 0.44s
                           Time elapsed: 00:01:00
                                    ETA: 00:02:51

################################################################################
[1m                           Learning iteration 130/500                           [0m 

                            Total steps: 536576 
                       Steps per second: 9222 
                        Collection time: 0.398s 
                          Learning time: 0.047s 
                        Mean value loss: 0.0000
                    Mean surrogate loss: 0.0182
                      Mean entropy loss: -2.4940
                            Mean reward: 49.53
                    Mean episode length: 1000.00
                        Mean action std: 0.02
--------------------------------------------------------------------------------
                         Iteration time: 0.44s
                           Time elapsed: 00:01:00
                                    ETA: 00:02:51

################################################################################
[1m                           Learning iteration 131/500                           [0m 

                            Total steps: 540672 
                       Steps per second: 9348 
                        Collection time: 0.397s 
                          Learning time: 0.042s 
                        Mean value loss: 0.0000
                    Mean surrogate loss: 0.0139
                      Mean entropy loss: -2.4974
                            Mean reward: 49.53
                    Mean episode length: 1000.00
                        Mean action std: 0.02
--------------------------------------------------------------------------------
                         Iteration time: 0.44s
                           Time elapsed: 00:01:01
                                    ETA: 00:02:50

################################################################################
[1m                           Learning iteration 132/500                           [0m 

                            Total steps: 544768 
                       Steps per second: 9300 
                        Collection time: 0.398s 
                          Learning time: 0.042s 
                        Mean value loss: 0.0000
                    Mean surrogate loss: 0.0308
                      Mean entropy loss: -2.5451
                            Mean reward: 49.53
                    Mean episode length: 1000.00
                        Mean action std: 0.02
--------------------------------------------------------------------------------
                         Iteration time: 0.44s
                           Time elapsed: 00:01:01
                                    ETA: 00:02:49

################################################################################
[1m                           Learning iteration 133/500                           [0m 

                            Total steps: 548864 
                       Steps per second: 9317 
                        Collection time: 0.399s 
                          Learning time: 0.041s 
                        Mean value loss: 0.0000
                    Mean surrogate loss: 0.0083
                      Mean entropy loss: -2.5540
                            Mean reward: 49.53
                    Mean episode length: 1000.00
                        Mean action std: 0.02
--------------------------------------------------------------------------------
                         Iteration time: 0.44s
                           Time elapsed: 00:01:02
                                    ETA: 00:02:49

################################################################################
[1m                           Learning iteration 134/500                           [0m 

                            Total steps: 552960 
                       Steps per second: 9380 
                        Collection time: 0.396s 
                          Learning time: 0.041s 
                        Mean value loss: 0.0000
                    Mean surrogate loss: 0.0047
                      Mean entropy loss: -2.5679
                            Mean reward: 49.53
                    Mean episode length: 1000.00
                        Mean action std: 0.02
--------------------------------------------------------------------------------
                         Iteration time: 0.44s
                           Time elapsed: 00:01:02
                                    ETA: 00:02:48

################################################################################
[1m                           Learning iteration 135/500                           [0m 

                            Total steps: 557056 
                       Steps per second: 9283 
                        Collection time: 0.400s 
                          Learning time: 0.041s 
                        Mean value loss: 0.0000
                    Mean surrogate loss: 0.0192
                      Mean entropy loss: -2.6101
                            Mean reward: 49.53
                    Mean episode length: 1000.00
                        Mean action std: 0.02
--------------------------------------------------------------------------------
                         Iteration time: 0.44s
                           Time elapsed: 00:01:02
                                    ETA: 00:02:48

################################################################################
[1m                           Learning iteration 136/500                           [0m 

                            Total steps: 561152 
                       Steps per second: 9334 
                        Collection time: 0.398s 
                          Learning time: 0.041s 
                        Mean value loss: 0.0000
                    Mean surrogate loss: 0.0087
                      Mean entropy loss: -2.6209
                            Mean reward: 49.53
                    Mean episode length: 1000.00
                        Mean action std: 0.02
--------------------------------------------------------------------------------
                         Iteration time: 0.44s
                           Time elapsed: 00:01:03
                                    ETA: 00:02:47

################################################################################
[1m                           Learning iteration 137/500                           [0m 

                            Total steps: 565248 
                       Steps per second: 9355 
                        Collection time: 0.397s 
                          Learning time: 0.041s 
                        Mean value loss: 0.0000
                    Mean surrogate loss: 0.0083
                      Mean entropy loss: -2.6353
                            Mean reward: 49.53
                    Mean episode length: 1000.00
                        Mean action std: 0.02
--------------------------------------------------------------------------------
                         Iteration time: 0.44s
                           Time elapsed: 00:01:03
                                    ETA: 00:02:47

################################################################################
[1m                           Learning iteration 138/500                           [0m 

                            Total steps: 569344 
                       Steps per second: 9264 
                        Collection time: 0.401s 
                          Learning time: 0.041s 
                        Mean value loss: 0.0000
                    Mean surrogate loss: 0.0138
                      Mean entropy loss: -2.6981
                            Mean reward: 49.53
                    Mean episode length: 1000.00
                        Mean action std: 0.02
--------------------------------------------------------------------------------
                         Iteration time: 0.44s
                           Time elapsed: 00:01:04
                                    ETA: 00:02:46

################################################################################
[1m                           Learning iteration 139/500                           [0m 

                            Total steps: 573440 
                       Steps per second: 9324 
                        Collection time: 0.398s 
                          Learning time: 0.041s 
                        Mean value loss: 0.0000
                    Mean surrogate loss: 0.0055
                      Mean entropy loss: -2.7052
                            Mean reward: 49.53
                    Mean episode length: 1000.00
                        Mean action std: 0.02
--------------------------------------------------------------------------------
                         Iteration time: 0.44s
                           Time elapsed: 00:01:04
                                    ETA: 00:02:46

################################################################################
[1m                           Learning iteration 140/500                           [0m 

                            Total steps: 577536 
                       Steps per second: 9356 
                        Collection time: 0.397s 
                          Learning time: 0.041s 
                        Mean value loss: 0.0000
                    Mean surrogate loss: 0.0306
                      Mean entropy loss: -2.6915
                            Mean reward: 49.53
                    Mean episode length: 1000.00
                        Mean action std: 0.02
--------------------------------------------------------------------------------
                         Iteration time: 0.44s
                           Time elapsed: 00:01:05
                                    ETA: 00:02:45

################################################################################
[1m                           Learning iteration 141/500                           [0m 

                            Total steps: 581632 
                       Steps per second: 9324 
                        Collection time: 0.398s 
                          Learning time: 0.041s 
                        Mean value loss: 0.0000
                    Mean surrogate loss: 0.0121
                      Mean entropy loss: -2.6817
                            Mean reward: 49.53
                    Mean episode length: 1000.00
                        Mean action std: 0.02
--------------------------------------------------------------------------------
                         Iteration time: 0.44s
                           Time elapsed: 00:01:05
                                    ETA: 00:02:45

################################################################################
[1m                           Learning iteration 142/500                           [0m 

                            Total steps: 585728 
                       Steps per second: 9260 
                        Collection time: 0.401s 
                          Learning time: 0.041s 
                        Mean value loss: 0.0000
                    Mean surrogate loss: 0.0205
                      Mean entropy loss: -2.6819
                            Mean reward: 49.53
                    Mean episode length: 1000.00
                        Mean action std: 0.02
--------------------------------------------------------------------------------
                         Iteration time: 0.44s
                           Time elapsed: 00:01:05
                                    ETA: 00:02:44

################################################################################
[1m                           Learning iteration 143/500                           [0m 

                            Total steps: 589824 
                       Steps per second: 9290 
                        Collection time: 0.400s 
                          Learning time: 0.041s 
                        Mean value loss: 0.0000
                    Mean surrogate loss: 0.0053
                      Mean entropy loss: -2.6749
                            Mean reward: 49.53
                    Mean episode length: 1000.00
                        Mean action std: 0.02
--------------------------------------------------------------------------------
                         Iteration time: 0.44s
                           Time elapsed: 00:01:06
                                    ETA: 00:02:44

################################################################################
[1m                           Learning iteration 144/500                           [0m 

                            Total steps: 593920 
                       Steps per second: 9353 
                        Collection time: 0.397s 
                          Learning time: 0.041s 
                        Mean value loss: 0.0000
                    Mean surrogate loss: 0.0119
                      Mean entropy loss: -2.6554
                            Mean reward: 49.53
                    Mean episode length: 1000.00
                        Mean action std: 0.02
--------------------------------------------------------------------------------
                         Iteration time: 0.44s
                           Time elapsed: 00:01:06
                                    ETA: 00:02:43

################################################################################
[1m                           Learning iteration 145/500                           [0m 

                            Total steps: 598016 
                       Steps per second: 9289 
                        Collection time: 0.399s 
                          Learning time: 0.042s 
                        Mean value loss: 0.0000
                    Mean surrogate loss: 0.0052
                      Mean entropy loss: -2.6617
                            Mean reward: 49.53
                    Mean episode length: 1000.00
                        Mean action std: 0.02
--------------------------------------------------------------------------------
                         Iteration time: 0.44s
                           Time elapsed: 00:01:07
                                    ETA: 00:02:43

################################################################################
[1m                           Learning iteration 146/500                           [0m 

                            Total steps: 602112 
                       Steps per second: 9331 
                        Collection time: 0.397s 
                          Learning time: 0.042s 
                        Mean value loss: 0.0000
                    Mean surrogate loss: 0.0139
                      Mean entropy loss: -2.6897
                            Mean reward: 49.53
                    Mean episode length: 1000.00
                        Mean action std: 0.02
--------------------------------------------------------------------------------
                         Iteration time: 0.44s
                           Time elapsed: 00:01:07
                                    ETA: 00:02:42

################################################################################
[1m                           Learning iteration 147/500                           [0m 

                            Total steps: 606208 
                       Steps per second: 9272 
                        Collection time: 0.400s 
                          Learning time: 0.041s 
                        Mean value loss: 0.0000
                    Mean surrogate loss: 0.0057
                      Mean entropy loss: -2.7076
                            Mean reward: 49.53
                    Mean episode length: 1000.00
                        Mean action std: 0.02
--------------------------------------------------------------------------------
                         Iteration time: 0.44s
                           Time elapsed: 00:01:08
                                    ETA: 00:02:42

################################################################################
[1m                           Learning iteration 148/500                           [0m 

                            Total steps: 610304 
                       Steps per second: 9305 
                        Collection time: 0.399s 
                          Learning time: 0.041s 
                        Mean value loss: 0.0000
                    Mean surrogate loss: 0.0316
                      Mean entropy loss: -2.7151
                            Mean reward: 49.53
                    Mean episode length: 1000.00
                        Mean action std: 0.02
--------------------------------------------------------------------------------
                         Iteration time: 0.44s
                           Time elapsed: 00:01:08
                                    ETA: 00:02:41

################################################################################
[1m                           Learning iteration 149/500                           [0m 

                            Total steps: 614400 
                       Steps per second: 9311 
                        Collection time: 0.399s 
                          Learning time: 0.041s 
                        Mean value loss: 0.0000
                    Mean surrogate loss: 0.0232
                      Mean entropy loss: -2.7173
                            Mean reward: 49.53
                    Mean episode length: 1000.00
                        Mean action std: 0.02
--------------------------------------------------------------------------------
                         Iteration time: 0.44s
                           Time elapsed: 00:01:09
                                    ETA: 00:02:41

################################################################################
[1m                           Learning iteration 150/500                           [0m 

                            Total steps: 618496 
                       Steps per second: 9318 
                        Collection time: 0.399s 
                          Learning time: 0.041s 
                        Mean value loss: 0.0000
                    Mean surrogate loss: 0.0127
                      Mean entropy loss: -2.7210
                            Mean reward: 49.53
                    Mean episode length: 1000.00
                        Mean action std: 0.02
--------------------------------------------------------------------------------
                         Iteration time: 0.44s
                           Time elapsed: 00:01:09
                                    ETA: 00:02:40

################################################################################
[1m                           Learning iteration 151/500                           [0m 

                            Total steps: 622592 
                       Steps per second: 9318 
                        Collection time: 0.398s 
                          Learning time: 0.041s 
                        Mean value loss: 0.0000
                    Mean surrogate loss: 0.0172
                      Mean entropy loss: -2.7258
                            Mean reward: 49.53
                    Mean episode length: 1000.00
                        Mean action std: 0.02
--------------------------------------------------------------------------------
                         Iteration time: 0.44s
                           Time elapsed: 00:01:09
                                    ETA: 00:02:40

################################################################################
[1m                           Learning iteration 152/500                           [0m 

                            Total steps: 626688 
                       Steps per second: 9299 
                        Collection time: 0.400s 
                          Learning time: 0.040s 
                        Mean value loss: 0.0000
                    Mean surrogate loss: 0.0108
                      Mean entropy loss: -2.7437
                            Mean reward: 49.53
                    Mean episode length: 1000.00
                        Mean action std: 0.02
--------------------------------------------------------------------------------
                         Iteration time: 0.44s
                           Time elapsed: 00:01:10
                                    ETA: 00:02:39

################################################################################
[1m                           Learning iteration 153/500                           [0m 

                            Total steps: 630784 
                       Steps per second: 9244 
                        Collection time: 0.402s 
                          Learning time: 0.041s 
                        Mean value loss: 0.0000
                    Mean surrogate loss: 0.0044
                      Mean entropy loss: -2.7588
                            Mean reward: 49.53
                    Mean episode length: 1000.00
                        Mean action std: 0.02
--------------------------------------------------------------------------------
                         Iteration time: 0.44s
                           Time elapsed: 00:01:10
                                    ETA: 00:02:39

################################################################################
[1m                           Learning iteration 154/500                           [0m 

                            Total steps: 634880 
                       Steps per second: 9290 
                        Collection time: 0.400s 
                          Learning time: 0.041s 
                        Mean value loss: 0.0000
                    Mean surrogate loss: 0.0184
                      Mean entropy loss: -2.7609
                            Mean reward: 49.53
                    Mean episode length: 1000.00
                        Mean action std: 0.02
--------------------------------------------------------------------------------
                         Iteration time: 0.44s
                           Time elapsed: 00:01:11
                                    ETA: 00:02:38

################################################################################
[1m                           Learning iteration 155/500                           [0m 

                            Total steps: 638976 
                       Steps per second: 9244 
                        Collection time: 0.401s 
                          Learning time: 0.042s 
                        Mean value loss: 0.0000
                    Mean surrogate loss: 0.0330
                      Mean entropy loss: -2.7889
                            Mean reward: 49.53
                    Mean episode length: 1000.00
                        Mean action std: 0.01
--------------------------------------------------------------------------------
                         Iteration time: 0.44s
                           Time elapsed: 00:01:11
                                    ETA: 00:02:38

################################################################################
[1m                           Learning iteration 156/500                           [0m 

                            Total steps: 643072 
                       Steps per second: 9177 
                        Collection time: 0.405s 
                          Learning time: 0.042s 
                        Mean value loss: 0.0000
                    Mean surrogate loss: 0.0113
                      Mean entropy loss: -2.7872
                            Mean reward: 49.46
                    Mean episode length: 1000.00
                        Mean action std: 0.01
--------------------------------------------------------------------------------
                         Iteration time: 0.45s
                           Time elapsed: 00:01:12
                                    ETA: 00:02:37

################################################################################
[1m                           Learning iteration 157/500                           [0m 

                            Total steps: 647168 
                       Steps per second: 9438 
                        Collection time: 0.392s 
                          Learning time: 0.042s 
                        Mean value loss: 0.0000
                    Mean surrogate loss: 0.0136
                      Mean entropy loss: -2.7989
                            Mean reward: 49.46
                    Mean episode length: 1000.00
                        Mean action std: 0.01
--------------------------------------------------------------------------------
                         Iteration time: 0.43s
                           Time elapsed: 00:01:12
                                    ETA: 00:02:37

################################################################################
[1m                           Learning iteration 158/500                           [0m 

                            Total steps: 651264 
                       Steps per second: 9436 
                        Collection time: 0.392s 
                          Learning time: 0.042s 
                        Mean value loss: 0.0000
                    Mean surrogate loss: 0.0079
                      Mean entropy loss: -2.8042
                            Mean reward: 49.46
                    Mean episode length: 1000.00
                        Mean action std: 0.01
--------------------------------------------------------------------------------
                         Iteration time: 0.43s
                           Time elapsed: 00:01:13
                                    ETA: 00:02:36

################################################################################
[1m                           Learning iteration 159/500                           [0m 

                            Total steps: 655360 
                       Steps per second: 9389 
                        Collection time: 0.395s 
                          Learning time: 0.041s 
                        Mean value loss: 0.0000
                    Mean surrogate loss: 0.0059
                      Mean entropy loss: -2.8258
                            Mean reward: 49.46
                    Mean episode length: 1000.00
                        Mean action std: 0.01
--------------------------------------------------------------------------------
                         Iteration time: 0.44s
                           Time elapsed: 00:01:13
                                    ETA: 00:02:36

################################################################################
[1m                           Learning iteration 160/500                           [0m 

                            Total steps: 659456 
                       Steps per second: 9299 
                        Collection time: 0.399s 
                          Learning time: 0.041s 
                        Mean value loss: 0.0000
                    Mean surrogate loss: 0.0109
                      Mean entropy loss: -2.8566
                            Mean reward: 49.46
                    Mean episode length: 1000.00
                        Mean action std: 0.01
--------------------------------------------------------------------------------
                         Iteration time: 0.44s
                           Time elapsed: 00:01:13
                                    ETA: 00:02:35

################################################################################
[1m                           Learning iteration 161/500                           [0m 

                            Total steps: 663552 
                       Steps per second: 9319 
                        Collection time: 0.399s 
                          Learning time: 0.040s 
                        Mean value loss: 0.0000
                    Mean surrogate loss: 0.0204
                      Mean entropy loss: -2.8278
                            Mean reward: 49.46
                    Mean episode length: 1000.00
                        Mean action std: 0.01
--------------------------------------------------------------------------------
                         Iteration time: 0.44s
                           Time elapsed: 00:01:14
                                    ETA: 00:02:35

################################################################################
[1m                           Learning iteration 162/500                           [0m 

                            Total steps: 667648 
                       Steps per second: 9400 
                        Collection time: 0.395s 
                          Learning time: 0.040s 
                        Mean value loss: 0.0000
                    Mean surrogate loss: 0.0244
                      Mean entropy loss: -2.8415
                            Mean reward: 49.46
                    Mean episode length: 1000.00
                        Mean action std: 0.01
--------------------------------------------------------------------------------
                         Iteration time: 0.44s
                           Time elapsed: 00:01:14
                                    ETA: 00:02:34

################################################################################
[1m                           Learning iteration 163/500                           [0m 

                            Total steps: 671744 
                       Steps per second: 9362 
                        Collection time: 0.396s 
                          Learning time: 0.042s 
                        Mean value loss: 0.0000
                    Mean surrogate loss: 0.0153
                      Mean entropy loss: -2.8532
                            Mean reward: 49.46
                    Mean episode length: 1000.00
                        Mean action std: 0.01
--------------------------------------------------------------------------------
                         Iteration time: 0.44s
                           Time elapsed: 00:01:15
                                    ETA: 00:02:34

################################################################################
[1m                           Learning iteration 164/500                           [0m 

                            Total steps: 675840 
                       Steps per second: 9221 
                        Collection time: 0.402s 
                          Learning time: 0.042s 
                        Mean value loss: 0.0000
                    Mean surrogate loss: 0.0203
                      Mean entropy loss: -2.8523
                            Mean reward: 49.46
                    Mean episode length: 1000.00
                        Mean action std: 0.01
--------------------------------------------------------------------------------
                         Iteration time: 0.44s
                           Time elapsed: 00:01:15
                                    ETA: 00:02:33

################################################################################
[1m                           Learning iteration 165/500                           [0m 

                            Total steps: 679936 
                       Steps per second: 9326 
                        Collection time: 0.398s 
                          Learning time: 0.041s 
                        Mean value loss: 0.0000
                    Mean surrogate loss: 0.0137
                      Mean entropy loss: -2.8777
                            Mean reward: 49.46
                    Mean episode length: 1000.00
                        Mean action std: 0.01
--------------------------------------------------------------------------------
                         Iteration time: 0.44s
                           Time elapsed: 00:01:16
                                    ETA: 00:02:33

################################################################################
[1m                           Learning iteration 166/500                           [0m 

                            Total steps: 684032 
                       Steps per second: 9387 
                        Collection time: 0.396s 
                          Learning time: 0.041s 
                        Mean value loss: 0.0000
                    Mean surrogate loss: 0.0108
                      Mean entropy loss: -2.9265
                            Mean reward: 49.46
                    Mean episode length: 1000.00
                        Mean action std: 0.01
--------------------------------------------------------------------------------
                         Iteration time: 0.44s
                           Time elapsed: 00:01:16
                                    ETA: 00:02:32

################################################################################
[1m                           Learning iteration 167/500                           [0m 

                            Total steps: 688128 
                       Steps per second: 9395 
                        Collection time: 0.394s 
                          Learning time: 0.042s 
                        Mean value loss: 0.0000
                    Mean surrogate loss: 0.0075
                      Mean entropy loss: -2.9477
                            Mean reward: 49.46
                    Mean episode length: 1000.00
                        Mean action std: 0.01
--------------------------------------------------------------------------------
                         Iteration time: 0.44s
                           Time elapsed: 00:01:16
                                    ETA: 00:02:32

################################################################################
[1m                           Learning iteration 168/500                           [0m 

                            Total steps: 692224 
                       Steps per second: 9347 
                        Collection time: 0.396s 
                          Learning time: 0.042s 
                        Mean value loss: 0.0000
                    Mean surrogate loss: 0.0102
                      Mean entropy loss: -2.9769
                            Mean reward: 49.46
                    Mean episode length: 1000.00
                        Mean action std: 0.01
--------------------------------------------------------------------------------
                         Iteration time: 0.44s
                           Time elapsed: 00:01:17
                                    ETA: 00:02:31

################################################################################
[1m                           Learning iteration 169/500                           [0m 

                            Total steps: 696320 
                       Steps per second: 9357 
                        Collection time: 0.396s 
                          Learning time: 0.042s 
                        Mean value loss: 0.0000
                    Mean surrogate loss: 0.0111
                      Mean entropy loss: -2.9830
                            Mean reward: 49.46
                    Mean episode length: 1000.00
                        Mean action std: 0.01
--------------------------------------------------------------------------------
                         Iteration time: 0.44s
                           Time elapsed: 00:01:17
                                    ETA: 00:02:31

################################################################################
[1m                           Learning iteration 170/500                           [0m 

                            Total steps: 700416 
                       Steps per second: 9355 
                        Collection time: 0.396s 
                          Learning time: 0.042s 
                        Mean value loss: 0.0000
                    Mean surrogate loss: 0.0455
                      Mean entropy loss: -2.9701
                            Mean reward: 49.46
                    Mean episode length: 1000.00
                        Mean action std: 0.01
--------------------------------------------------------------------------------
                         Iteration time: 0.44s
                           Time elapsed: 00:01:18
                                    ETA: 00:02:30

################################################################################
[1m                           Learning iteration 171/500                           [0m 

                            Total steps: 704512 
                       Steps per second: 9421 
                        Collection time: 0.394s 
                          Learning time: 0.041s 
                        Mean value loss: 0.0000
                    Mean surrogate loss: 0.0040
                      Mean entropy loss: -2.9599
                            Mean reward: 49.46
                    Mean episode length: 1000.00
                        Mean action std: 0.01
--------------------------------------------------------------------------------
                         Iteration time: 0.43s
                           Time elapsed: 00:01:18
                                    ETA: 00:02:30

################################################################################
[1m                           Learning iteration 172/500                           [0m 

                            Total steps: 708608 
                       Steps per second: 9435 
                        Collection time: 0.394s 
                          Learning time: 0.040s 
                        Mean value loss: 0.0000
                    Mean surrogate loss: 0.0161
                      Mean entropy loss: -2.9837
                            Mean reward: 49.46
                    Mean episode length: 1000.00
                        Mean action std: 0.01
--------------------------------------------------------------------------------
                         Iteration time: 0.43s
                           Time elapsed: 00:01:19
                                    ETA: 00:02:29

################################################################################
[1m                           Learning iteration 173/500                           [0m 

                            Total steps: 712704 
                       Steps per second: 9356 
                        Collection time: 0.397s 
                          Learning time: 0.041s 
                        Mean value loss: 0.0000
                    Mean surrogate loss: 0.0053
                      Mean entropy loss: -2.9966
                            Mean reward: 49.46
                    Mean episode length: 1000.00
                        Mean action std: 0.01
--------------------------------------------------------------------------------
                         Iteration time: 0.44s
                           Time elapsed: 00:01:19
                                    ETA: 00:02:29

################################################################################
[1m                           Learning iteration 174/500                           [0m 

                            Total steps: 716800 
                       Steps per second: 9353 
                        Collection time: 0.397s 
                          Learning time: 0.041s 
                        Mean value loss: 0.0000
                    Mean surrogate loss: 0.0168
                      Mean entropy loss: -2.9940
                            Mean reward: 49.46
                    Mean episode length: 1000.00
                        Mean action std: 0.01
--------------------------------------------------------------------------------
                         Iteration time: 0.44s
                           Time elapsed: 00:01:20
                                    ETA: 00:02:28

################################################################################
[1m                           Learning iteration 175/500                           [0m 

                            Total steps: 720896 
                       Steps per second: 9334 
                        Collection time: 0.396s 
                          Learning time: 0.043s 
                        Mean value loss: 0.0000
                    Mean surrogate loss: 0.0418
                      Mean entropy loss: -2.9854
                            Mean reward: 49.46
                    Mean episode length: 1000.00
                        Mean action std: 0.01
--------------------------------------------------------------------------------
                         Iteration time: 0.44s
                           Time elapsed: 00:01:20
                                    ETA: 00:02:28

################################################################################
[1m                           Learning iteration 176/500                           [0m 

                            Total steps: 724992 
                       Steps per second: 9378 
                        Collection time: 0.396s 
                          Learning time: 0.041s 
                        Mean value loss: 0.0000
                    Mean surrogate loss: 0.0030
                      Mean entropy loss: -2.9848
                            Mean reward: 49.46
                    Mean episode length: 1000.00
                        Mean action std: 0.01
--------------------------------------------------------------------------------
                         Iteration time: 0.44s
                           Time elapsed: 00:01:20
                                    ETA: 00:02:27

################################################################################
[1m                           Learning iteration 177/500                           [0m 

                            Total steps: 729088 
                       Steps per second: 9389 
                        Collection time: 0.395s 
                          Learning time: 0.041s 
                        Mean value loss: 0.0000
                    Mean surrogate loss: 0.0344
                      Mean entropy loss: -2.9580
                            Mean reward: 49.46
                    Mean episode length: 1000.00
                        Mean action std: 0.01
--------------------------------------------------------------------------------
                         Iteration time: 0.44s
                           Time elapsed: 00:01:21
                                    ETA: 00:02:27

################################################################################
[1m                           Learning iteration 178/500                           [0m 

                            Total steps: 733184 
                       Steps per second: 9460 
                        Collection time: 0.392s 
                          Learning time: 0.040s 
                        Mean value loss: 0.0000
                    Mean surrogate loss: 0.0236
                      Mean entropy loss: -2.9404
                            Mean reward: 49.46
                    Mean episode length: 1000.00
                        Mean action std: 0.01
--------------------------------------------------------------------------------
                         Iteration time: 0.43s
                           Time elapsed: 00:01:21
                                    ETA: 00:02:26

################################################################################
[1m                           Learning iteration 179/500                           [0m 

                            Total steps: 737280 
                       Steps per second: 9339 
                        Collection time: 0.397s 
                          Learning time: 0.041s 
                        Mean value loss: 0.0000
                    Mean surrogate loss: 0.0030
                      Mean entropy loss: -2.9450
                            Mean reward: 49.46
                    Mean episode length: 1000.00
                        Mean action std: 0.01
--------------------------------------------------------------------------------
                         Iteration time: 0.44s
                           Time elapsed: 00:01:22
                                    ETA: 00:02:26

################################################################################
[1m                           Learning iteration 180/500                           [0m 

                            Total steps: 741376 
                       Steps per second: 9400 
                        Collection time: 0.394s 
                          Learning time: 0.042s 
                        Mean value loss: 0.0000
                    Mean surrogate loss: 0.0043
                      Mean entropy loss: -2.9537
                            Mean reward: 49.46
                    Mean episode length: 1000.00
                        Mean action std: 0.01
--------------------------------------------------------------------------------
                         Iteration time: 0.44s
                           Time elapsed: 00:01:22
                                    ETA: 00:02:25

################################################################################
[1m                           Learning iteration 181/500                           [0m 

                            Total steps: 745472 
                       Steps per second: 9347 
                        Collection time: 0.397s 
                          Learning time: 0.041s 
                        Mean value loss: 0.0000
                    Mean surrogate loss: 0.0147
                      Mean entropy loss: -2.9397
                            Mean reward: 49.46
                    Mean episode length: 1000.00
                        Mean action std: 0.01
--------------------------------------------------------------------------------
                         Iteration time: 0.44s
                           Time elapsed: 00:01:23
                                    ETA: 00:02:25

################################################################################
[1m                           Learning iteration 182/500                           [0m 

                            Total steps: 749568 
                       Steps per second: 9385 
                        Collection time: 0.395s 
                          Learning time: 0.041s 
                        Mean value loss: 0.0000
                    Mean surrogate loss: 0.0090
                      Mean entropy loss: -2.9405
                            Mean reward: 49.46
                    Mean episode length: 1000.00
                        Mean action std: 0.01
--------------------------------------------------------------------------------
                         Iteration time: 0.44s
                           Time elapsed: 00:01:23
                                    ETA: 00:02:24

################################################################################
[1m                           Learning iteration 183/500                           [0m 

                            Total steps: 753664 
                       Steps per second: 9382 
                        Collection time: 0.396s 
                          Learning time: 0.041s 
                        Mean value loss: 0.0000
                    Mean surrogate loss: 0.0037
                      Mean entropy loss: -2.9538
                            Mean reward: 49.46
                    Mean episode length: 1000.00
                        Mean action std: 0.01
--------------------------------------------------------------------------------
                         Iteration time: 0.44s
                           Time elapsed: 00:01:23
                                    ETA: 00:02:24

################################################################################
[1m                           Learning iteration 184/500                           [0m 

                            Total steps: 757760 
                       Steps per second: 9475 
                        Collection time: 0.392s 
                          Learning time: 0.040s 
                        Mean value loss: 0.0000
                    Mean surrogate loss: 0.0102
                      Mean entropy loss: -2.9709
                            Mean reward: 49.46
                    Mean episode length: 1000.00
                        Mean action std: 0.01
--------------------------------------------------------------------------------
                         Iteration time: 0.43s
                           Time elapsed: 00:01:24
                                    ETA: 00:02:23

################################################################################
[1m                           Learning iteration 185/500                           [0m 

                            Total steps: 761856 
                       Steps per second: 9348 
                        Collection time: 0.397s 
                          Learning time: 0.041s 
                        Mean value loss: 0.0000
                    Mean surrogate loss: 0.0078
                      Mean entropy loss: -2.9600
                            Mean reward: 49.46
                    Mean episode length: 1000.00
                        Mean action std: 0.01
--------------------------------------------------------------------------------
                         Iteration time: 0.44s
                           Time elapsed: 00:01:24
                                    ETA: 00:02:23

################################################################################
[1m                           Learning iteration 186/500                           [0m 

                            Total steps: 765952 
                       Steps per second: 9407 
                        Collection time: 0.394s 
                          Learning time: 0.041s 
                        Mean value loss: 0.0000
                    Mean surrogate loss: 0.0037
                      Mean entropy loss: -2.9413
                            Mean reward: 49.46
                    Mean episode length: 1000.00
                        Mean action std: 0.01
--------------------------------------------------------------------------------
                         Iteration time: 0.44s
                           Time elapsed: 00:01:25
                                    ETA: 00:02:22

################################################################################
[1m                           Learning iteration 187/500                           [0m 

                            Total steps: 770048 
                       Steps per second: 9216 
                        Collection time: 0.402s 
                          Learning time: 0.042s 
                        Mean value loss: 0.0000
                    Mean surrogate loss: 0.0225
                      Mean entropy loss: -2.9790
                            Mean reward: 49.61
                    Mean episode length: 1000.00
                        Mean action std: 0.01
--------------------------------------------------------------------------------
                         Iteration time: 0.44s
                           Time elapsed: 00:01:25
                                    ETA: 00:02:22

################################################################################
[1m                           Learning iteration 188/500                           [0m 

                            Total steps: 774144 
                       Steps per second: 9406 
                        Collection time: 0.393s 
                          Learning time: 0.042s 
                        Mean value loss: 0.0000
                    Mean surrogate loss: 0.0228
                      Mean entropy loss: -2.9899
                            Mean reward: 49.61
                    Mean episode length: 1000.00
                        Mean action std: 0.01
--------------------------------------------------------------------------------
                         Iteration time: 0.44s
                           Time elapsed: 00:01:26
                                    ETA: 00:02:21

################################################################################
[1m                           Learning iteration 189/500                           [0m 

                            Total steps: 778240 
                       Steps per second: 9410 
                        Collection time: 0.395s 
                          Learning time: 0.041s 
                        Mean value loss: 0.0000
                    Mean surrogate loss: 0.0065
                      Mean entropy loss: -2.9987
                            Mean reward: 49.61
                    Mean episode length: 1000.00
                        Mean action std: 0.01
--------------------------------------------------------------------------------
                         Iteration time: 0.44s
                           Time elapsed: 00:01:26
                                    ETA: 00:02:21

################################################################################
[1m                           Learning iteration 190/500                           [0m 

                            Total steps: 782336 
                       Steps per second: 9469 
                        Collection time: 0.393s 
                          Learning time: 0.040s 
                        Mean value loss: 0.0000
                    Mean surrogate loss: 0.0077
                      Mean entropy loss: -3.0286
                            Mean reward: 49.61
                    Mean episode length: 1000.00
                        Mean action std: 0.01
--------------------------------------------------------------------------------
                         Iteration time: 0.43s
                           Time elapsed: 00:01:27
                                    ETA: 00:02:20

################################################################################
[1m                           Learning iteration 191/500                           [0m 

                            Total steps: 786432 
                       Steps per second: 9279 
                        Collection time: 0.400s 
                          Learning time: 0.041s 
                        Mean value loss: 0.0000
                    Mean surrogate loss: 0.0144
                      Mean entropy loss: -3.0220
                            Mean reward: 49.61
                    Mean episode length: 1000.00
                        Mean action std: 0.01
--------------------------------------------------------------------------------
                         Iteration time: 0.44s
                           Time elapsed: 00:01:27
                                    ETA: 00:02:20

################################################################################
[1m                           Learning iteration 192/500                           [0m 

                            Total steps: 790528 
                       Steps per second: 9356 
                        Collection time: 0.397s 
                          Learning time: 0.041s 
                        Mean value loss: 0.0000
                    Mean surrogate loss: 0.0271
                      Mean entropy loss: -3.0147
                            Mean reward: 49.61
                    Mean episode length: 1000.00
                        Mean action std: 0.01
--------------------------------------------------------------------------------
                         Iteration time: 0.44s
                           Time elapsed: 00:01:27
                                    ETA: 00:02:19

################################################################################
[1m                           Learning iteration 193/500                           [0m 

                            Total steps: 794624 
                       Steps per second: 9458 
                        Collection time: 0.393s 
                          Learning time: 0.040s 
                        Mean value loss: 0.0000
                    Mean surrogate loss: 0.0227
                      Mean entropy loss: -3.0219
                            Mean reward: 49.61
                    Mean episode length: 1000.00
                        Mean action std: 0.01
--------------------------------------------------------------------------------
                         Iteration time: 0.43s
                           Time elapsed: 00:01:28
                                    ETA: 00:02:19

################################################################################
[1m                           Learning iteration 194/500                           [0m 

                            Total steps: 798720 
                       Steps per second: 9377 
                        Collection time: 0.396s 
                          Learning time: 0.040s 
                        Mean value loss: 0.0000
                    Mean surrogate loss: 0.0145
                      Mean entropy loss: -3.0180
                            Mean reward: 49.61
                    Mean episode length: 1000.00
                        Mean action std: 0.01
--------------------------------------------------------------------------------
                         Iteration time: 0.44s
                           Time elapsed: 00:01:28
                                    ETA: 00:02:18

################################################################################
[1m                           Learning iteration 195/500                           [0m 

                            Total steps: 802816 
                       Steps per second: 9325 
                        Collection time: 0.398s 
                          Learning time: 0.041s 
                        Mean value loss: 0.0000
                    Mean surrogate loss: 0.0245
                      Mean entropy loss: -3.0281
                            Mean reward: 49.61
                    Mean episode length: 1000.00
                        Mean action std: 0.01
--------------------------------------------------------------------------------
                         Iteration time: 0.44s
                           Time elapsed: 00:01:29
                                    ETA: 00:02:18

################################################################################
[1m                           Learning iteration 196/500                           [0m 

                            Total steps: 806912 
                       Steps per second: 9349 
                        Collection time: 0.397s 
                          Learning time: 0.041s 
                        Mean value loss: 0.0000
                    Mean surrogate loss: 0.0092
                      Mean entropy loss: -3.0255
                            Mean reward: 49.61
                    Mean episode length: 1000.00
                        Mean action std: 0.01
--------------------------------------------------------------------------------
                         Iteration time: 0.44s
                           Time elapsed: 00:01:29
                                    ETA: 00:02:17

################################################################################
[1m                           Learning iteration 197/500                           [0m 

                            Total steps: 811008 
                       Steps per second: 9225 
                        Collection time: 0.395s 
                          Learning time: 0.049s 
                        Mean value loss: 0.0000
                    Mean surrogate loss: 0.0128
                      Mean entropy loss: -3.0296
                            Mean reward: 49.61
                    Mean episode length: 1000.00
                        Mean action std: 0.01
--------------------------------------------------------------------------------
                         Iteration time: 0.44s
                           Time elapsed: 00:01:30
                                    ETA: 00:02:17

################################################################################
[1m                           Learning iteration 198/500                           [0m 

                            Total steps: 815104 
                       Steps per second: 9325 
                        Collection time: 0.398s 
                          Learning time: 0.041s 
                        Mean value loss: 0.0000
                    Mean surrogate loss: 0.0059
                      Mean entropy loss: -3.0331
                            Mean reward: 49.61
                    Mean episode length: 1000.00
                        Mean action std: 0.01
--------------------------------------------------------------------------------
                         Iteration time: 0.44s
                           Time elapsed: 00:01:30
                                    ETA: 00:02:16

################################################################################
[1m                           Learning iteration 199/500                           [0m 

                            Total steps: 819200 
                       Steps per second: 8493 
                        Collection time: 0.441s 
                          Learning time: 0.041s 
                        Mean value loss: 0.0000
                    Mean surrogate loss: 0.0162
                      Mean entropy loss: -3.0479
                            Mean reward: 49.61
                    Mean episode length: 1000.00
                        Mean action std: 0.01
--------------------------------------------------------------------------------
                         Iteration time: 0.48s
                           Time elapsed: 00:01:31
                                    ETA: 00:02:16

################################################################################
[1m                           Learning iteration 200/500                           [0m 

                            Total steps: 823296 
                       Steps per second: 8996 
                        Collection time: 0.413s 
                          Learning time: 0.043s 
                        Mean value loss: 0.0000
                    Mean surrogate loss: 0.0076
                      Mean entropy loss: -3.0591
                            Mean reward: 49.61
                    Mean episode length: 1000.00
                        Mean action std: 0.01
--------------------------------------------------------------------------------
                         Iteration time: 0.46s
                           Time elapsed: 00:01:31
                                    ETA: 00:02:16

################################################################################
[1m                           Learning iteration 201/500                           [0m 

                            Total steps: 827392 
                       Steps per second: 9344 
                        Collection time: 0.396s 
                          Learning time: 0.043s 
                        Mean value loss: 0.0000
                    Mean surrogate loss: 0.0145
                      Mean entropy loss: -3.0779
                            Mean reward: 49.61
                    Mean episode length: 1000.00
                        Mean action std: 0.01
--------------------------------------------------------------------------------
                         Iteration time: 0.44s
                           Time elapsed: 00:01:31
                                    ETA: 00:02:15

################################################################################
[1m                           Learning iteration 202/500                           [0m 

                            Total steps: 831488 
                       Steps per second: 9474 
                        Collection time: 0.392s 
                          Learning time: 0.041s 
                        Mean value loss: 0.0000
                    Mean surrogate loss: 0.0024
                      Mean entropy loss: -3.0890
                            Mean reward: 49.61
                    Mean episode length: 1000.00
                        Mean action std: 0.01
--------------------------------------------------------------------------------
                         Iteration time: 0.43s
                           Time elapsed: 00:01:32
                                    ETA: 00:02:15

################################################################################
[1m                           Learning iteration 203/500                           [0m 

                            Total steps: 835584 
                       Steps per second: 6817 
                        Collection time: 0.546s 
                          Learning time: 0.055s 
                        Mean value loss: 0.0000
                    Mean surrogate loss: 0.0194
                      Mean entropy loss: -3.0879
                            Mean reward: 49.61
                    Mean episode length: 1000.00
                        Mean action std: 0.01
--------------------------------------------------------------------------------
                         Iteration time: 0.60s
                           Time elapsed: 00:01:32
                                    ETA: 00:02:14

################################################################################
[1m                           Learning iteration 204/500                           [0m 

                            Total steps: 839680 
                       Steps per second: 7834 
                        Collection time: 0.477s 
                          Learning time: 0.046s 
                        Mean value loss: 0.0000
                    Mean surrogate loss: 0.0145
                      Mean entropy loss: -3.0853
                            Mean reward: 49.61
                    Mean episode length: 1000.00
                        Mean action std: 0.01
--------------------------------------------------------------------------------
                         Iteration time: 0.52s
                           Time elapsed: 00:01:33
                                    ETA: 00:02:14

################################################################################
[1m                           Learning iteration 205/500                           [0m 

                            Total steps: 843776 
                       Steps per second: 8547 
                        Collection time: 0.436s 
                          Learning time: 0.043s 
                        Mean value loss: 0.0000
                    Mean surrogate loss: 0.0054
                      Mean entropy loss: -3.0844
                            Mean reward: 49.61
                    Mean episode length: 1000.00
                        Mean action std: 0.01
--------------------------------------------------------------------------------
                         Iteration time: 0.48s
                           Time elapsed: 00:01:33
                                    ETA: 00:02:14

################################################################################
[1m                           Learning iteration 206/500                           [0m 

                            Total steps: 847872 
                       Steps per second: 9411 
                        Collection time: 0.395s 
                          Learning time: 0.040s 
                        Mean value loss: 0.0000
                    Mean surrogate loss: 0.0390
                      Mean entropy loss: -3.0879
                            Mean reward: 49.61
                    Mean episode length: 1000.00
                        Mean action std: 0.01
--------------------------------------------------------------------------------
                         Iteration time: 0.44s
                           Time elapsed: 00:01:34
                                    ETA: 00:02:13

################################################################################
[1m                           Learning iteration 207/500                           [0m 

                            Total steps: 851968 
                       Steps per second: 9401 
                        Collection time: 0.393s 
                          Learning time: 0.043s 
                        Mean value loss: 0.0000
                    Mean surrogate loss: 0.0155
                      Mean entropy loss: -3.0897
                            Mean reward: 49.61
                    Mean episode length: 1000.00
                        Mean action std: 0.01
--------------------------------------------------------------------------------
                         Iteration time: 0.44s
                           Time elapsed: 00:01:34
                                    ETA: 00:02:13

################################################################################
[1m                           Learning iteration 208/500                           [0m 

                            Total steps: 856064 
                       Steps per second: 9160 
                        Collection time: 0.405s 
                          Learning time: 0.042s 
                        Mean value loss: 0.0000
                    Mean surrogate loss: 0.0205
                      Mean entropy loss: -3.0843
                            Mean reward: 49.61
                    Mean episode length: 1000.00
                        Mean action std: 0.01
--------------------------------------------------------------------------------
                         Iteration time: 0.45s
                           Time elapsed: 00:01:35
                                    ETA: 00:02:12

################################################################################
[1m                           Learning iteration 209/500                           [0m 

                            Total steps: 860160 
                       Steps per second: 9338 
                        Collection time: 0.397s 
                          Learning time: 0.042s 
                        Mean value loss: 0.0000
                    Mean surrogate loss: 0.0155
                      Mean entropy loss: -3.0811
                            Mean reward: 49.61
                    Mean episode length: 1000.00
                        Mean action std: 0.01
--------------------------------------------------------------------------------
                         Iteration time: 0.44s
                           Time elapsed: 00:01:35
                                    ETA: 00:02:12

################################################################################
[1m                           Learning iteration 210/500                           [0m 

                            Total steps: 864256 
                       Steps per second: 9369 
                        Collection time: 0.396s 
                          Learning time: 0.041s 
                        Mean value loss: 0.0000
                    Mean surrogate loss: 0.0033
                      Mean entropy loss: -3.0859
                            Mean reward: 49.61
                    Mean episode length: 1000.00
                        Mean action std: 0.01
--------------------------------------------------------------------------------
                         Iteration time: 0.44s
                           Time elapsed: 00:01:36
                                    ETA: 00:02:11

################################################################################
[1m                           Learning iteration 211/500                           [0m 

                            Total steps: 868352 
                       Steps per second: 9199 
                        Collection time: 0.404s 
                          Learning time: 0.041s 
                        Mean value loss: 0.0000
                    Mean surrogate loss: 0.0192
                      Mean entropy loss: -3.1350
                            Mean reward: 49.61
                    Mean episode length: 1000.00
                        Mean action std: 0.01
--------------------------------------------------------------------------------
                         Iteration time: 0.45s
                           Time elapsed: 00:01:36
                                    ETA: 00:02:11

################################################################################
[1m                           Learning iteration 212/500                           [0m 

                            Total steps: 872448 
                       Steps per second: 9390 
                        Collection time: 0.395s 
                          Learning time: 0.041s 
                        Mean value loss: 0.0000
                    Mean surrogate loss: 0.0214
                      Mean entropy loss: -3.1382
                            Mean reward: 49.61
                    Mean episode length: 1000.00
                        Mean action std: 0.01
--------------------------------------------------------------------------------
                         Iteration time: 0.44s
                           Time elapsed: 00:01:37
                                    ETA: 00:02:10

################################################################################
[1m                           Learning iteration 213/500                           [0m 

                            Total steps: 876544 
                       Steps per second: 9154 
                        Collection time: 0.402s 
                          Learning time: 0.045s 
                        Mean value loss: 0.0000
                    Mean surrogate loss: 0.0050
                      Mean entropy loss: -3.1682
                            Mean reward: 49.61
                    Mean episode length: 1000.00
                        Mean action std: 0.01
--------------------------------------------------------------------------------
                         Iteration time: 0.45s
                           Time elapsed: 00:01:37
                                    ETA: 00:02:10

################################################################################
[1m                           Learning iteration 214/500                           [0m 

                            Total steps: 880640 
                       Steps per second: 9209 
                        Collection time: 0.403s 
                          Learning time: 0.042s 
                        Mean value loss: 0.0000
                    Mean surrogate loss: 0.0095
                      Mean entropy loss: -3.1827
                            Mean reward: 49.61
                    Mean episode length: 1000.00
                        Mean action std: 0.01
--------------------------------------------------------------------------------
                         Iteration time: 0.44s
                           Time elapsed: 00:01:37
                                    ETA: 00:02:09

################################################################################
[1m                           Learning iteration 215/500                           [0m 

                            Total steps: 884736 
                       Steps per second: 9254 
                        Collection time: 0.402s 
                          Learning time: 0.041s 
                        Mean value loss: 0.0000
                    Mean surrogate loss: 0.0118
                      Mean entropy loss: -3.2005
                            Mean reward: 49.61
                    Mean episode length: 1000.00
                        Mean action std: 0.01
--------------------------------------------------------------------------------
                         Iteration time: 0.44s
                           Time elapsed: 00:01:38
                                    ETA: 00:02:09

################################################################################
[1m                           Learning iteration 216/500                           [0m 

                            Total steps: 888832 
                       Steps per second: 9142 
                        Collection time: 0.404s 
                          Learning time: 0.044s 
                        Mean value loss: 0.0000
                    Mean surrogate loss: 0.0160
                      Mean entropy loss: -3.2246
                            Mean reward: 49.61
                    Mean episode length: 1000.00
                        Mean action std: 0.01
--------------------------------------------------------------------------------
                         Iteration time: 0.45s
                           Time elapsed: 00:01:38
                                    ETA: 00:02:08

################################################################################
[1m                           Learning iteration 217/500                           [0m 

                            Total steps: 892928 
                       Steps per second: 6441 
                        Collection time: 0.590s 
                          Learning time: 0.046s 
                        Mean value loss: 0.0000
                    Mean surrogate loss: 0.0123
                      Mean entropy loss: -3.2310
                            Mean reward: 49.61
                    Mean episode length: 1000.00
                        Mean action std: 0.01
--------------------------------------------------------------------------------
                         Iteration time: 0.64s
                           Time elapsed: 00:01:39
                                    ETA: 00:02:08

################################################################################
[1m                           Learning iteration 218/500                           [0m 

                            Total steps: 897024 
                       Steps per second: 7505 
                        Collection time: 0.491s 
                          Learning time: 0.055s 
                        Mean value loss: 0.0000
                    Mean surrogate loss: 0.0117
                      Mean entropy loss: -3.2328
                            Mean reward: 49.51
                    Mean episode length: 1000.00
                        Mean action std: 0.01
--------------------------------------------------------------------------------
                         Iteration time: 0.55s
                           Time elapsed: 00:01:39
                                    ETA: 00:02:08

################################################################################
[1m                           Learning iteration 219/500                           [0m 

                            Total steps: 901120 
                       Steps per second: 6231 
                        Collection time: 0.613s 
                          Learning time: 0.045s 
                        Mean value loss: 0.0000
                    Mean surrogate loss: 0.0117
                      Mean entropy loss: -3.2339
                            Mean reward: 49.51
                    Mean episode length: 1000.00
                        Mean action std: 0.01
--------------------------------------------------------------------------------
                         Iteration time: 0.66s
                           Time elapsed: 00:01:40
                                    ETA: 00:02:08

################################################################################
[1m                           Learning iteration 220/500                           [0m 

                            Total steps: 905216 
                       Steps per second: 7029 
                        Collection time: 0.518s 
                          Learning time: 0.064s 
                        Mean value loss: 0.0000
                    Mean surrogate loss: 0.0121
                      Mean entropy loss: -3.2324
                            Mean reward: 49.51
                    Mean episode length: 1000.00
                        Mean action std: 0.01
--------------------------------------------------------------------------------
                         Iteration time: 0.58s
                           Time elapsed: 00:01:41
                                    ETA: 00:02:07

################################################################################
[1m                           Learning iteration 221/500                           [0m 

                            Total steps: 909312 
                       Steps per second: 6926 
                        Collection time: 0.545s 
                          Learning time: 0.046s 
                        Mean value loss: 0.0000
                    Mean surrogate loss: 0.0493
                      Mean entropy loss: -3.2384
                            Mean reward: 49.51
                    Mean episode length: 1000.00
                        Mean action std: 0.01
--------------------------------------------------------------------------------
                         Iteration time: 0.59s
                           Time elapsed: 00:01:41
                                    ETA: 00:02:07

################################################################################
[1m                           Learning iteration 222/500                           [0m 

                            Total steps: 913408 
                       Steps per second: 7489 
                        Collection time: 0.497s 
                          Learning time: 0.050s 
                        Mean value loss: 0.0000
                    Mean surrogate loss: 0.0086
                      Mean entropy loss: -3.2378
                            Mean reward: 49.51
                    Mean episode length: 1000.00
                        Mean action std: 0.01
--------------------------------------------------------------------------------
                         Iteration time: 0.55s
                           Time elapsed: 00:01:42
                                    ETA: 00:02:07

################################################################################
[1m                           Learning iteration 223/500                           [0m 

                            Total steps: 917504 
                       Steps per second: 7718 
                        Collection time: 0.476s 
                          Learning time: 0.054s 
                        Mean value loss: 0.0000
                    Mean surrogate loss: 0.0363
                      Mean entropy loss: -3.2218
                            Mean reward: 49.51
                    Mean episode length: 1000.00
                        Mean action std: 0.01
--------------------------------------------------------------------------------
                         Iteration time: 0.53s
                           Time elapsed: 00:01:42
                                    ETA: 00:02:06

################################################################################
[1m                           Learning iteration 224/500                           [0m 

                            Total steps: 921600 
                       Steps per second: 7698 
                        Collection time: 0.488s 
                          Learning time: 0.044s 
                        Mean value loss: 0.0000
                    Mean surrogate loss: 0.0040
                      Mean entropy loss: -3.2034
                            Mean reward: 49.51
                    Mean episode length: 1000.00
                        Mean action std: 0.01
--------------------------------------------------------------------------------
                         Iteration time: 0.53s
                           Time elapsed: 00:01:43
                                    ETA: 00:02:06

################################################################################
[1m                           Learning iteration 225/500                           [0m 

                            Total steps: 925696 
                       Steps per second: 9218 
                        Collection time: 0.402s 
                          Learning time: 0.043s 
                        Mean value loss: 0.0000
                    Mean surrogate loss: 0.0161
                      Mean entropy loss: -3.2199
                            Mean reward: 49.51
                    Mean episode length: 1000.00
                        Mean action std: 0.01
--------------------------------------------------------------------------------
                         Iteration time: 0.44s
                           Time elapsed: 00:01:43
                                    ETA: 00:02:05

################################################################################
[1m                           Learning iteration 226/500                           [0m 

                            Total steps: 929792 
                       Steps per second: 9291 
                        Collection time: 0.400s 
                          Learning time: 0.041s 
                        Mean value loss: 0.0000
                    Mean surrogate loss: 0.0053
                      Mean entropy loss: -3.2247
                            Mean reward: 49.51
                    Mean episode length: 1000.00
                        Mean action std: 0.01
--------------------------------------------------------------------------------
                         Iteration time: 0.44s
                           Time elapsed: 00:01:44
                                    ETA: 00:02:05

################################################################################
[1m                           Learning iteration 227/500                           [0m 

                            Total steps: 933888 
                       Steps per second: 9322 
                        Collection time: 0.398s 
                          Learning time: 0.041s 
                        Mean value loss: 0.0000
                    Mean surrogate loss: 0.0343
                      Mean entropy loss: -3.1808
                            Mean reward: 49.51
                    Mean episode length: 1000.00
                        Mean action std: 0.01
--------------------------------------------------------------------------------
                         Iteration time: 0.44s
                           Time elapsed: 00:01:44
                                    ETA: 00:02:04

################################################################################
[1m                           Learning iteration 228/500                           [0m 

                            Total steps: 937984 
                       Steps per second: 9331 
                        Collection time: 0.398s 
                          Learning time: 0.041s 
                        Mean value loss: 0.0000
                    Mean surrogate loss: 0.0209
                      Mean entropy loss: -3.2231
                            Mean reward: 49.51
                    Mean episode length: 1000.00
                        Mean action std: 0.01
--------------------------------------------------------------------------------
                         Iteration time: 0.44s
                           Time elapsed: 00:01:45
                                    ETA: 00:02:04

################################################################################
[1m                           Learning iteration 229/500                           [0m 

                            Total steps: 942080 
                       Steps per second: 9157 
                        Collection time: 0.404s 
                          Learning time: 0.043s 
                        Mean value loss: 0.0000
                    Mean surrogate loss: 0.0159
                      Mean entropy loss: -3.2311
                            Mean reward: 49.51
                    Mean episode length: 1000.00
                        Mean action std: 0.01
--------------------------------------------------------------------------------
                         Iteration time: 0.45s
                           Time elapsed: 00:01:45
                                    ETA: 00:02:04

################################################################################
[1m                           Learning iteration 230/500                           [0m 

                            Total steps: 946176 
                       Steps per second: 9265 
                        Collection time: 0.400s 
                          Learning time: 0.042s 
                        Mean value loss: 0.0000
                    Mean surrogate loss: 0.0044
                      Mean entropy loss: -3.2346
                            Mean reward: 49.51
                    Mean episode length: 1000.00
                        Mean action std: 0.01
--------------------------------------------------------------------------------
                         Iteration time: 0.44s
                           Time elapsed: 00:01:46
                                    ETA: 00:02:03

################################################################################
[1m                           Learning iteration 231/500                           [0m 

                            Total steps: 950272 
                       Steps per second: 9258 
                        Collection time: 0.401s 
                          Learning time: 0.041s 
                        Mean value loss: 0.0000
                    Mean surrogate loss: 0.0969
                      Mean entropy loss: -3.2504
                            Mean reward: 49.51
                    Mean episode length: 1000.00
                        Mean action std: 0.01
--------------------------------------------------------------------------------
                         Iteration time: 0.44s
                           Time elapsed: 00:01:46
                                    ETA: 00:02:03

################################################################################
[1m                           Learning iteration 232/500                           [0m 

                            Total steps: 954368 
                       Steps per second: 8063 
                        Collection time: 0.467s 
                          Learning time: 0.041s 
                        Mean value loss: 0.0000
                    Mean surrogate loss: 0.0035
                      Mean entropy loss: -3.2696
                            Mean reward: 49.51
                    Mean episode length: 1000.00
                        Mean action std: 0.01
--------------------------------------------------------------------------------
                         Iteration time: 0.51s
                           Time elapsed: 00:01:47
                                    ETA: 00:02:02

################################################################################
[1m                           Learning iteration 233/500                           [0m 

                            Total steps: 958464 
                       Steps per second: 9188 
                        Collection time: 0.404s 
                          Learning time: 0.042s 
                        Mean value loss: 0.0000
                    Mean surrogate loss: 0.0325
                      Mean entropy loss: -3.2519
                            Mean reward: 49.51
                    Mean episode length: 1000.00
                        Mean action std: 0.01
--------------------------------------------------------------------------------
                         Iteration time: 0.45s
                           Time elapsed: 00:01:47
                                    ETA: 00:02:02

################################################################################
[1m                           Learning iteration 234/500                           [0m 

                            Total steps: 962560 
                       Steps per second: 8475 
                        Collection time: 0.440s 
                          Learning time: 0.043s 
                        Mean value loss: 0.0000
                    Mean surrogate loss: 0.0150
                      Mean entropy loss: -3.2463
                            Mean reward: 49.51
                    Mean episode length: 1000.00
                        Mean action std: 0.01
--------------------------------------------------------------------------------
                         Iteration time: 0.48s
                           Time elapsed: 00:01:47
                                    ETA: 00:02:01

################################################################################
[1m                           Learning iteration 235/500                           [0m 

                            Total steps: 966656 
                       Steps per second: 9242 
                        Collection time: 0.401s 
                          Learning time: 0.042s 
                        Mean value loss: 0.0000
                    Mean surrogate loss: 0.0086
                      Mean entropy loss: -3.2554
                            Mean reward: 49.51
                    Mean episode length: 1000.00
                        Mean action std: 0.01
--------------------------------------------------------------------------------
                         Iteration time: 0.44s
                           Time elapsed: 00:01:48
                                    ETA: 00:02:01

################################################################################
[1m                           Learning iteration 236/500                           [0m 

                            Total steps: 970752 
                       Steps per second: 9248 
                        Collection time: 0.401s 
                          Learning time: 0.042s 
                        Mean value loss: 0.0000
                    Mean surrogate loss: 0.0139
                      Mean entropy loss: -3.2455
                            Mean reward: 49.51
                    Mean episode length: 1000.00
                        Mean action std: 0.01
--------------------------------------------------------------------------------
                         Iteration time: 0.44s
                           Time elapsed: 00:01:48
                                    ETA: 00:02:00

################################################################################
[1m                           Learning iteration 237/500                           [0m 

                            Total steps: 974848 
                       Steps per second: 9380 
                        Collection time: 0.395s 
                          Learning time: 0.042s 
                        Mean value loss: 0.0000
                    Mean surrogate loss: 0.0019
                      Mean entropy loss: -3.2438
                            Mean reward: 49.51
                    Mean episode length: 1000.00
                        Mean action std: 0.01
--------------------------------------------------------------------------------
                         Iteration time: 0.44s
                           Time elapsed: 00:01:49
                                    ETA: 00:02:00

################################################################################
[1m                           Learning iteration 238/500                           [0m 

                            Total steps: 978944 
                       Steps per second: 9336 
                        Collection time: 0.397s 
                          Learning time: 0.042s 
                        Mean value loss: 0.0000
                    Mean surrogate loss: 0.0183
                      Mean entropy loss: -3.2568
                            Mean reward: 49.51
                    Mean episode length: 1000.00
                        Mean action std: 0.01
--------------------------------------------------------------------------------
                         Iteration time: 0.44s
                           Time elapsed: 00:01:49
                                    ETA: 00:01:59

################################################################################
[1m                           Learning iteration 239/500                           [0m 

                            Total steps: 983040 
                       Steps per second: 9325 
                        Collection time: 0.393s 
                          Learning time: 0.046s 
                        Mean value loss: 0.0000
                    Mean surrogate loss: 0.0095
                      Mean entropy loss: -3.2463
                            Mean reward: 49.51
                    Mean episode length: 1000.00
                        Mean action std: 0.01
--------------------------------------------------------------------------------
                         Iteration time: 0.44s
                           Time elapsed: 00:01:50
                                    ETA: 00:01:59

################################################################################
[1m                           Learning iteration 240/500                           [0m 

                            Total steps: 987136 
                       Steps per second: 9267 
                        Collection time: 0.401s 
                          Learning time: 0.041s 
                        Mean value loss: 0.0000
                    Mean surrogate loss: 0.0368
                      Mean entropy loss: -3.2283
                            Mean reward: 49.51
                    Mean episode length: 1000.00
                        Mean action std: 0.01
--------------------------------------------------------------------------------
                         Iteration time: 0.44s
                           Time elapsed: 00:01:50
                                    ETA: 00:01:58

################################################################################
[1m                           Learning iteration 241/500                           [0m 

                            Total steps: 991232 
                       Steps per second: 9315 
                        Collection time: 0.398s 
                          Learning time: 0.042s 
                        Mean value loss: 0.0000
                    Mean surrogate loss: 0.0105
                      Mean entropy loss: -3.2239
                            Mean reward: 49.51
                    Mean episode length: 1000.00
                        Mean action std: 0.01
--------------------------------------------------------------------------------
                         Iteration time: 0.44s
                           Time elapsed: 00:01:51
                                    ETA: 00:01:58

################################################################################
[1m                           Learning iteration 242/500                           [0m 

                            Total steps: 995328 
                       Steps per second: 9191 
                        Collection time: 0.401s 
                          Learning time: 0.045s 
                        Mean value loss: 0.0000
                    Mean surrogate loss: 0.0069
                      Mean entropy loss: -3.2156
                            Mean reward: 49.51
                    Mean episode length: 1000.00
                        Mean action std: 0.01
--------------------------------------------------------------------------------
                         Iteration time: 0.45s
                           Time elapsed: 00:01:51
                                    ETA: 00:01:57

################################################################################
[1m                           Learning iteration 243/500                           [0m 

                            Total steps: 999424 
                       Steps per second: 9280 
                        Collection time: 0.400s 
                          Learning time: 0.041s 
                        Mean value loss: 0.0000
                    Mean surrogate loss: 0.0195
                      Mean entropy loss: -3.2058
                            Mean reward: 49.51
                    Mean episode length: 1000.00
                        Mean action std: 0.01
--------------------------------------------------------------------------------
                         Iteration time: 0.44s
                           Time elapsed: 00:01:51
                                    ETA: 00:01:57

################################################################################
[1m                           Learning iteration 244/500                           [0m 

                            Total steps: 1003520 
                       Steps per second: 9255 
                        Collection time: 0.400s 
                          Learning time: 0.042s 
                        Mean value loss: 0.0000
                    Mean surrogate loss: 0.0128
                      Mean entropy loss: -3.2085
                            Mean reward: 49.51
                    Mean episode length: 1000.00
                        Mean action std: 0.01
--------------------------------------------------------------------------------
                         Iteration time: 0.44s
                           Time elapsed: 00:01:52
                                    ETA: 00:01:56

################################################################################
[1m                           Learning iteration 245/500                           [0m 

                            Total steps: 1007616 
                       Steps per second: 9296 
                        Collection time: 0.399s 
                          Learning time: 0.041s 
                        Mean value loss: 0.0000
                    Mean surrogate loss: 0.0094
                      Mean entropy loss: -3.2082
                            Mean reward: 49.51
                    Mean episode length: 1000.00
                        Mean action std: 0.01
--------------------------------------------------------------------------------
                         Iteration time: 0.44s
                           Time elapsed: 00:01:52
                                    ETA: 00:01:56

################################################################################
[1m                           Learning iteration 246/500                           [0m 

                            Total steps: 1011712 
                       Steps per second: 9330 
                        Collection time: 0.397s 
                          Learning time: 0.042s 
                        Mean value loss: 0.0000
                    Mean surrogate loss: 0.0344
                      Mean entropy loss: -3.1922
                            Mean reward: 49.51
                    Mean episode length: 1000.00
                        Mean action std: 0.01
--------------------------------------------------------------------------------
                         Iteration time: 0.44s
                           Time elapsed: 00:01:53
                                    ETA: 00:01:56

################################################################################
[1m                           Learning iteration 247/500                           [0m 

                            Total steps: 1015808 
                       Steps per second: 9278 
                        Collection time: 0.399s 
                          Learning time: 0.042s 
                        Mean value loss: 0.0000
                    Mean surrogate loss: 0.0082
                      Mean entropy loss: -3.1938
                            Mean reward: 49.51
                    Mean episode length: 1000.00
                        Mean action std: 0.01
--------------------------------------------------------------------------------
                         Iteration time: 0.44s
                           Time elapsed: 00:01:53
                                    ETA: 00:01:55

################################################################################
[1m                           Learning iteration 248/500                           [0m 

                            Total steps: 1019904 
                       Steps per second: 9386 
                        Collection time: 0.395s 
                          Learning time: 0.041s 
                        Mean value loss: 0.0000
                    Mean surrogate loss: 0.0075
                      Mean entropy loss: -3.2025
                            Mean reward: 49.51
                    Mean episode length: 1000.00
                        Mean action std: 0.01
--------------------------------------------------------------------------------
                         Iteration time: 0.44s
                           Time elapsed: 00:01:54
                                    ETA: 00:01:55

################################################################################
[1m                           Learning iteration 249/500                           [0m 

                            Total steps: 1024000 
                       Steps per second: 9130 
                        Collection time: 0.407s 
                          Learning time: 0.041s 
                        Mean value loss: 0.0000
                    Mean surrogate loss: 0.0055
                      Mean entropy loss: -3.2368
                            Mean reward: 49.55
                    Mean episode length: 1000.00
                        Mean action std: 0.01
--------------------------------------------------------------------------------
                         Iteration time: 0.45s
                           Time elapsed: 00:01:54
                                    ETA: 00:01:54

################################################################################
[1m                           Learning iteration 250/500                           [0m 

                            Total steps: 1028096 
                       Steps per second: 9401 
                        Collection time: 0.394s 
                          Learning time: 0.041s 
                        Mean value loss: 0.0000
                    Mean surrogate loss: 0.0022
                      Mean entropy loss: -3.3107
                            Mean reward: 49.55
                    Mean episode length: 1000.00
                        Mean action std: 0.01
--------------------------------------------------------------------------------
                         Iteration time: 0.44s
                           Time elapsed: 00:01:55
                                    ETA: 00:01:54

################################################################################
[1m                           Learning iteration 251/500                           [0m 

                            Total steps: 1032192 
                       Steps per second: 9433 
                        Collection time: 0.393s 
                          Learning time: 0.041s 
                        Mean value loss: 0.0000
                    Mean surrogate loss: 0.0088
                      Mean entropy loss: -3.3461
                            Mean reward: 49.55
                    Mean episode length: 1000.00
                        Mean action std: 0.01
--------------------------------------------------------------------------------
                         Iteration time: 0.43s
                           Time elapsed: 00:01:55
                                    ETA: 00:01:53

################################################################################
[1m                           Learning iteration 252/500                           [0m 

                            Total steps: 1036288 
                       Steps per second: 9385 
                        Collection time: 0.396s 
                          Learning time: 0.040s 
                        Mean value loss: 0.0000
                    Mean surrogate loss: 0.0046
                      Mean entropy loss: -3.3367
                            Mean reward: 49.55
                    Mean episode length: 1000.00
                        Mean action std: 0.01
--------------------------------------------------------------------------------
                         Iteration time: 0.44s
                           Time elapsed: 00:01:55
                                    ETA: 00:01:53

################################################################################
[1m                           Learning iteration 253/500                           [0m 

                            Total steps: 1040384 
                       Steps per second: 9329 
                        Collection time: 0.397s 
                          Learning time: 0.042s 
                        Mean value loss: 0.0000
                    Mean surrogate loss: 0.0537
                      Mean entropy loss: -3.2917
                            Mean reward: 49.55
                    Mean episode length: 1000.00
                        Mean action std: 0.01
--------------------------------------------------------------------------------
                         Iteration time: 0.44s
                           Time elapsed: 00:01:56
                                    ETA: 00:01:52

################################################################################
[1m                           Learning iteration 254/500                           [0m 

                            Total steps: 1044480 
                       Steps per second: 9356 
                        Collection time: 0.396s 
                          Learning time: 0.042s 
                        Mean value loss: 0.0000
                    Mean surrogate loss: 0.0110
                      Mean entropy loss: -3.2855
                            Mean reward: 49.55
                    Mean episode length: 1000.00
                        Mean action std: 0.01
--------------------------------------------------------------------------------
                         Iteration time: 0.44s
                           Time elapsed: 00:01:56
                                    ETA: 00:01:52

################################################################################
[1m                           Learning iteration 255/500                           [0m 

                            Total steps: 1048576 
                       Steps per second: 9297 
                        Collection time: 0.399s 
                          Learning time: 0.042s 
                        Mean value loss: 0.0000
                    Mean surrogate loss: 0.0162
                      Mean entropy loss: -3.2875
                            Mean reward: 49.55
                    Mean episode length: 1000.00
                        Mean action std: 0.01
--------------------------------------------------------------------------------
                         Iteration time: 0.44s
                           Time elapsed: 00:01:57
                                    ETA: 00:01:51

################################################################################
[1m                           Learning iteration 256/500                           [0m 

                            Total steps: 1052672 
                       Steps per second: 9381 
                        Collection time: 0.396s 
                          Learning time: 0.041s 
                        Mean value loss: 0.0000
                    Mean surrogate loss: 0.0079
                      Mean entropy loss: -3.2952
                            Mean reward: 49.55
                    Mean episode length: 1000.00
                        Mean action std: 0.01
--------------------------------------------------------------------------------
                         Iteration time: 0.44s
                           Time elapsed: 00:01:57
                                    ETA: 00:01:51

################################################################################
[1m                           Learning iteration 257/500                           [0m 

                            Total steps: 1056768 
                       Steps per second: 9307 
                        Collection time: 0.400s 
                          Learning time: 0.041s 
                        Mean value loss: 0.0000
                    Mean surrogate loss: 0.0065
                      Mean entropy loss: -3.3059
                            Mean reward: 49.55
                    Mean episode length: 1000.00
                        Mean action std: 0.01
--------------------------------------------------------------------------------
                         Iteration time: 0.44s
                           Time elapsed: 00:01:58
                                    ETA: 00:01:50

################################################################################
[1m                           Learning iteration 258/500                           [0m 

                            Total steps: 1060864 
                       Steps per second: 9368 
                        Collection time: 0.396s 
                          Learning time: 0.041s 
                        Mean value loss: 0.0000
                    Mean surrogate loss: 0.0306
                      Mean entropy loss: -3.2742
                            Mean reward: 49.55
                    Mean episode length: 1000.00
                        Mean action std: 0.01
--------------------------------------------------------------------------------
                         Iteration time: 0.44s
                           Time elapsed: 00:01:58
                                    ETA: 00:01:50

################################################################################
[1m                           Learning iteration 259/500                           [0m 

                            Total steps: 1064960 
                       Steps per second: 9390 
                        Collection time: 0.395s 
                          Learning time: 0.041s 
                        Mean value loss: 0.0000
                    Mean surrogate loss: 0.0110
                      Mean entropy loss: -3.2653
                            Mean reward: 49.55
                    Mean episode length: 1000.00
                        Mean action std: 0.01
--------------------------------------------------------------------------------
                         Iteration time: 0.44s
                           Time elapsed: 00:01:58
                                    ETA: 00:01:49

################################################################################
[1m                           Learning iteration 260/500                           [0m 

                            Total steps: 1069056 
                       Steps per second: 9365 
                        Collection time: 0.396s 
                          Learning time: 0.041s 
                        Mean value loss: 0.0000
                    Mean surrogate loss: 0.0170
                      Mean entropy loss: -3.2958
                            Mean reward: 49.55
                    Mean episode length: 1000.00
                        Mean action std: 0.01
--------------------------------------------------------------------------------
                         Iteration time: 0.44s
                           Time elapsed: 00:01:59
                                    ETA: 00:01:49

################################################################################
[1m                           Learning iteration 261/500                           [0m 

                            Total steps: 1073152 
                       Steps per second: 9377 
                        Collection time: 0.396s 
                          Learning time: 0.041s 
                        Mean value loss: 0.0000
                    Mean surrogate loss: 0.0318
                      Mean entropy loss: -3.3386
                            Mean reward: 49.55
                    Mean episode length: 1000.00
                        Mean action std: 0.01
--------------------------------------------------------------------------------
                         Iteration time: 0.44s
                           Time elapsed: 00:01:59
                                    ETA: 00:01:48

################################################################################
[1m                           Learning iteration 262/500                           [0m 

                            Total steps: 1077248 
                       Steps per second: 9332 
                        Collection time: 0.397s 
                          Learning time: 0.042s 
                        Mean value loss: 0.0000
                    Mean surrogate loss: 0.0097
                      Mean entropy loss: -3.3568
                            Mean reward: 49.55
                    Mean episode length: 1000.00
                        Mean action std: 0.01
--------------------------------------------------------------------------------
                         Iteration time: 0.44s
                           Time elapsed: 00:02:00
                                    ETA: 00:01:48

################################################################################
[1m                           Learning iteration 263/500                           [0m 

                            Total steps: 1081344 
                       Steps per second: 9403 
                        Collection time: 0.393s 
                          Learning time: 0.042s 
                        Mean value loss: 0.0000
                    Mean surrogate loss: 0.0213
                      Mean entropy loss: -3.3534
                            Mean reward: 49.55
                    Mean episode length: 1000.00
                        Mean action std: 0.01
--------------------------------------------------------------------------------
                         Iteration time: 0.44s
                           Time elapsed: 00:02:00
                                    ETA: 00:01:47

################################################################################
[1m                           Learning iteration 264/500                           [0m 

                            Total steps: 1085440 
                       Steps per second: 9430 
                        Collection time: 0.392s 
                          Learning time: 0.042s 
                        Mean value loss: 0.0000
                    Mean surrogate loss: 0.0101
                      Mean entropy loss: -3.3446
                            Mean reward: 49.55
                    Mean episode length: 1000.00
                        Mean action std: 0.01
--------------------------------------------------------------------------------
                         Iteration time: 0.43s
                           Time elapsed: 00:02:01
                                    ETA: 00:01:47

################################################################################
[1m                           Learning iteration 265/500                           [0m 

                            Total steps: 1089536 
                       Steps per second: 9387 
                        Collection time: 0.395s 
                          Learning time: 0.041s 
                        Mean value loss: 0.0000
                    Mean surrogate loss: 0.0972
                      Mean entropy loss: -3.3087
                            Mean reward: 49.55
                    Mean episode length: 1000.00
                        Mean action std: 0.01
--------------------------------------------------------------------------------
                         Iteration time: 0.44s
                           Time elapsed: 00:02:01
                                    ETA: 00:01:46

################################################################################
[1m                           Learning iteration 266/500                           [0m 

                            Total steps: 1093632 
                       Steps per second: 9346 
                        Collection time: 0.397s 
                          Learning time: 0.041s 
                        Mean value loss: 0.0000
                    Mean surrogate loss: 0.0083
                      Mean entropy loss: -3.2848
                            Mean reward: 49.55
                    Mean episode length: 1000.00
                        Mean action std: 0.01
--------------------------------------------------------------------------------
                         Iteration time: 0.44s
                           Time elapsed: 00:02:02
                                    ETA: 00:01:46

################################################################################
[1m                           Learning iteration 267/500                           [0m 

                            Total steps: 1097728 
                       Steps per second: 9318 
                        Collection time: 0.398s 
                          Learning time: 0.042s 
                        Mean value loss: 0.0000
                    Mean surrogate loss: 0.0021
                      Mean entropy loss: -3.2961
                            Mean reward: 49.55
                    Mean episode length: 1000.00
                        Mean action std: 0.01
--------------------------------------------------------------------------------
                         Iteration time: 0.44s
                           Time elapsed: 00:02:02
                                    ETA: 00:01:45

################################################################################
[1m                           Learning iteration 268/500                           [0m 

                            Total steps: 1101824 
                       Steps per second: 9342 
                        Collection time: 0.397s 
                          Learning time: 0.041s 
                        Mean value loss: 0.0000
                    Mean surrogate loss: 0.0396
                      Mean entropy loss: -3.2486
                            Mean reward: 49.55
                    Mean episode length: 1000.00
                        Mean action std: 0.01
--------------------------------------------------------------------------------
                         Iteration time: 0.44s
                           Time elapsed: 00:02:02
                                    ETA: 00:01:45

################################################################################
[1m                           Learning iteration 269/500                           [0m 

                            Total steps: 1105920 
                       Steps per second: 9235 
                        Collection time: 0.402s 
                          Learning time: 0.041s 
                        Mean value loss: 0.0000
                    Mean surrogate loss: 0.0127
                      Mean entropy loss: -3.2748
                            Mean reward: 49.55
                    Mean episode length: 1000.00
                        Mean action std: 0.01
--------------------------------------------------------------------------------
                         Iteration time: 0.44s
                           Time elapsed: 00:02:03
                                    ETA: 00:01:45

################################################################################
[1m                           Learning iteration 270/500                           [0m 

                            Total steps: 1110016 
                       Steps per second: 9372 
                        Collection time: 0.396s 
                          Learning time: 0.041s 
                        Mean value loss: 0.0000
                    Mean surrogate loss: 0.0121
                      Mean entropy loss: -3.2568
                            Mean reward: 49.55
                    Mean episode length: 1000.00
                        Mean action std: 0.01
--------------------------------------------------------------------------------
                         Iteration time: 0.44s
                           Time elapsed: 00:02:03
                                    ETA: 00:01:44

################################################################################
[1m                           Learning iteration 271/500                           [0m 

                            Total steps: 1114112 
                       Steps per second: 9274 
                        Collection time: 0.400s 
                          Learning time: 0.042s 
                        Mean value loss: 0.0000
                    Mean surrogate loss: 0.0463
                      Mean entropy loss: -3.2415
                            Mean reward: 49.55
                    Mean episode length: 1000.00
                        Mean action std: 0.01
--------------------------------------------------------------------------------
                         Iteration time: 0.44s
                           Time elapsed: 00:02:04
                                    ETA: 00:01:44

################################################################################
[1m                           Learning iteration 272/500                           [0m 

                            Total steps: 1118208 
                       Steps per second: 9359 
                        Collection time: 0.396s 
                          Learning time: 0.042s 
                        Mean value loss: 0.0000
                    Mean surrogate loss: 0.0063
                      Mean entropy loss: -3.2409
                            Mean reward: 49.55
                    Mean episode length: 1000.00
                        Mean action std: 0.01
--------------------------------------------------------------------------------
                         Iteration time: 0.44s
                           Time elapsed: 00:02:04
                                    ETA: 00:01:43

################################################################################
[1m                           Learning iteration 273/500                           [0m 

                            Total steps: 1122304 
                       Steps per second: 9314 
                        Collection time: 0.398s 
                          Learning time: 0.041s 
                        Mean value loss: 0.0000
                    Mean surrogate loss: 0.0342
                      Mean entropy loss: -3.2336
                            Mean reward: 49.55
                    Mean episode length: 1000.00
                        Mean action std: 0.01
--------------------------------------------------------------------------------
                         Iteration time: 0.44s
                           Time elapsed: 00:02:05
                                    ETA: 00:01:43

################################################################################
[1m                           Learning iteration 274/500                           [0m 

                            Total steps: 1126400 
                       Steps per second: 9390 
                        Collection time: 0.395s 
                          Learning time: 0.041s 
                        Mean value loss: 0.0000
                    Mean surrogate loss: 0.0074
                      Mean entropy loss: -3.2142
                            Mean reward: 49.55
                    Mean episode length: 1000.00
                        Mean action std: 0.01
--------------------------------------------------------------------------------
                         Iteration time: 0.44s
                           Time elapsed: 00:02:05
                                    ETA: 00:01:42

################################################################################
[1m                           Learning iteration 275/500                           [0m 

                            Total steps: 1130496 
                       Steps per second: 9349 
                        Collection time: 0.396s 
                          Learning time: 0.042s 
                        Mean value loss: 0.0000
                    Mean surrogate loss: 0.0220
                      Mean entropy loss: -3.1681
                            Mean reward: 49.55
                    Mean episode length: 1000.00
                        Mean action std: 0.01
--------------------------------------------------------------------------------
                         Iteration time: 0.44s
                           Time elapsed: 00:02:05
                                    ETA: 00:01:42

################################################################################
[1m                           Learning iteration 276/500                           [0m 

                            Total steps: 1134592 
                       Steps per second: 9159 
                        Collection time: 0.405s 
                          Learning time: 0.042s 
                        Mean value loss: 0.0000
                    Mean surrogate loss: 0.0097
                      Mean entropy loss: -3.1531
                            Mean reward: 49.55
                    Mean episode length: 1000.00
                        Mean action std: 0.01
--------------------------------------------------------------------------------
                         Iteration time: 0.45s
                           Time elapsed: 00:02:06
                                    ETA: 00:01:41

################################################################################
[1m                           Learning iteration 277/500                           [0m 

                            Total steps: 1138688 
                       Steps per second: 8887 
                        Collection time: 0.419s 
                          Learning time: 0.042s 
                        Mean value loss: 0.0000
                    Mean surrogate loss: 0.0111
                      Mean entropy loss: -3.1668
                            Mean reward: 49.55
                    Mean episode length: 1000.00
                        Mean action std: 0.01
--------------------------------------------------------------------------------
                         Iteration time: 0.46s
                           Time elapsed: 00:02:06
                                    ETA: 00:01:41

################################################################################
[1m                           Learning iteration 278/500                           [0m 

                            Total steps: 1142784 
                       Steps per second: 9353 
                        Collection time: 0.396s 
                          Learning time: 0.041s 
                        Mean value loss: 0.0000
                    Mean surrogate loss: 0.0083
                      Mean entropy loss: -3.1777
                            Mean reward: 49.55
                    Mean episode length: 1000.00
                        Mean action std: 0.01
--------------------------------------------------------------------------------
                         Iteration time: 0.44s
                           Time elapsed: 00:02:07
                                    ETA: 00:01:40

################################################################################
[1m                           Learning iteration 279/500                           [0m 

                            Total steps: 1146880 
                       Steps per second: 9300 
                        Collection time: 0.399s 
                          Learning time: 0.041s 
                        Mean value loss: 0.0000
                    Mean surrogate loss: 0.0107
                      Mean entropy loss: -3.2128
                            Mean reward: 49.55
                    Mean episode length: 1000.00
                        Mean action std: 0.01
--------------------------------------------------------------------------------
                         Iteration time: 0.44s
                           Time elapsed: 00:02:07
                                    ETA: 00:01:40

################################################################################
[1m                           Learning iteration 280/500                           [0m 

                            Total steps: 1150976 
                       Steps per second: 9280 
                        Collection time: 0.400s 
                          Learning time: 0.042s 
                        Mean value loss: 0.0000
                    Mean surrogate loss: 0.0121
                      Mean entropy loss: -3.2519
                            Mean reward: 49.55
                    Mean episode length: 1000.00
                        Mean action std: 0.01
--------------------------------------------------------------------------------
                         Iteration time: 0.44s
                           Time elapsed: 00:02:08
                                    ETA: 00:01:39

################################################################################
[1m                           Learning iteration 281/500                           [0m 

                            Total steps: 1155072 
                       Steps per second: 9199 
                        Collection time: 0.404s 
                          Learning time: 0.042s 
                        Mean value loss: 0.0000
                    Mean surrogate loss: 0.0529
                      Mean entropy loss: -3.2430
                            Mean reward: 49.59
                    Mean episode length: 1000.00
                        Mean action std: 0.01
--------------------------------------------------------------------------------
                         Iteration time: 0.45s
                           Time elapsed: 00:02:08
                                    ETA: 00:01:39

################################################################################
[1m                           Learning iteration 282/500                           [0m 

                            Total steps: 1159168 
                       Steps per second: 9228 
                        Collection time: 0.399s 
                          Learning time: 0.045s 
                        Mean value loss: 0.0000
                    Mean surrogate loss: 0.0049
                      Mean entropy loss: -3.2395
                            Mean reward: 49.59
                    Mean episode length: 1000.00
                        Mean action std: 0.01
--------------------------------------------------------------------------------
                         Iteration time: 0.44s
                           Time elapsed: 00:02:09
                                    ETA: 00:01:38

################################################################################
[1m                           Learning iteration 283/500                           [0m 

                            Total steps: 1163264 
                       Steps per second: 8656 
                        Collection time: 0.431s 
                          Learning time: 0.042s 
                        Mean value loss: 0.0000
                    Mean surrogate loss: 0.0085
                      Mean entropy loss: -3.2137
                            Mean reward: 49.59
                    Mean episode length: 1000.00
                        Mean action std: 0.01
--------------------------------------------------------------------------------
                         Iteration time: 0.47s
                           Time elapsed: 00:02:09
                                    ETA: 00:01:38

################################################################################
[1m                           Learning iteration 284/500                           [0m 

                            Total steps: 1167360 
                       Steps per second: 8594 
                        Collection time: 0.425s 
                          Learning time: 0.052s 
                        Mean value loss: 0.0000
                    Mean surrogate loss: 0.0149
                      Mean entropy loss: -3.2130
                            Mean reward: 49.59
                    Mean episode length: 1000.00
                        Mean action std: 0.01
--------------------------------------------------------------------------------
                         Iteration time: 0.48s
                           Time elapsed: 00:02:10
                                    ETA: 00:01:38

################################################################################
[1m                           Learning iteration 285/500                           [0m 

                            Total steps: 1171456 
                       Steps per second: 8890 
                        Collection time: 0.420s 
                          Learning time: 0.041s 
                        Mean value loss: 0.0000
                    Mean surrogate loss: 0.0414
                      Mean entropy loss: -3.2024
                            Mean reward: 49.59
                    Mean episode length: 1000.00
                        Mean action std: 0.01
--------------------------------------------------------------------------------
                         Iteration time: 0.46s
                           Time elapsed: 00:02:10
                                    ETA: 00:01:37

################################################################################
[1m                           Learning iteration 286/500                           [0m 

                            Total steps: 1175552 
                       Steps per second: 9326 
                        Collection time: 0.397s 
                          Learning time: 0.042s 
                        Mean value loss: 0.0000
                    Mean surrogate loss: 0.0020
                      Mean entropy loss: -3.2450
                            Mean reward: 49.59
                    Mean episode length: 1000.00
                        Mean action std: 0.01
--------------------------------------------------------------------------------
                         Iteration time: 0.44s
                           Time elapsed: 00:02:10
                                    ETA: 00:01:37

################################################################################
[1m                           Learning iteration 287/500                           [0m 

                            Total steps: 1179648 
                       Steps per second: 9402 
                        Collection time: 0.394s 
                          Learning time: 0.041s 
                        Mean value loss: 0.0000
                    Mean surrogate loss: 0.0122
                      Mean entropy loss: -3.2962
                            Mean reward: 49.59
                    Mean episode length: 1000.00
                        Mean action std: 0.01
--------------------------------------------------------------------------------
                         Iteration time: 0.44s
                           Time elapsed: 00:02:11
                                    ETA: 00:01:36

################################################################################
[1m                           Learning iteration 288/500                           [0m 

                            Total steps: 1183744 
                       Steps per second: 8025 
                        Collection time: 0.442s 
                          Learning time: 0.069s 
                        Mean value loss: 0.0000
                    Mean surrogate loss: 0.0255
                      Mean entropy loss: -3.3131
                            Mean reward: 49.59
                    Mean episode length: 1000.00
                        Mean action std: 0.01
--------------------------------------------------------------------------------
                         Iteration time: 0.51s
                           Time elapsed: 00:02:11
                                    ETA: 00:01:36

################################################################################
[1m                           Learning iteration 289/500                           [0m 

                            Total steps: 1187840 
                       Steps per second: 8890 
                        Collection time: 0.418s 
                          Learning time: 0.043s 
                        Mean value loss: 0.0000
                    Mean surrogate loss: 0.0036
                      Mean entropy loss: -3.3353
                            Mean reward: 49.59
                    Mean episode length: 1000.00
                        Mean action std: 0.01
--------------------------------------------------------------------------------
                         Iteration time: 0.46s
                           Time elapsed: 00:02:12
                                    ETA: 00:01:35

################################################################################
[1m                           Learning iteration 290/500                           [0m 

                            Total steps: 1191936 
                       Steps per second: 7555 
                        Collection time: 0.480s 
                          Learning time: 0.062s 
                        Mean value loss: 0.0000
                    Mean surrogate loss: 0.0329
                      Mean entropy loss: -3.3707
                            Mean reward: 49.59
                    Mean episode length: 1000.00
                        Mean action std: 0.01
--------------------------------------------------------------------------------
                         Iteration time: 0.54s
                           Time elapsed: 00:02:12
                                    ETA: 00:01:35

################################################################################
[1m                           Learning iteration 291/500                           [0m 

                            Total steps: 1196032 
                       Steps per second: 6532 
                        Collection time: 0.532s 
                          Learning time: 0.095s 
                        Mean value loss: 0.0000
                    Mean surrogate loss: 0.0072
                      Mean entropy loss: -3.3722
                            Mean reward: 49.59
                    Mean episode length: 1000.00
                        Mean action std: 0.01
--------------------------------------------------------------------------------
                         Iteration time: 0.63s
                           Time elapsed: 00:02:13
                                    ETA: 00:01:35

################################################################################
[1m                           Learning iteration 292/500                           [0m 

                            Total steps: 1200128 
                       Steps per second: 6317 
                        Collection time: 0.551s 
                          Learning time: 0.097s 
                        Mean value loss: 0.0000
                    Mean surrogate loss: 0.0159
                      Mean entropy loss: -3.4122
                            Mean reward: 49.59
                    Mean episode length: 1000.00
                        Mean action std: 0.01
--------------------------------------------------------------------------------
                         Iteration time: 0.65s
                           Time elapsed: 00:02:14
                                    ETA: 00:01:34

################################################################################
[1m                           Learning iteration 293/500                           [0m 

                            Total steps: 1204224 
                       Steps per second: 5164 
                        Collection time: 0.713s 
                          Learning time: 0.080s 
                        Mean value loss: 0.0000
                    Mean surrogate loss: 0.0194
                      Mean entropy loss: -3.4220
                            Mean reward: 49.59
                    Mean episode length: 1000.00
                        Mean action std: 0.01
--------------------------------------------------------------------------------
                         Iteration time: 0.79s
                           Time elapsed: 00:02:14
                                    ETA: 00:01:34

################################################################################
[1m                           Learning iteration 294/500                           [0m 

                            Total steps: 1208320 
                       Steps per second: 7932 
                        Collection time: 0.464s 
                          Learning time: 0.052s 
                        Mean value loss: 0.0000
                    Mean surrogate loss: 0.0121
                      Mean entropy loss: -3.4147
                            Mean reward: 49.59
                    Mean episode length: 1000.00
                        Mean action std: 0.01
--------------------------------------------------------------------------------
                         Iteration time: 0.52s
                           Time elapsed: 00:02:15
                                    ETA: 00:01:34

################################################################################
[1m                           Learning iteration 295/500                           [0m 

                            Total steps: 1212416 
                       Steps per second: 7737 
                        Collection time: 0.485s 
                          Learning time: 0.044s 
                        Mean value loss: 0.0000
                    Mean surrogate loss: 0.0149
                      Mean entropy loss: -3.4098
                            Mean reward: 49.59
                    Mean episode length: 1000.00
                        Mean action std: 0.01
--------------------------------------------------------------------------------
                         Iteration time: 0.53s
                           Time elapsed: 00:02:15
                                    ETA: 00:01:33

################################################################################
[1m                           Learning iteration 296/500                           [0m 

                            Total steps: 1216512 
                       Steps per second: 9423 
                        Collection time: 0.393s 
                          Learning time: 0.041s 
                        Mean value loss: 0.0000
                    Mean surrogate loss: 0.0085
                      Mean entropy loss: -3.4330
                            Mean reward: 49.59
                    Mean episode length: 1000.00
                        Mean action std: 0.01
--------------------------------------------------------------------------------
                         Iteration time: 0.43s
                           Time elapsed: 00:02:16
                                    ETA: 00:01:33

################################################################################
[1m                           Learning iteration 297/500                           [0m 

                            Total steps: 1220608 
                       Steps per second: 9368 
                        Collection time: 0.396s 
                          Learning time: 0.041s 
                        Mean value loss: 0.0000
                    Mean surrogate loss: 0.0443
                      Mean entropy loss: -3.4283
                            Mean reward: 49.59
                    Mean episode length: 1000.00
                        Mean action std: 0.01
--------------------------------------------------------------------------------
                         Iteration time: 0.44s
                           Time elapsed: 00:02:16
                                    ETA: 00:01:32

################################################################################
[1m                           Learning iteration 298/500                           [0m 

                            Total steps: 1224704 
                       Steps per second: 9386 
                        Collection time: 0.396s 
                          Learning time: 0.041s 
                        Mean value loss: 0.0000
                    Mean surrogate loss: 0.0086
                      Mean entropy loss: -3.4387
                            Mean reward: 49.59
                    Mean episode length: 1000.00
                        Mean action std: 0.01
--------------------------------------------------------------------------------
                         Iteration time: 0.44s
                           Time elapsed: 00:02:17
                                    ETA: 00:01:32

################################################################################
[1m                           Learning iteration 299/500                           [0m 

                            Total steps: 1228800 
                       Steps per second: 9322 
                        Collection time: 0.398s 
                          Learning time: 0.041s 
                        Mean value loss: 0.0000
                    Mean surrogate loss: 0.0231
                      Mean entropy loss: -3.4678
                            Mean reward: 49.59
                    Mean episode length: 1000.00
                        Mean action std: 0.01
--------------------------------------------------------------------------------
                         Iteration time: 0.44s
                           Time elapsed: 00:02:17
                                    ETA: 00:01:31

################################################################################
[1m                           Learning iteration 300/500                           [0m 

                            Total steps: 1232896 
                       Steps per second: 9272 
                        Collection time: 0.400s 
                          Learning time: 0.041s 
                        Mean value loss: 0.0000
                    Mean surrogate loss: 0.0019
                      Mean entropy loss: -3.4854
                            Mean reward: 49.59
                    Mean episode length: 1000.00
                        Mean action std: 0.01
--------------------------------------------------------------------------------
                         Iteration time: 0.44s
                           Time elapsed: 00:02:18
                                    ETA: 00:01:31

################################################################################
[1m                           Learning iteration 301/500                           [0m 

                            Total steps: 1236992 
                       Steps per second: 9272 
                        Collection time: 0.400s 
                          Learning time: 0.042s 
                        Mean value loss: 0.0000
                    Mean surrogate loss: 0.0159
                      Mean entropy loss: -3.4765
                            Mean reward: 49.59
                    Mean episode length: 1000.00
                        Mean action std: 0.01
--------------------------------------------------------------------------------
                         Iteration time: 0.44s
                           Time elapsed: 00:02:18
                                    ETA: 00:01:30

################################################################################
[1m                           Learning iteration 302/500                           [0m 

                            Total steps: 1241088 
                       Steps per second: 9321 
                        Collection time: 0.398s 
                          Learning time: 0.042s 
                        Mean value loss: 0.0000
                    Mean surrogate loss: 0.0060
                      Mean entropy loss: -3.4690
                            Mean reward: 49.59
                    Mean episode length: 1000.00
                        Mean action std: 0.01
--------------------------------------------------------------------------------
                         Iteration time: 0.44s
                           Time elapsed: 00:02:19
                                    ETA: 00:01:30

################################################################################
[1m                           Learning iteration 303/500                           [0m 

                            Total steps: 1245184 
                       Steps per second: 9311 
                        Collection time: 0.399s 
                          Learning time: 0.041s 
                        Mean value loss: 0.0000
                    Mean surrogate loss: 0.0228
                      Mean entropy loss: -3.4626
                            Mean reward: 49.59
                    Mean episode length: 1000.00
                        Mean action std: 0.01
--------------------------------------------------------------------------------
                         Iteration time: 0.44s
                           Time elapsed: 00:02:19
                                    ETA: 00:01:29

################################################################################
[1m                           Learning iteration 304/500                           [0m 

                            Total steps: 1249280 
                       Steps per second: 9305 
                        Collection time: 0.399s 
                          Learning time: 0.041s 
                        Mean value loss: 0.0000
                    Mean surrogate loss: 0.0421
                      Mean entropy loss: -3.4569
                            Mean reward: 49.59
                    Mean episode length: 1000.00
                        Mean action std: 0.01
--------------------------------------------------------------------------------
                         Iteration time: 0.44s
                           Time elapsed: 00:02:19
                                    ETA: 00:01:29

################################################################################
[1m                           Learning iteration 305/500                           [0m 

                            Total steps: 1253376 
                       Steps per second: 9192 
                        Collection time: 0.403s 
                          Learning time: 0.042s 
                        Mean value loss: 0.0000
                    Mean surrogate loss: 0.0045
                      Mean entropy loss: -3.4515
                            Mean reward: 49.59
                    Mean episode length: 1000.00
                        Mean action std: 0.01
--------------------------------------------------------------------------------
                         Iteration time: 0.45s
                           Time elapsed: 00:02:20
                                    ETA: 00:01:29

################################################################################
[1m                           Learning iteration 306/500                           [0m 

                            Total steps: 1257472 
                       Steps per second: 8758 
                        Collection time: 0.425s 
                          Learning time: 0.043s 
                        Mean value loss: 0.0000
                    Mean surrogate loss: 0.0133
                      Mean entropy loss: -3.4579
                            Mean reward: 49.59
                    Mean episode length: 1000.00
                        Mean action std: 0.01
--------------------------------------------------------------------------------
                         Iteration time: 0.47s
                           Time elapsed: 00:02:20
                                    ETA: 00:01:28

################################################################################
[1m                           Learning iteration 307/500                           [0m 

                            Total steps: 1261568 
                       Steps per second: 9323 
                        Collection time: 0.398s 
                          Learning time: 0.042s 
                        Mean value loss: 0.0000
                    Mean surrogate loss: 0.0179
                      Mean entropy loss: -3.4618
                            Mean reward: 49.59
                    Mean episode length: 1000.00
                        Mean action std: 0.01
--------------------------------------------------------------------------------
                         Iteration time: 0.44s
                           Time elapsed: 00:02:21
                                    ETA: 00:01:28

################################################################################
[1m                           Learning iteration 308/500                           [0m 

                            Total steps: 1265664 
                       Steps per second: 9304 
                        Collection time: 0.399s 
                          Learning time: 0.041s 
                        Mean value loss: 0.0000
                    Mean surrogate loss: 0.0027
                      Mean entropy loss: -3.4648
                            Mean reward: 49.59
                    Mean episode length: 1000.00
                        Mean action std: 0.01
--------------------------------------------------------------------------------
                         Iteration time: 0.44s
                           Time elapsed: 00:02:21
                                    ETA: 00:01:27

################################################################################
[1m                           Learning iteration 309/500                           [0m 

                            Total steps: 1269760 
                       Steps per second: 9440 
                        Collection time: 0.394s 
                          Learning time: 0.040s 
                        Mean value loss: 0.0000
                    Mean surrogate loss: 0.0091
                      Mean entropy loss: -3.4998
                            Mean reward: 49.59
                    Mean episode length: 1000.00
                        Mean action std: 0.01
--------------------------------------------------------------------------------
                         Iteration time: 0.43s
                           Time elapsed: 00:02:22
                                    ETA: 00:01:27

################################################################################
[1m                           Learning iteration 310/500                           [0m 

                            Total steps: 1273856 
                       Steps per second: 9081 
                        Collection time: 0.408s 
                          Learning time: 0.043s 
                        Mean value loss: 0.0000
                    Mean surrogate loss: 0.0278
                      Mean entropy loss: -3.4934
                            Mean reward: 49.59
                    Mean episode length: 1000.00
                        Mean action std: 0.01
--------------------------------------------------------------------------------
                         Iteration time: 0.45s
                           Time elapsed: 00:02:22
                                    ETA: 00:01:26

################################################################################
[1m                           Learning iteration 311/500                           [0m 

                            Total steps: 1277952 
                       Steps per second: 9289 
                        Collection time: 0.400s 
                          Learning time: 0.041s 
                        Mean value loss: 0.0000
                    Mean surrogate loss: 0.0065
                      Mean entropy loss: -3.4566
                            Mean reward: 49.59
                    Mean episode length: 1000.00
                        Mean action std: 0.01
--------------------------------------------------------------------------------
                         Iteration time: 0.44s
                           Time elapsed: 00:02:23
                                    ETA: 00:01:26

################################################################################
[1m                           Learning iteration 312/500                           [0m 

                            Total steps: 1282048 
                       Steps per second: 9309 
                        Collection time: 0.399s 
                          Learning time: 0.041s 
                        Mean value loss: 0.0000
                    Mean surrogate loss: 0.0145
                      Mean entropy loss: -3.5024
                            Mean reward: 49.66
                    Mean episode length: 1000.00
                        Mean action std: 0.01
--------------------------------------------------------------------------------
                         Iteration time: 0.44s
                           Time elapsed: 00:02:23
                                    ETA: 00:01:25

################################################################################
[1m                           Learning iteration 313/500                           [0m 

                            Total steps: 1286144 
                       Steps per second: 9202 
                        Collection time: 0.403s 
                          Learning time: 0.042s 
                        Mean value loss: 0.0000
                    Mean surrogate loss: 0.0051
                      Mean entropy loss: -3.5041
                            Mean reward: 49.66
                    Mean episode length: 1000.00
                        Mean action std: 0.01
--------------------------------------------------------------------------------
                         Iteration time: 0.45s
                           Time elapsed: 00:02:23
                                    ETA: 00:01:25

################################################################################
[1m                           Learning iteration 314/500                           [0m 

                            Total steps: 1290240 
                       Steps per second: 9373 
                        Collection time: 0.396s 
                          Learning time: 0.041s 
                        Mean value loss: 0.0000
                    Mean surrogate loss: 0.0127
                      Mean entropy loss: -3.4962
                            Mean reward: 49.66
                    Mean episode length: 1000.00
                        Mean action std: 0.01
--------------------------------------------------------------------------------
                         Iteration time: 0.44s
                           Time elapsed: 00:02:24
                                    ETA: 00:01:24

################################################################################
[1m                           Learning iteration 315/500                           [0m 

                            Total steps: 1294336 
                       Steps per second: 9277 
                        Collection time: 0.400s 
                          Learning time: 0.042s 
                        Mean value loss: 0.0000
                    Mean surrogate loss: 0.0467
                      Mean entropy loss: -3.4945
                            Mean reward: 49.66
                    Mean episode length: 1000.00
                        Mean action std: 0.01
--------------------------------------------------------------------------------
                         Iteration time: 0.44s
                           Time elapsed: 00:02:24
                                    ETA: 00:01:24

################################################################################
[1m                           Learning iteration 316/500                           [0m 

                            Total steps: 1298432 
                       Steps per second: 9299 
                        Collection time: 0.399s 
                          Learning time: 0.042s 
                        Mean value loss: 0.0000
                    Mean surrogate loss: 0.0031
                      Mean entropy loss: -3.4960
                            Mean reward: 49.66
                    Mean episode length: 1000.00
                        Mean action std: 0.01
--------------------------------------------------------------------------------
                         Iteration time: 0.44s
                           Time elapsed: 00:02:25
                                    ETA: 00:01:23

################################################################################
[1m                           Learning iteration 317/500                           [0m 

                            Total steps: 1302528 
                       Steps per second: 9311 
                        Collection time: 0.398s 
                          Learning time: 0.041s 
                        Mean value loss: 0.0000
                    Mean surrogate loss: 0.0507
                      Mean entropy loss: -3.4806
                            Mean reward: 49.66
                    Mean episode length: 1000.00
                        Mean action std: 0.01
--------------------------------------------------------------------------------
                         Iteration time: 0.44s
                           Time elapsed: 00:02:25
                                    ETA: 00:01:23

################################################################################
[1m                           Learning iteration 318/500                           [0m 

                            Total steps: 1306624 
                       Steps per second: 9316 
                        Collection time: 0.399s 
                          Learning time: 0.041s 
                        Mean value loss: 0.0000
                    Mean surrogate loss: 0.0049
                      Mean entropy loss: -3.4854
                            Mean reward: 49.66
                    Mean episode length: 1000.00
                        Mean action std: 0.01
--------------------------------------------------------------------------------
                         Iteration time: 0.44s
                           Time elapsed: 00:02:26
                                    ETA: 00:01:22

################################################################################
[1m                           Learning iteration 319/500                           [0m 

                            Total steps: 1310720 
                       Steps per second: 9346 
                        Collection time: 0.398s 
                          Learning time: 0.041s 
                        Mean value loss: 0.0000
                    Mean surrogate loss: 0.0143
                      Mean entropy loss: -3.5123
                            Mean reward: 49.66
                    Mean episode length: 1000.00
                        Mean action std: 0.01
--------------------------------------------------------------------------------
                         Iteration time: 0.44s
                           Time elapsed: 00:02:26
                                    ETA: 00:01:22

################################################################################
[1m                           Learning iteration 320/500                           [0m 

                            Total steps: 1314816 
                       Steps per second: 9352 
                        Collection time: 0.396s 
                          Learning time: 0.042s 
                        Mean value loss: 0.0000
                    Mean surrogate loss: 0.0110
                      Mean entropy loss: -3.5140
                            Mean reward: 49.66
                    Mean episode length: 1000.00
                        Mean action std: 0.01
--------------------------------------------------------------------------------
                         Iteration time: 0.44s
                           Time elapsed: 00:02:27
                                    ETA: 00:01:21

################################################################################
[1m                           Learning iteration 321/500                           [0m 

                            Total steps: 1318912 
                       Steps per second: 9342 
                        Collection time: 0.397s 
                          Learning time: 0.041s 
                        Mean value loss: 0.0000
                    Mean surrogate loss: 0.0039
                      Mean entropy loss: -3.5130
                            Mean reward: 49.66
                    Mean episode length: 1000.00
                        Mean action std: 0.01
--------------------------------------------------------------------------------
                         Iteration time: 0.44s
                           Time elapsed: 00:02:27
                                    ETA: 00:01:21

################################################################################
[1m                           Learning iteration 322/500                           [0m 

                            Total steps: 1323008 
                       Steps per second: 9319 
                        Collection time: 0.398s 
                          Learning time: 0.042s 
                        Mean value loss: 0.0000
                    Mean surrogate loss: 0.0158
                      Mean entropy loss: -3.5262
                            Mean reward: 49.66
                    Mean episode length: 1000.00
                        Mean action std: 0.01
--------------------------------------------------------------------------------
                         Iteration time: 0.44s
                           Time elapsed: 00:02:27
                                    ETA: 00:01:21

################################################################################
[1m                           Learning iteration 323/500                           [0m 

                            Total steps: 1327104 
                       Steps per second: 9394 
                        Collection time: 0.395s 
                          Learning time: 0.041s 
                        Mean value loss: 0.0000
                    Mean surrogate loss: 0.0124
                      Mean entropy loss: -3.5408
                            Mean reward: 49.66
                    Mean episode length: 1000.00
                        Mean action std: 0.01
--------------------------------------------------------------------------------
                         Iteration time: 0.44s
                           Time elapsed: 00:02:28
                                    ETA: 00:01:20

################################################################################
[1m                           Learning iteration 324/500                           [0m 

                            Total steps: 1331200 
                       Steps per second: 9340 
                        Collection time: 0.397s 
                          Learning time: 0.041s 
                        Mean value loss: 0.0000
                    Mean surrogate loss: 0.0217
                      Mean entropy loss: -3.5432
                            Mean reward: 49.66
                    Mean episode length: 1000.00
                        Mean action std: 0.01
--------------------------------------------------------------------------------
                         Iteration time: 0.44s
                           Time elapsed: 00:02:28
                                    ETA: 00:01:20

################################################################################
[1m                           Learning iteration 325/500                           [0m 

                            Total steps: 1335296 
                       Steps per second: 9305 
                        Collection time: 0.399s 
                          Learning time: 0.041s 
                        Mean value loss: 0.0000
                    Mean surrogate loss: 0.0103
                      Mean entropy loss: -3.5590
                            Mean reward: 49.66
                    Mean episode length: 1000.00
                        Mean action std: 0.01
--------------------------------------------------------------------------------
                         Iteration time: 0.44s
                           Time elapsed: 00:02:29
                                    ETA: 00:01:19

################################################################################
[1m                           Learning iteration 326/500                           [0m 

                            Total steps: 1339392 
                       Steps per second: 9362 
                        Collection time: 0.397s 
                          Learning time: 0.041s 
                        Mean value loss: 0.0000
                    Mean surrogate loss: 0.0265
                      Mean entropy loss: -3.5598
                            Mean reward: 49.66
                    Mean episode length: 1000.00
                        Mean action std: 0.01
--------------------------------------------------------------------------------
                         Iteration time: 0.44s
                           Time elapsed: 00:02:29
                                    ETA: 00:01:19

################################################################################
[1m                           Learning iteration 327/500                           [0m 

                            Total steps: 1343488 
                       Steps per second: 9440 
                        Collection time: 0.393s 
                          Learning time: 0.041s 
                        Mean value loss: 0.0000
                    Mean surrogate loss: 0.0358
                      Mean entropy loss: -3.5797
                            Mean reward: 49.66
                    Mean episode length: 1000.00
                        Mean action std: 0.01
--------------------------------------------------------------------------------
                         Iteration time: 0.43s
                           Time elapsed: 00:02:30
                                    ETA: 00:01:18

################################################################################
[1m                           Learning iteration 328/500                           [0m 

                            Total steps: 1347584 
                       Steps per second: 9360 
                        Collection time: 0.397s 
                          Learning time: 0.041s 
                        Mean value loss: 0.0000
                    Mean surrogate loss: 0.0092
                      Mean entropy loss: -3.5852
                            Mean reward: 49.66
                    Mean episode length: 1000.00
                        Mean action std: 0.01
--------------------------------------------------------------------------------
                         Iteration time: 0.44s
                           Time elapsed: 00:02:30
                                    ETA: 00:01:18

################################################################################
[1m                           Learning iteration 329/500                           [0m 

                            Total steps: 1351680 
                       Steps per second: 9367 
                        Collection time: 0.396s 
                          Learning time: 0.042s 
                        Mean value loss: 0.0000
                    Mean surrogate loss: 0.0529
                      Mean entropy loss: -3.5887
                            Mean reward: 49.66
                    Mean episode length: 1000.00
                        Mean action std: 0.01
--------------------------------------------------------------------------------
                         Iteration time: 0.44s
                           Time elapsed: 00:02:30
                                    ETA: 00:01:17

################################################################################
[1m                           Learning iteration 330/500                           [0m 

                            Total steps: 1355776 
                       Steps per second: 9313 
                        Collection time: 0.398s 
                          Learning time: 0.041s 
                        Mean value loss: 0.0000
                    Mean surrogate loss: 0.0072
                      Mean entropy loss: -3.5922
                            Mean reward: 49.66
                    Mean episode length: 1000.00
                        Mean action std: 0.01
--------------------------------------------------------------------------------
                         Iteration time: 0.44s
                           Time elapsed: 00:02:31
                                    ETA: 00:01:17

################################################################################
[1m                           Learning iteration 331/500                           [0m 

                            Total steps: 1359872 
                       Steps per second: 9212 
                        Collection time: 0.402s 
                          Learning time: 0.042s 
                        Mean value loss: 0.0000
                    Mean surrogate loss: 0.0148
                      Mean entropy loss: -3.5940
                            Mean reward: 49.66
                    Mean episode length: 1000.00
                        Mean action std: 0.01
--------------------------------------------------------------------------------
                         Iteration time: 0.44s
                           Time elapsed: 00:02:31
                                    ETA: 00:01:16

################################################################################
[1m                           Learning iteration 332/500                           [0m 

                            Total steps: 1363968 
                       Steps per second: 9344 
                        Collection time: 0.397s 
                          Learning time: 0.041s 
                        Mean value loss: 0.0000
                    Mean surrogate loss: 0.0029
                      Mean entropy loss: -3.5825
                            Mean reward: 49.66
                    Mean episode length: 1000.00
                        Mean action std: 0.01
--------------------------------------------------------------------------------
                         Iteration time: 0.44s
                           Time elapsed: 00:02:32
                                    ETA: 00:01:16

################################################################################
[1m                           Learning iteration 333/500                           [0m 

                            Total steps: 1368064 
                       Steps per second: 9382 
                        Collection time: 0.395s 
                          Learning time: 0.041s 
                        Mean value loss: 0.0000
                    Mean surrogate loss: 0.0903
                      Mean entropy loss: -3.5805
                            Mean reward: 49.66
                    Mean episode length: 1000.00
                        Mean action std: 0.01
--------------------------------------------------------------------------------
                         Iteration time: 0.44s
                           Time elapsed: 00:02:32
                                    ETA: 00:01:15

################################################################################
[1m                           Learning iteration 334/500                           [0m 

                            Total steps: 1372160 
                       Steps per second: 9297 
                        Collection time: 0.399s 
                          Learning time: 0.042s 
                        Mean value loss: 0.0000
                    Mean surrogate loss: 0.0148
                      Mean entropy loss: -3.5821
                            Mean reward: 49.66
                    Mean episode length: 1000.00
                        Mean action std: 0.01
--------------------------------------------------------------------------------
                         Iteration time: 0.44s
                           Time elapsed: 00:02:33
                                    ETA: 00:01:15

################################################################################
[1m                           Learning iteration 335/500                           [0m 

                            Total steps: 1376256 
                       Steps per second: 9352 
                        Collection time: 0.397s 
                          Learning time: 0.041s 
                        Mean value loss: 0.0000
                    Mean surrogate loss: 0.0075
                      Mean entropy loss: -3.6042
                            Mean reward: 49.66
                    Mean episode length: 1000.00
                        Mean action std: 0.01
--------------------------------------------------------------------------------
                         Iteration time: 0.44s
                           Time elapsed: 00:02:33
                                    ETA: 00:01:14

################################################################################
[1m                           Learning iteration 336/500                           [0m 

                            Total steps: 1380352 
                       Steps per second: 9319 
                        Collection time: 0.398s 
                          Learning time: 0.041s 
                        Mean value loss: 0.0000
                    Mean surrogate loss: 0.0345
                      Mean entropy loss: -3.6031
                            Mean reward: 49.66
                    Mean episode length: 1000.00
                        Mean action std: 0.01
--------------------------------------------------------------------------------
                         Iteration time: 0.44s
                           Time elapsed: 00:02:34
                                    ETA: 00:01:14

################################################################################
[1m                           Learning iteration 337/500                           [0m 

                            Total steps: 1384448 
                       Steps per second: 9413 
                        Collection time: 0.394s 
                          Learning time: 0.041s 
                        Mean value loss: 0.0000
                    Mean surrogate loss: 0.0075
                      Mean entropy loss: -3.6164
                            Mean reward: 49.66
                    Mean episode length: 1000.00
                        Mean action std: 0.01
--------------------------------------------------------------------------------
                         Iteration time: 0.44s
                           Time elapsed: 00:02:34
                                    ETA: 00:01:14

################################################################################
[1m                           Learning iteration 338/500                           [0m 

                            Total steps: 1388544 
                       Steps per second: 9373 
                        Collection time: 0.396s 
                          Learning time: 0.041s 
                        Mean value loss: 0.0000
                    Mean surrogate loss: 0.0050
                      Mean entropy loss: -3.6257
                            Mean reward: 49.66
                    Mean episode length: 1000.00
                        Mean action std: 0.01
--------------------------------------------------------------------------------
                         Iteration time: 0.44s
                           Time elapsed: 00:02:34
                                    ETA: 00:01:13

################################################################################
[1m                           Learning iteration 339/500                           [0m 

                            Total steps: 1392640 
                       Steps per second: 9388 
                        Collection time: 0.396s 
                          Learning time: 0.041s 
                        Mean value loss: 0.0000
                    Mean surrogate loss: 0.0249
                      Mean entropy loss: -3.6551
                            Mean reward: 49.66
                    Mean episode length: 1000.00
                        Mean action std: 0.01
--------------------------------------------------------------------------------
                         Iteration time: 0.44s
                           Time elapsed: 00:02:35
                                    ETA: 00:01:13

################################################################################
[1m                           Learning iteration 340/500                           [0m 

                            Total steps: 1396736 
                       Steps per second: 9411 
                        Collection time: 0.395s 
                          Learning time: 0.040s 
                        Mean value loss: 0.0000
                    Mean surrogate loss: 0.0134
                      Mean entropy loss: -3.6628
                            Mean reward: 49.66
                    Mean episode length: 1000.00
                        Mean action std: 0.01
--------------------------------------------------------------------------------
                         Iteration time: 0.44s
                           Time elapsed: 00:02:35
                                    ETA: 00:01:12

################################################################################
[1m                           Learning iteration 341/500                           [0m 

                            Total steps: 1400832 
                       Steps per second: 9378 
                        Collection time: 0.395s 
                          Learning time: 0.042s 
                        Mean value loss: 0.0000
                    Mean surrogate loss: 0.0185
                      Mean entropy loss: -3.6626
                            Mean reward: 49.66
                    Mean episode length: 1000.00
                        Mean action std: 0.01
--------------------------------------------------------------------------------
                         Iteration time: 0.44s
                           Time elapsed: 00:02:36
                                    ETA: 00:01:12

################################################################################
[1m                           Learning iteration 342/500                           [0m 

                            Total steps: 1404928 
                       Steps per second: 9391 
                        Collection time: 0.395s 
                          Learning time: 0.041s 
                        Mean value loss: 0.0000
                    Mean surrogate loss: 0.0097
                      Mean entropy loss: -3.6663
                            Mean reward: 49.66
                    Mean episode length: 1000.00
                        Mean action std: 0.01
--------------------------------------------------------------------------------
                         Iteration time: 0.44s
                           Time elapsed: 00:02:36
                                    ETA: 00:01:11

################################################################################
[1m                           Learning iteration 343/500                           [0m 

                            Total steps: 1409024 
                       Steps per second: 9227 
                        Collection time: 0.402s 
                          Learning time: 0.042s 
                        Mean value loss: 0.0000
                    Mean surrogate loss: 0.0099
                      Mean entropy loss: -3.7106
                            Mean reward: 49.73
                    Mean episode length: 1000.00
                        Mean action std: 0.01
--------------------------------------------------------------------------------
                         Iteration time: 0.44s
                           Time elapsed: 00:02:37
                                    ETA: 00:01:11

################################################################################
[1m                           Learning iteration 344/500                           [0m 

                            Total steps: 1413120 
                       Steps per second: 9373 
                        Collection time: 0.395s 
                          Learning time: 0.041s 
                        Mean value loss: 0.0000
                    Mean surrogate loss: 0.0167
                      Mean entropy loss: -3.7197
                            Mean reward: 49.73
                    Mean episode length: 1000.00
                        Mean action std: 0.01
--------------------------------------------------------------------------------
                         Iteration time: 0.44s
                           Time elapsed: 00:02:37
                                    ETA: 00:01:10

################################################################################
[1m                           Learning iteration 345/500                           [0m 

                            Total steps: 1417216 
                       Steps per second: 9364 
                        Collection time: 0.396s 
                          Learning time: 0.041s 
                        Mean value loss: 0.0000
                    Mean surrogate loss: 0.0144
                      Mean entropy loss: -3.7234
                            Mean reward: 49.73
                    Mean episode length: 1000.00
                        Mean action std: 0.01
--------------------------------------------------------------------------------
                         Iteration time: 0.44s
                           Time elapsed: 00:02:37
                                    ETA: 00:01:10

################################################################################
[1m                           Learning iteration 346/500                           [0m 

                            Total steps: 1421312 
                       Steps per second: 9438 
                        Collection time: 0.394s 
                          Learning time: 0.040s 
                        Mean value loss: 0.0000
                    Mean surrogate loss: 0.0204
                      Mean entropy loss: -3.7123
                            Mean reward: 49.73
                    Mean episode length: 1000.00
                        Mean action std: 0.01
--------------------------------------------------------------------------------
                         Iteration time: 0.43s
                           Time elapsed: 00:02:38
                                    ETA: 00:01:09

################################################################################
[1m                           Learning iteration 347/500                           [0m 

                            Total steps: 1425408 
                       Steps per second: 9416 
                        Collection time: 0.394s 
                          Learning time: 0.041s 
                        Mean value loss: 0.0000
                    Mean surrogate loss: 0.0066
                      Mean entropy loss: -3.6955
                            Mean reward: 49.73
                    Mean episode length: 1000.00
                        Mean action std: 0.01
--------------------------------------------------------------------------------
                         Iteration time: 0.43s
                           Time elapsed: 00:02:38
                                    ETA: 00:01:09

################################################################################
[1m                           Learning iteration 348/500                           [0m 

                            Total steps: 1429504 
                       Steps per second: 9358 
                        Collection time: 0.397s 
                          Learning time: 0.040s 
                        Mean value loss: 0.0000
                    Mean surrogate loss: 0.0150
                      Mean entropy loss: -3.7050
                            Mean reward: 49.73
                    Mean episode length: 1000.00
                        Mean action std: 0.01
--------------------------------------------------------------------------------
                         Iteration time: 0.44s
                           Time elapsed: 00:02:39
                                    ETA: 00:01:08

################################################################################
[1m                           Learning iteration 349/500                           [0m 

                            Total steps: 1433600 
                       Steps per second: 9390 
                        Collection time: 0.395s 
                          Learning time: 0.041s 
                        Mean value loss: 0.0000
                    Mean surrogate loss: 0.0044
                      Mean entropy loss: -3.7082
                            Mean reward: 49.73
                    Mean episode length: 1000.00
                        Mean action std: 0.01
--------------------------------------------------------------------------------
                         Iteration time: 0.44s
                           Time elapsed: 00:02:39
                                    ETA: 00:01:08

################################################################################
[1m                           Learning iteration 350/500                           [0m 

                            Total steps: 1437696 
                       Steps per second: 9401 
                        Collection time: 0.395s 
                          Learning time: 0.041s 
                        Mean value loss: 0.0000
                    Mean surrogate loss: 0.0195
                      Mean entropy loss: -3.7428
                            Mean reward: 49.73
                    Mean episode length: 1000.00
                        Mean action std: 0.01
--------------------------------------------------------------------------------
                         Iteration time: 0.44s
                           Time elapsed: 00:02:40
                                    ETA: 00:01:07

################################################################################
[1m                           Learning iteration 351/500                           [0m 

                            Total steps: 1441792 
                       Steps per second: 9392 
                        Collection time: 0.396s 
                          Learning time: 0.040s 
                        Mean value loss: 0.0000
                    Mean surrogate loss: 0.0121
                      Mean entropy loss: -3.7738
                            Mean reward: 49.73
                    Mean episode length: 1000.00
                        Mean action std: 0.01
--------------------------------------------------------------------------------
                         Iteration time: 0.44s
                           Time elapsed: 00:02:40
                                    ETA: 00:01:07

################################################################################
[1m                           Learning iteration 352/500                           [0m 

                            Total steps: 1445888 
                       Steps per second: 9368 
                        Collection time: 0.396s 
                          Learning time: 0.041s 
                        Mean value loss: 0.0000
                    Mean surrogate loss: 0.0059
                      Mean entropy loss: -3.8034
                            Mean reward: 49.73
                    Mean episode length: 1000.00
                        Mean action std: 0.01
--------------------------------------------------------------------------------
                         Iteration time: 0.44s
                           Time elapsed: 00:02:41
                                    ETA: 00:01:07

################################################################################
[1m                           Learning iteration 353/500                           [0m 

                            Total steps: 1449984 
                       Steps per second: 9331 
                        Collection time: 0.397s 
                          Learning time: 0.042s 
                        Mean value loss: 0.0000
                    Mean surrogate loss: 0.0163
                      Mean entropy loss: -3.8316
                            Mean reward: 49.73
                    Mean episode length: 1000.00
                        Mean action std: 0.01
--------------------------------------------------------------------------------
                         Iteration time: 0.44s
                           Time elapsed: 00:02:41
                                    ETA: 00:01:06

################################################################################
[1m                           Learning iteration 354/500                           [0m 

                            Total steps: 1454080 
                       Steps per second: 9364 
                        Collection time: 0.396s 
                          Learning time: 0.042s 
                        Mean value loss: 0.0000
                    Mean surrogate loss: 0.0034
                      Mean entropy loss: -3.8389
                            Mean reward: 49.73
                    Mean episode length: 1000.00
                        Mean action std: 0.01
--------------------------------------------------------------------------------
                         Iteration time: 0.44s
                           Time elapsed: 00:02:41
                                    ETA: 00:01:06

################################################################################
[1m                           Learning iteration 355/500                           [0m 

                            Total steps: 1458176 
                       Steps per second: 9307 
                        Collection time: 0.398s 
                          Learning time: 0.042s 
                        Mean value loss: 0.0000
                    Mean surrogate loss: 0.0077
                      Mean entropy loss: -3.8751
                            Mean reward: 49.73
                    Mean episode length: 1000.00
                        Mean action std: 0.00
--------------------------------------------------------------------------------
                         Iteration time: 0.44s
                           Time elapsed: 00:02:42
                                    ETA: 00:01:05

################################################################################
[1m                           Learning iteration 356/500                           [0m 

                            Total steps: 1462272 
                       Steps per second: 9365 
                        Collection time: 0.397s 
                          Learning time: 0.040s 
                        Mean value loss: 0.0000
                    Mean surrogate loss: 0.0678
                      Mean entropy loss: -3.8775
                            Mean reward: 49.73
                    Mean episode length: 1000.00
                        Mean action std: 0.01
--------------------------------------------------------------------------------
                         Iteration time: 0.44s
                           Time elapsed: 00:02:42
                                    ETA: 00:01:05

################################################################################
[1m                           Learning iteration 357/500                           [0m 

                            Total steps: 1466368 
                       Steps per second: 9369 
                        Collection time: 0.395s 
                          Learning time: 0.042s 
                        Mean value loss: 0.0000
                    Mean surrogate loss: 0.0113
                      Mean entropy loss: -3.8714
                            Mean reward: 49.73
                    Mean episode length: 1000.00
                        Mean action std: 0.01
--------------------------------------------------------------------------------
                         Iteration time: 0.44s
                           Time elapsed: 00:02:43
                                    ETA: 00:01:04

################################################################################
[1m                           Learning iteration 358/500                           [0m 

                            Total steps: 1470464 
                       Steps per second: 9369 
                        Collection time: 0.396s 
                          Learning time: 0.041s 
                        Mean value loss: 0.0000
                    Mean surrogate loss: 0.0298
                      Mean entropy loss: -3.8647
                            Mean reward: 49.73
                    Mean episode length: 1000.00
                        Mean action std: 0.01
--------------------------------------------------------------------------------
                         Iteration time: 0.44s
                           Time elapsed: 00:02:43
                                    ETA: 00:01:04

################################################################################
[1m                           Learning iteration 359/500                           [0m 

                            Total steps: 1474560 
                       Steps per second: 9381 
                        Collection time: 0.396s 
                          Learning time: 0.041s 
                        Mean value loss: 0.0000
                    Mean surrogate loss: 0.0115
                      Mean entropy loss: -3.8604
                            Mean reward: 49.73
                    Mean episode length: 1000.00
                        Mean action std: 0.01
--------------------------------------------------------------------------------
                         Iteration time: 0.44s
                           Time elapsed: 00:02:44
                                    ETA: 00:01:03

################################################################################
[1m                           Learning iteration 360/500                           [0m 

                            Total steps: 1478656 
                       Steps per second: 9382 
                        Collection time: 0.396s 
                          Learning time: 0.040s 
                        Mean value loss: 0.0000
                    Mean surrogate loss: 0.0059
                      Mean entropy loss: -3.8569
                            Mean reward: 49.73
                    Mean episode length: 1000.00
                        Mean action std: 0.01
--------------------------------------------------------------------------------
                         Iteration time: 0.44s
                           Time elapsed: 00:02:44
                                    ETA: 00:01:03

################################################################################
[1m                           Learning iteration 361/500                           [0m 

                            Total steps: 1482752 
                       Steps per second: 9309 
                        Collection time: 0.399s 
                          Learning time: 0.041s 
                        Mean value loss: 0.0000
                    Mean surrogate loss: 0.0162
                      Mean entropy loss: -3.8463
                            Mean reward: 49.73
                    Mean episode length: 1000.00
                        Mean action std: 0.01
--------------------------------------------------------------------------------
                         Iteration time: 0.44s
                           Time elapsed: 00:02:44
                                    ETA: 00:01:02

################################################################################
[1m                           Learning iteration 362/500                           [0m 

                            Total steps: 1486848 
                       Steps per second: 9419 
                        Collection time: 0.393s 
                          Learning time: 0.042s 
                        Mean value loss: 0.0000
                    Mean surrogate loss: 0.0219
                      Mean entropy loss: -3.8195
                            Mean reward: 49.73
                    Mean episode length: 1000.00
                        Mean action std: 0.01
--------------------------------------------------------------------------------
                         Iteration time: 0.43s
                           Time elapsed: 00:02:45
                                    ETA: 00:01:02

################################################################################
[1m                           Learning iteration 363/500                           [0m 

                            Total steps: 1490944 
                       Steps per second: 9376 
                        Collection time: 0.395s 
                          Learning time: 0.042s 
                        Mean value loss: 0.0000
                    Mean surrogate loss: 0.0223
                      Mean entropy loss: -3.7964
                            Mean reward: 49.73
                    Mean episode length: 1000.00
                        Mean action std: 0.01
--------------------------------------------------------------------------------
                         Iteration time: 0.44s
                           Time elapsed: 00:02:45
                                    ETA: 00:01:01

################################################################################
[1m                           Learning iteration 364/500                           [0m 

                            Total steps: 1495040 
                       Steps per second: 9387 
                        Collection time: 0.396s 
                          Learning time: 0.040s 
                        Mean value loss: 0.0000
                    Mean surrogate loss: 0.0165
                      Mean entropy loss: -3.7641
                            Mean reward: 49.73
                    Mean episode length: 1000.00
                        Mean action std: 0.01
--------------------------------------------------------------------------------
                         Iteration time: 0.44s
                           Time elapsed: 00:02:46
                                    ETA: 00:01:01

################################################################################
[1m                           Learning iteration 365/500                           [0m 

                            Total steps: 1499136 
                       Steps per second: 9342 
                        Collection time: 0.397s 
                          Learning time: 0.042s 
                        Mean value loss: 0.0000
                    Mean surrogate loss: 0.0062
                      Mean entropy loss: -3.7548
                            Mean reward: 49.73
                    Mean episode length: 1000.00
                        Mean action std: 0.01
--------------------------------------------------------------------------------
                         Iteration time: 0.44s
                           Time elapsed: 00:02:46
                                    ETA: 00:01:01

################################################################################
[1m                           Learning iteration 366/500                           [0m 

                            Total steps: 1503232 
                       Steps per second: 9421 
                        Collection time: 0.393s 
                          Learning time: 0.042s 
                        Mean value loss: 0.0000
                    Mean surrogate loss: 0.0202
                      Mean entropy loss: -3.7563
                            Mean reward: 49.73
                    Mean episode length: 1000.00
                        Mean action std: 0.01
--------------------------------------------------------------------------------
                         Iteration time: 0.43s
                           Time elapsed: 00:02:47
                                    ETA: 00:01:00

################################################################################
[1m                           Learning iteration 367/500                           [0m 

                            Total steps: 1507328 
                       Steps per second: 9392 
                        Collection time: 0.394s 
                          Learning time: 0.042s 
                        Mean value loss: 0.0000
                    Mean surrogate loss: 0.0065
                      Mean entropy loss: -3.7598
                            Mean reward: 49.73
                    Mean episode length: 1000.00
                        Mean action std: 0.01
--------------------------------------------------------------------------------
                         Iteration time: 0.44s
                           Time elapsed: 00:02:47
                                    ETA: 00:01:00

################################################################################
[1m                           Learning iteration 368/500                           [0m 

                            Total steps: 1511424 
                       Steps per second: 9374 
                        Collection time: 0.397s 
                          Learning time: 0.040s 
                        Mean value loss: 0.0000
                    Mean surrogate loss: 0.0117
                      Mean entropy loss: -3.7493
                            Mean reward: 49.73
                    Mean episode length: 1000.00
                        Mean action std: 0.01
--------------------------------------------------------------------------------
                         Iteration time: 0.44s
                           Time elapsed: 00:02:48
                                    ETA: 00:00:59

################################################################################
[1m                           Learning iteration 369/500                           [0m 

                            Total steps: 1515520 
                       Steps per second: 9399 
                        Collection time: 0.396s 
                          Learning time: 0.040s 
                        Mean value loss: 0.0000
                    Mean surrogate loss: 0.0238
                      Mean entropy loss: -3.7449
                            Mean reward: 49.73
                    Mean episode length: 1000.00
                        Mean action std: 0.01
--------------------------------------------------------------------------------
                         Iteration time: 0.44s
                           Time elapsed: 00:02:48
                                    ETA: 00:00:59

################################################################################
[1m                           Learning iteration 370/500                           [0m 

                            Total steps: 1519616 
                       Steps per second: 9409 
                        Collection time: 0.395s 
                          Learning time: 0.041s 
                        Mean value loss: 0.0000
                    Mean surrogate loss: 0.0103
                      Mean entropy loss: -3.7533
                            Mean reward: 49.73
                    Mean episode length: 1000.00
                        Mean action std: 0.01
--------------------------------------------------------------------------------
                         Iteration time: 0.44s
                           Time elapsed: 00:02:48
                                    ETA: 00:00:58

################################################################################
[1m                           Learning iteration 371/500                           [0m 

                            Total steps: 1523712 
                       Steps per second: 9425 
                        Collection time: 0.394s 
                          Learning time: 0.041s 
                        Mean value loss: 0.0000
                    Mean surrogate loss: 0.0079
                      Mean entropy loss: -3.7520
                            Mean reward: 49.73
                    Mean episode length: 1000.00
                        Mean action std: 0.01
--------------------------------------------------------------------------------
                         Iteration time: 0.43s
                           Time elapsed: 00:02:49
                                    ETA: 00:00:58

################################################################################
[1m                           Learning iteration 372/500                           [0m 

                            Total steps: 1527808 
                       Steps per second: 9323 
                        Collection time: 0.397s 
                          Learning time: 0.043s 
                        Mean value loss: 0.0000
                    Mean surrogate loss: 0.0087
                      Mean entropy loss: -3.7359
                            Mean reward: 49.73
                    Mean episode length: 1000.00
                        Mean action std: 0.01
--------------------------------------------------------------------------------
                         Iteration time: 0.44s
                           Time elapsed: 00:02:49
                                    ETA: 00:00:57

################################################################################
[1m                           Learning iteration 373/500                           [0m 

                            Total steps: 1531904 
                       Steps per second: 9480 
                        Collection time: 0.392s 
                          Learning time: 0.040s 
                        Mean value loss: 0.0000
                    Mean surrogate loss: 0.0161
                      Mean entropy loss: -3.7482
                            Mean reward: 49.73
                    Mean episode length: 1000.00
                        Mean action std: 0.01
--------------------------------------------------------------------------------
                         Iteration time: 0.43s
                           Time elapsed: 00:02:50
                                    ETA: 00:00:57

################################################################################
[1m                           Learning iteration 374/500                           [0m 

                            Total steps: 1536000 
                       Steps per second: 9262 
                        Collection time: 0.401s 
                          Learning time: 0.041s 
                        Mean value loss: 0.0000
                    Mean surrogate loss: 0.0191
                      Mean entropy loss: -3.7570
                            Mean reward: 49.67
                    Mean episode length: 1000.00
                        Mean action std: 0.01
--------------------------------------------------------------------------------
                         Iteration time: 0.44s
                           Time elapsed: 00:02:50
                                    ETA: 00:00:56

################################################################################
[1m                           Learning iteration 375/500                           [0m 

                            Total steps: 1540096 
                       Steps per second: 9313 
                        Collection time: 0.399s 
                          Learning time: 0.041s 
                        Mean value loss: 0.0000
                    Mean surrogate loss: 0.0222
                      Mean entropy loss: -3.7292
                            Mean reward: 49.67
                    Mean episode length: 1000.00
                        Mean action std: 0.01
--------------------------------------------------------------------------------
                         Iteration time: 0.44s
                           Time elapsed: 00:02:51
                                    ETA: 00:00:56

################################################################################
[1m                           Learning iteration 376/500                           [0m 

                            Total steps: 1544192 
                       Steps per second: 9360 
                        Collection time: 0.397s 
                          Learning time: 0.041s 
                        Mean value loss: 0.0000
                    Mean surrogate loss: 0.0064
                      Mean entropy loss: -3.7439
                            Mean reward: 49.67
                    Mean episode length: 1000.00
                        Mean action std: 0.01
--------------------------------------------------------------------------------
                         Iteration time: 0.44s
                           Time elapsed: 00:02:51
                                    ETA: 00:00:55

################################################################################
[1m                           Learning iteration 377/500                           [0m 

                            Total steps: 1548288 
                       Steps per second: 9343 
                        Collection time: 0.397s 
                          Learning time: 0.041s 
                        Mean value loss: 0.0000
                    Mean surrogate loss: 0.0115
                      Mean entropy loss: -3.7329
                            Mean reward: 49.67
                    Mean episode length: 1000.00
                        Mean action std: 0.01
--------------------------------------------------------------------------------
                         Iteration time: 0.44s
                           Time elapsed: 00:02:51
                                    ETA: 00:00:55

################################################################################
[1m                           Learning iteration 378/500                           [0m 

                            Total steps: 1552384 
                       Steps per second: 9389 
                        Collection time: 0.395s 
                          Learning time: 0.042s 
                        Mean value loss: 0.0000
                    Mean surrogate loss: 0.0150
                      Mean entropy loss: -3.7402
                            Mean reward: 49.67
                    Mean episode length: 1000.00
                        Mean action std: 0.01
--------------------------------------------------------------------------------
                         Iteration time: 0.44s
                           Time elapsed: 00:02:52
                                    ETA: 00:00:55

################################################################################
[1m                           Learning iteration 379/500                           [0m 

                            Total steps: 1556480 
                       Steps per second: 9251 
                        Collection time: 0.399s 
                          Learning time: 0.044s 
                        Mean value loss: 0.0000
                    Mean surrogate loss: 0.0096
                      Mean entropy loss: -3.7438
                            Mean reward: 49.67
                    Mean episode length: 1000.00
                        Mean action std: 0.01
--------------------------------------------------------------------------------
                         Iteration time: 0.44s
                           Time elapsed: 00:02:52
                                    ETA: 00:00:54

################################################################################
[1m                           Learning iteration 380/500                           [0m 

                            Total steps: 1560576 
                       Steps per second: 9402 
                        Collection time: 0.395s 
                          Learning time: 0.040s 
                        Mean value loss: 0.0000
                    Mean surrogate loss: 0.0074
                      Mean entropy loss: -3.7387
                            Mean reward: 49.67
                    Mean episode length: 1000.00
                        Mean action std: 0.01
--------------------------------------------------------------------------------
                         Iteration time: 0.44s
                           Time elapsed: 00:02:53
                                    ETA: 00:00:54

################################################################################
[1m                           Learning iteration 381/500                           [0m 

                            Total steps: 1564672 
                       Steps per second: 9275 
                        Collection time: 0.399s 
                          Learning time: 0.043s 
                        Mean value loss: 0.0000
                    Mean surrogate loss: 0.0223
                      Mean entropy loss: -3.7550
                            Mean reward: 49.67
                    Mean episode length: 1000.00
                        Mean action std: 0.01
--------------------------------------------------------------------------------
                         Iteration time: 0.44s
                           Time elapsed: 00:02:53
                                    ETA: 00:00:53

################################################################################
[1m                           Learning iteration 382/500                           [0m 

                            Total steps: 1568768 
                       Steps per second: 9463 
                        Collection time: 0.392s 
                          Learning time: 0.041s 
                        Mean value loss: 0.0000
                    Mean surrogate loss: 0.0049
                      Mean entropy loss: -3.7709
                            Mean reward: 49.67
                    Mean episode length: 1000.00
                        Mean action std: 0.01
--------------------------------------------------------------------------------
                         Iteration time: 0.43s
                           Time elapsed: 00:02:54
                                    ETA: 00:00:53

################################################################################
[1m                           Learning iteration 383/500                           [0m 

                            Total steps: 1572864 
                       Steps per second: 9329 
                        Collection time: 0.398s 
                          Learning time: 0.041s 
                        Mean value loss: 0.0000
                    Mean surrogate loss: 0.0219
                      Mean entropy loss: -3.7927
                            Mean reward: 49.67
                    Mean episode length: 1000.00
                        Mean action std: 0.01
--------------------------------------------------------------------------------
                         Iteration time: 0.44s
                           Time elapsed: 00:02:54
                                    ETA: 00:00:52

################################################################################
[1m                           Learning iteration 384/500                           [0m 

                            Total steps: 1576960 
                       Steps per second: 9363 
                        Collection time: 0.397s 
                          Learning time: 0.040s 
                        Mean value loss: 0.0000
                    Mean surrogate loss: 0.0168
                      Mean entropy loss: -3.7922
                            Mean reward: 49.67
                    Mean episode length: 1000.00
                        Mean action std: 0.01
--------------------------------------------------------------------------------
                         Iteration time: 0.44s
                           Time elapsed: 00:02:55
                                    ETA: 00:00:52

################################################################################
[1m                           Learning iteration 385/500                           [0m 

                            Total steps: 1581056 
                       Steps per second: 9288 
                        Collection time: 0.398s 
                          Learning time: 0.043s 
                        Mean value loss: 0.0000
                    Mean surrogate loss: 0.0101
                      Mean entropy loss: -3.7967
                            Mean reward: 49.67
                    Mean episode length: 1000.00
                        Mean action std: 0.01
--------------------------------------------------------------------------------
                         Iteration time: 0.44s
                           Time elapsed: 00:02:55
                                    ETA: 00:00:51

################################################################################
[1m                           Learning iteration 386/500                           [0m 

                            Total steps: 1585152 
                       Steps per second: 9222 
                        Collection time: 0.398s 
                          Learning time: 0.046s 
                        Mean value loss: 0.0000
                    Mean surrogate loss: 0.0343
                      Mean entropy loss: -3.8132
                            Mean reward: 49.67
                    Mean episode length: 1000.00
                        Mean action std: 0.01
--------------------------------------------------------------------------------
                         Iteration time: 0.44s
                           Time elapsed: 00:02:55
                                    ETA: 00:00:51

################################################################################
[1m                           Learning iteration 387/500                           [0m 

                            Total steps: 1589248 
                       Steps per second: 9353 
                        Collection time: 0.396s 
                          Learning time: 0.042s 
                        Mean value loss: 0.0000
                    Mean surrogate loss: 0.0060
                      Mean entropy loss: -3.8224
                            Mean reward: 49.67
                    Mean episode length: 1000.00
                        Mean action std: 0.01
--------------------------------------------------------------------------------
                         Iteration time: 0.44s
                           Time elapsed: 00:02:56
                                    ETA: 00:00:50

################################################################################
[1m                           Learning iteration 388/500                           [0m 

                            Total steps: 1593344 
                       Steps per second: 9356 
                        Collection time: 0.397s 
                          Learning time: 0.041s 
                        Mean value loss: 0.0000
                    Mean surrogate loss: 0.0079
                      Mean entropy loss: -3.8239
                            Mean reward: 49.67
                    Mean episode length: 1000.00
                        Mean action std: 0.01
--------------------------------------------------------------------------------
                         Iteration time: 0.44s
                           Time elapsed: 00:02:56
                                    ETA: 00:00:50

################################################################################
[1m                           Learning iteration 389/500                           [0m 

                            Total steps: 1597440 
                       Steps per second: 9421 
                        Collection time: 0.394s 
                          Learning time: 0.041s 
                        Mean value loss: 0.0000
                    Mean surrogate loss: 0.0368
                      Mean entropy loss: -3.8270
                            Mean reward: 49.67
                    Mean episode length: 1000.00
                        Mean action std: 0.01
--------------------------------------------------------------------------------
                         Iteration time: 0.43s
                           Time elapsed: 00:02:57
                                    ETA: 00:00:49

################################################################################
[1m                           Learning iteration 390/500                           [0m 

                            Total steps: 1601536 
                       Steps per second: 9389 
                        Collection time: 0.396s 
                          Learning time: 0.040s 
                        Mean value loss: 0.0000
                    Mean surrogate loss: 0.0053
                      Mean entropy loss: -3.8217
                            Mean reward: 49.67
                    Mean episode length: 1000.00
                        Mean action std: 0.01
--------------------------------------------------------------------------------
                         Iteration time: 0.44s
                           Time elapsed: 00:02:57
                                    ETA: 00:00:49

################################################################################
[1m                           Learning iteration 391/500                           [0m 

                            Total steps: 1605632 
                       Steps per second: 9400 
                        Collection time: 0.395s 
                          Learning time: 0.041s 
                        Mean value loss: 0.0000
                    Mean surrogate loss: 0.0158
                      Mean entropy loss: -3.8396
                            Mean reward: 49.67
                    Mean episode length: 1000.00
                        Mean action std: 0.01
--------------------------------------------------------------------------------
                         Iteration time: 0.44s
                           Time elapsed: 00:02:58
                                    ETA: 00:00:49

################################################################################
[1m                           Learning iteration 392/500                           [0m 

                            Total steps: 1609728 
                       Steps per second: 9338 
                        Collection time: 0.398s 
                          Learning time: 0.041s 
                        Mean value loss: 0.0000
                    Mean surrogate loss: 0.0157
                      Mean entropy loss: -3.8633
                            Mean reward: 49.67
                    Mean episode length: 1000.00
                        Mean action std: 0.01
--------------------------------------------------------------------------------
                         Iteration time: 0.44s
                           Time elapsed: 00:02:58
                                    ETA: 00:00:48

################################################################################
[1m                           Learning iteration 393/500                           [0m 

                            Total steps: 1613824 
                       Steps per second: 9423 
                        Collection time: 0.394s 
                          Learning time: 0.041s 
                        Mean value loss: 0.0000
                    Mean surrogate loss: 0.0597
                      Mean entropy loss: -3.8630
                            Mean reward: 49.67
                    Mean episode length: 1000.00
                        Mean action std: 0.01
--------------------------------------------------------------------------------
                         Iteration time: 0.43s
                           Time elapsed: 00:02:58
                                    ETA: 00:00:48

################################################################################
[1m                           Learning iteration 394/500                           [0m 

                            Total steps: 1617920 
                       Steps per second: 9353 
                        Collection time: 0.396s 
                          Learning time: 0.042s 
                        Mean value loss: 0.0000
                    Mean surrogate loss: 0.0103
                      Mean entropy loss: -3.8501
                            Mean reward: 49.67
                    Mean episode length: 1000.00
                        Mean action std: 0.01
--------------------------------------------------------------------------------
                         Iteration time: 0.44s
                           Time elapsed: 00:02:59
                                    ETA: 00:00:47

################################################################################
[1m                           Learning iteration 395/500                           [0m 

                            Total steps: 1622016 
                       Steps per second: 9328 
                        Collection time: 0.398s 
                          Learning time: 0.041s 
                        Mean value loss: 0.0000
                    Mean surrogate loss: 0.0115
                      Mean entropy loss: -3.8378
                            Mean reward: 49.67
                    Mean episode length: 1000.00
                        Mean action std: 0.01
--------------------------------------------------------------------------------
                         Iteration time: 0.44s
                           Time elapsed: 00:02:59
                                    ETA: 00:00:47

################################################################################
[1m                           Learning iteration 396/500                           [0m 

                            Total steps: 1626112 
                       Steps per second: 9411 
                        Collection time: 0.394s 
                          Learning time: 0.041s 
                        Mean value loss: 0.0000
                    Mean surrogate loss: 0.0063
                      Mean entropy loss: -3.8207
                            Mean reward: 49.67
                    Mean episode length: 1000.00
                        Mean action std: 0.01
--------------------------------------------------------------------------------
                         Iteration time: 0.44s
                           Time elapsed: 00:03:00
                                    ETA: 00:00:46

################################################################################
[1m                           Learning iteration 397/500                           [0m 

                            Total steps: 1630208 
                       Steps per second: 9353 
                        Collection time: 0.397s 
                          Learning time: 0.041s 
                        Mean value loss: 0.0000
                    Mean surrogate loss: 0.0154
                      Mean entropy loss: -3.8527
                            Mean reward: 49.67
                    Mean episode length: 1000.00
                        Mean action std: 0.01
--------------------------------------------------------------------------------
                         Iteration time: 0.44s
                           Time elapsed: 00:03:00
                                    ETA: 00:00:46

################################################################################
[1m                           Learning iteration 398/500                           [0m 

                            Total steps: 1634304 
                       Steps per second: 9407 
                        Collection time: 0.394s 
                          Learning time: 0.042s 
                        Mean value loss: 0.0000
                    Mean surrogate loss: 0.0141
                      Mean entropy loss: -3.8765
                            Mean reward: 49.67
                    Mean episode length: 1000.00
                        Mean action std: 0.00
--------------------------------------------------------------------------------
                         Iteration time: 0.44s
                           Time elapsed: 00:03:01
                                    ETA: 00:00:45

################################################################################
[1m                           Learning iteration 399/500                           [0m 

                            Total steps: 1638400 
                       Steps per second: 9342 
                        Collection time: 0.397s 
                          Learning time: 0.042s 
                        Mean value loss: 0.0000
                    Mean surrogate loss: 0.0288
                      Mean entropy loss: -3.8867
                            Mean reward: 49.67
                    Mean episode length: 1000.00
                        Mean action std: 0.00
--------------------------------------------------------------------------------
                         Iteration time: 0.44s
                           Time elapsed: 00:03:01
                                    ETA: 00:00:45

################################################################################
[1m                           Learning iteration 400/500                           [0m 

                            Total steps: 1642496 
                       Steps per second: 9331 
                        Collection time: 0.398s 
                          Learning time: 0.041s 
                        Mean value loss: 0.0000
                    Mean surrogate loss: 0.0117
                      Mean entropy loss: -3.8977
                            Mean reward: 49.67
                    Mean episode length: 1000.00
                        Mean action std: 0.00
--------------------------------------------------------------------------------
                         Iteration time: 0.44s
                           Time elapsed: 00:03:02
                                    ETA: 00:00:44

################################################################################
[1m                           Learning iteration 401/500                           [0m 

                            Total steps: 1646592 
                       Steps per second: 9182 
                        Collection time: 0.401s 
                          Learning time: 0.045s 
                        Mean value loss: 0.0000
                    Mean surrogate loss: 0.0161
                      Mean entropy loss: -3.8733
                            Mean reward: 49.67
                    Mean episode length: 1000.00
                        Mean action std: 0.01
--------------------------------------------------------------------------------
                         Iteration time: 0.45s
                           Time elapsed: 00:03:02
                                    ETA: 00:00:44

################################################################################
[1m                           Learning iteration 402/500                           [0m 

                            Total steps: 1650688 
                       Steps per second: 9334 
                        Collection time: 0.397s 
                          Learning time: 0.042s 
                        Mean value loss: 0.0000
                    Mean surrogate loss: 0.0064
                      Mean entropy loss: -3.8641
                            Mean reward: 49.67
                    Mean episode length: 1000.00
                        Mean action std: 0.01
--------------------------------------------------------------------------------
                         Iteration time: 0.44s
                           Time elapsed: 00:03:02
                                    ETA: 00:00:44

################################################################################
[1m                           Learning iteration 403/500                           [0m 

                            Total steps: 1654784 
                       Steps per second: 9357 
                        Collection time: 0.397s 
                          Learning time: 0.041s 
                        Mean value loss: 0.0000
                    Mean surrogate loss: 0.0210
                      Mean entropy loss: -3.8846
                            Mean reward: 49.67
                    Mean episode length: 1000.00
                        Mean action std: 0.01
--------------------------------------------------------------------------------
                         Iteration time: 0.44s
                           Time elapsed: 00:03:03
                                    ETA: 00:00:43

################################################################################
[1m                           Learning iteration 404/500                           [0m 

                            Total steps: 1658880 
                       Steps per second: 9361 
                        Collection time: 0.397s 
                          Learning time: 0.041s 
                        Mean value loss: 0.0000
                    Mean surrogate loss: 0.0138
                      Mean entropy loss: -3.8719
                            Mean reward: 49.67
                    Mean episode length: 1000.00
                        Mean action std: 0.01
--------------------------------------------------------------------------------
                         Iteration time: 0.44s
                           Time elapsed: 00:03:03
                                    ETA: 00:00:43

################################################################################
[1m                           Learning iteration 405/500                           [0m 

                            Total steps: 1662976 
                       Steps per second: 9321 
                        Collection time: 0.398s 
                          Learning time: 0.041s 
                        Mean value loss: 0.0000
                    Mean surrogate loss: 0.0060
                      Mean entropy loss: -3.8729
                            Mean reward: 49.67
                    Mean episode length: 1000.00
                        Mean action std: 0.00
--------------------------------------------------------------------------------
                         Iteration time: 0.44s
                           Time elapsed: 00:03:04
                                    ETA: 00:00:42

################################################################################
[1m                           Learning iteration 406/500                           [0m 

                            Total steps: 1667072 
                       Steps per second: 9169 
                        Collection time: 0.405s 
                          Learning time: 0.041s 
                        Mean value loss: 0.0000
                    Mean surrogate loss: 0.0081
                      Mean entropy loss: -3.9028
                            Mean reward: 49.70
                    Mean episode length: 1000.00
                        Mean action std: 0.00
--------------------------------------------------------------------------------
                         Iteration time: 0.45s
                           Time elapsed: 00:03:04
                                    ETA: 00:00:42

################################################################################
[1m                           Learning iteration 407/500                           [0m 

                            Total steps: 1671168 
                       Steps per second: 9409 
                        Collection time: 0.393s 
                          Learning time: 0.042s 
                        Mean value loss: 0.0000
                    Mean surrogate loss: 0.0028
                      Mean entropy loss: -3.8800
                            Mean reward: 49.70
                    Mean episode length: 1000.00
                        Mean action std: 0.00
--------------------------------------------------------------------------------
                         Iteration time: 0.44s
                           Time elapsed: 00:03:05
                                    ETA: 00:00:41

################################################################################
[1m                           Learning iteration 408/500                           [0m 

                            Total steps: 1675264 
                       Steps per second: 9347 
                        Collection time: 0.397s 
                          Learning time: 0.041s 
                        Mean value loss: 0.0000
                    Mean surrogate loss: 0.0446
                      Mean entropy loss: -3.9506
                            Mean reward: 49.70
                    Mean episode length: 1000.00
                        Mean action std: 0.00
--------------------------------------------------------------------------------
                         Iteration time: 0.44s
                           Time elapsed: 00:03:05
                                    ETA: 00:00:41

################################################################################
[1m                           Learning iteration 409/500                           [0m 

                            Total steps: 1679360 
                       Steps per second: 9405 
                        Collection time: 0.395s 
                          Learning time: 0.041s 
                        Mean value loss: 0.0000
                    Mean surrogate loss: 0.0059
                      Mean entropy loss: -3.9564
                            Mean reward: 49.70
                    Mean episode length: 1000.00
                        Mean action std: 0.00
--------------------------------------------------------------------------------
                         Iteration time: 0.44s
                           Time elapsed: 00:03:05
                                    ETA: 00:00:40

################################################################################
[1m                           Learning iteration 410/500                           [0m 

                            Total steps: 1683456 
                       Steps per second: 9414 
                        Collection time: 0.394s 
                          Learning time: 0.041s 
                        Mean value loss: 0.0000
                    Mean surrogate loss: 0.0124
                      Mean entropy loss: -3.9658
                            Mean reward: 49.70
                    Mean episode length: 1000.00
                        Mean action std: 0.00
--------------------------------------------------------------------------------
                         Iteration time: 0.44s
                           Time elapsed: 00:03:06
                                    ETA: 00:00:40

################################################################################
[1m                           Learning iteration 411/500                           [0m 

                            Total steps: 1687552 
                       Steps per second: 9414 
                        Collection time: 0.394s 
                          Learning time: 0.041s 
                        Mean value loss: 0.0000
                    Mean surrogate loss: 0.0154
                      Mean entropy loss: -3.9543
                            Mean reward: 49.70
                    Mean episode length: 1000.00
                        Mean action std: 0.00
--------------------------------------------------------------------------------
                         Iteration time: 0.44s
                           Time elapsed: 00:03:06
                                    ETA: 00:00:39

################################################################################
[1m                           Learning iteration 412/500                           [0m 

                            Total steps: 1691648 
                       Steps per second: 9425 
                        Collection time: 0.394s 
                          Learning time: 0.041s 
                        Mean value loss: 0.0000
                    Mean surrogate loss: 0.0172
                      Mean entropy loss: -3.9411
                            Mean reward: 49.70
                    Mean episode length: 1000.00
                        Mean action std: 0.00
--------------------------------------------------------------------------------
                         Iteration time: 0.43s
                           Time elapsed: 00:03:07
                                    ETA: 00:00:39

################################################################################
[1m                           Learning iteration 413/500                           [0m 

                            Total steps: 1695744 
                       Steps per second: 9402 
                        Collection time: 0.394s 
                          Learning time: 0.041s 
                        Mean value loss: 0.0000
                    Mean surrogate loss: 0.0092
                      Mean entropy loss: -3.9355
                            Mean reward: 49.70
                    Mean episode length: 1000.00
                        Mean action std: 0.00
--------------------------------------------------------------------------------
                         Iteration time: 0.44s
                           Time elapsed: 00:03:07
                                    ETA: 00:00:38

################################################################################
[1m                           Learning iteration 414/500                           [0m 

                            Total steps: 1699840 
                       Steps per second: 9348 
                        Collection time: 0.396s 
                          Learning time: 0.042s 
                        Mean value loss: 0.0000
                    Mean surrogate loss: 0.0162
                      Mean entropy loss: -3.9479
                            Mean reward: 49.70
                    Mean episode length: 1000.00
                        Mean action std: 0.00
--------------------------------------------------------------------------------
                         Iteration time: 0.44s
                           Time elapsed: 00:03:08
                                    ETA: 00:00:38

################################################################################
[1m                           Learning iteration 415/500                           [0m 

                            Total steps: 1703936 
                       Steps per second: 9304 
                        Collection time: 0.398s 
                          Learning time: 0.042s 
                        Mean value loss: 0.0000
                    Mean surrogate loss: 0.0097
                      Mean entropy loss: -3.9501
                            Mean reward: 49.70
                    Mean episode length: 1000.00
                        Mean action std: 0.00
--------------------------------------------------------------------------------
                         Iteration time: 0.44s
                           Time elapsed: 00:03:08
                                    ETA: 00:00:38

################################################################################
[1m                           Learning iteration 416/500                           [0m 

                            Total steps: 1708032 
                       Steps per second: 9446 
                        Collection time: 0.393s 
                          Learning time: 0.041s 
                        Mean value loss: 0.0000
                    Mean surrogate loss: 0.0140
                      Mean entropy loss: -3.9529
                            Mean reward: 49.70
                    Mean episode length: 1000.00
                        Mean action std: 0.00
--------------------------------------------------------------------------------
                         Iteration time: 0.43s
                           Time elapsed: 00:03:09
                                    ETA: 00:00:37

################################################################################
[1m                           Learning iteration 417/500                           [0m 

                            Total steps: 1712128 
                       Steps per second: 9424 
                        Collection time: 0.393s 
                          Learning time: 0.041s 
                        Mean value loss: 0.0000
                    Mean surrogate loss: 0.0111
                      Mean entropy loss: -3.9450
                            Mean reward: 49.70
                    Mean episode length: 1000.00
                        Mean action std: 0.00
--------------------------------------------------------------------------------
                         Iteration time: 0.43s
                           Time elapsed: 00:03:09
                                    ETA: 00:00:37

################################################################################
[1m                           Learning iteration 418/500                           [0m 

                            Total steps: 1716224 
                       Steps per second: 9394 
                        Collection time: 0.396s 
                          Learning time: 0.040s 
                        Mean value loss: 0.0000
                    Mean surrogate loss: 0.0285
                      Mean entropy loss: -3.9607
                            Mean reward: 49.70
                    Mean episode length: 1000.00
                        Mean action std: 0.00
--------------------------------------------------------------------------------
                         Iteration time: 0.44s
                           Time elapsed: 00:03:09
                                    ETA: 00:00:36

################################################################################
[1m                           Learning iteration 419/500                           [0m 

                            Total steps: 1720320 
                       Steps per second: 9409 
                        Collection time: 0.395s 
                          Learning time: 0.041s 
                        Mean value loss: 0.0000
                    Mean surrogate loss: 0.0195
                      Mean entropy loss: -3.9512
                            Mean reward: 49.70
                    Mean episode length: 1000.00
                        Mean action std: 0.00
--------------------------------------------------------------------------------
                         Iteration time: 0.44s
                           Time elapsed: 00:03:10
                                    ETA: 00:00:36

################################################################################
[1m                           Learning iteration 420/500                           [0m 

                            Total steps: 1724416 
                       Steps per second: 9399 
                        Collection time: 0.395s 
                          Learning time: 0.041s 
                        Mean value loss: 0.0000
                    Mean surrogate loss: 0.0357
                      Mean entropy loss: -3.9188
                            Mean reward: 49.70
                    Mean episode length: 1000.00
                        Mean action std: 0.00
--------------------------------------------------------------------------------
                         Iteration time: 0.44s
                           Time elapsed: 00:03:10
                                    ETA: 00:00:35

################################################################################
[1m                           Learning iteration 421/500                           [0m 

                            Total steps: 1728512 
                       Steps per second: 9391 
                        Collection time: 0.396s 
                          Learning time: 0.040s 
                        Mean value loss: 0.0000
                    Mean surrogate loss: 0.0101
                      Mean entropy loss: -3.9014
                            Mean reward: 49.70
                    Mean episode length: 1000.00
                        Mean action std: 0.00
--------------------------------------------------------------------------------
                         Iteration time: 0.44s
                           Time elapsed: 00:03:11
                                    ETA: 00:00:35

################################################################################
[1m                           Learning iteration 422/500                           [0m 

                            Total steps: 1732608 
                       Steps per second: 9446 
                        Collection time: 0.393s 
                          Learning time: 0.041s 
                        Mean value loss: 0.0000
                    Mean surrogate loss: 0.0133
                      Mean entropy loss: -3.8980
                            Mean reward: 49.70
                    Mean episode length: 1000.00
                        Mean action std: 0.00
--------------------------------------------------------------------------------
                         Iteration time: 0.43s
                           Time elapsed: 00:03:11
                                    ETA: 00:00:34

################################################################################
[1m                           Learning iteration 423/500                           [0m 

                            Total steps: 1736704 
                       Steps per second: 9362 
                        Collection time: 0.396s 
                          Learning time: 0.042s 
                        Mean value loss: 0.0000
                    Mean surrogate loss: 0.0126
                      Mean entropy loss: -3.9117
                            Mean reward: 49.70
                    Mean episode length: 1000.00
                        Mean action std: 0.00
--------------------------------------------------------------------------------
                         Iteration time: 0.44s
                           Time elapsed: 00:03:12
                                    ETA: 00:00:34

################################################################################
[1m                           Learning iteration 424/500                           [0m 

                            Total steps: 1740800 
                       Steps per second: 9385 
                        Collection time: 0.396s 
                          Learning time: 0.041s 
                        Mean value loss: 0.0000
                    Mean surrogate loss: 0.0048
                      Mean entropy loss: -3.9083
                            Mean reward: 49.70
                    Mean episode length: 1000.00
                        Mean action std: 0.00
--------------------------------------------------------------------------------
                         Iteration time: 0.44s
                           Time elapsed: 00:03:12
                                    ETA: 00:00:33

################################################################################
[1m                           Learning iteration 425/500                           [0m 

                            Total steps: 1744896 
                       Steps per second: 9359 
                        Collection time: 0.396s 
                          Learning time: 0.042s 
                        Mean value loss: 0.0000
                    Mean surrogate loss: 0.0161
                      Mean entropy loss: -3.9109
                            Mean reward: 49.70
                    Mean episode length: 1000.00
                        Mean action std: 0.00
--------------------------------------------------------------------------------
                         Iteration time: 0.44s
                           Time elapsed: 00:03:12
                                    ETA: 00:00:33

################################################################################
[1m                           Learning iteration 426/500                           [0m 

                            Total steps: 1748992 
                       Steps per second: 9340 
                        Collection time: 0.397s 
                          Learning time: 0.042s 
                        Mean value loss: 0.0000
                    Mean surrogate loss: 0.0100
                      Mean entropy loss: -3.8884
                            Mean reward: 49.70
                    Mean episode length: 1000.00
                        Mean action std: 0.00
--------------------------------------------------------------------------------
                         Iteration time: 0.44s
                           Time elapsed: 00:03:13
                                    ETA: 00:00:33

################################################################################
[1m                           Learning iteration 427/500                           [0m 

                            Total steps: 1753088 
                       Steps per second: 9452 
                        Collection time: 0.392s 
                          Learning time: 0.041s 
                        Mean value loss: 0.0000
                    Mean surrogate loss: 0.0368
                      Mean entropy loss: -3.9003
                            Mean reward: 49.70
                    Mean episode length: 1000.00
                        Mean action std: 0.00
--------------------------------------------------------------------------------
                         Iteration time: 0.43s
                           Time elapsed: 00:03:13
                                    ETA: 00:00:32

################################################################################
[1m                           Learning iteration 428/500                           [0m 

                            Total steps: 1757184 
                       Steps per second: 9413 
                        Collection time: 0.394s 
                          Learning time: 0.041s 
                        Mean value loss: 0.0000
                    Mean surrogate loss: 0.0172
                      Mean entropy loss: -3.8968
                            Mean reward: 49.70
                    Mean episode length: 1000.00
                        Mean action std: 0.00
--------------------------------------------------------------------------------
                         Iteration time: 0.44s
                           Time elapsed: 00:03:14
                                    ETA: 00:00:32

################################################################################
[1m                           Learning iteration 429/500                           [0m 

                            Total steps: 1761280 
                       Steps per second: 9476 
                        Collection time: 0.391s 
                          Learning time: 0.041s 
                        Mean value loss: 0.0000
                    Mean surrogate loss: 0.0200
                      Mean entropy loss: -3.8899
                            Mean reward: 49.70
                    Mean episode length: 1000.00
                        Mean action std: 0.00
--------------------------------------------------------------------------------
                         Iteration time: 0.43s
                           Time elapsed: 00:03:14
                                    ETA: 00:00:31

################################################################################
[1m                           Learning iteration 430/500                           [0m 

                            Total steps: 1765376 
                       Steps per second: 9379 
                        Collection time: 0.395s 
                          Learning time: 0.041s 
                        Mean value loss: 0.0000
                    Mean surrogate loss: 0.0609
                      Mean entropy loss: -3.9014
                            Mean reward: 49.70
                    Mean episode length: 1000.00
                        Mean action std: 0.00
--------------------------------------------------------------------------------
                         Iteration time: 0.44s
                           Time elapsed: 00:03:15
                                    ETA: 00:00:31

################################################################################
[1m                           Learning iteration 431/500                           [0m 

                            Total steps: 1769472 
                       Steps per second: 9437 
                        Collection time: 0.393s 
                          Learning time: 0.041s 
                        Mean value loss: 0.0000
                    Mean surrogate loss: 0.0190
                      Mean entropy loss: -3.8814
                            Mean reward: 49.70
                    Mean episode length: 1000.00
                        Mean action std: 0.01
--------------------------------------------------------------------------------
                         Iteration time: 0.43s
                           Time elapsed: 00:03:15
                                    ETA: 00:00:30

################################################################################
[1m                           Learning iteration 432/500                           [0m 

                            Total steps: 1773568 
                       Steps per second: 9355 
                        Collection time: 0.396s 
                          Learning time: 0.041s 
                        Mean value loss: 0.0000
                    Mean surrogate loss: 0.0103
                      Mean entropy loss: -3.8844
                            Mean reward: 49.70
                    Mean episode length: 1000.00
                        Mean action std: 0.00
--------------------------------------------------------------------------------
                         Iteration time: 0.44s
                           Time elapsed: 00:03:15
                                    ETA: 00:00:30

################################################################################
[1m                           Learning iteration 433/500                           [0m 

                            Total steps: 1777664 
                       Steps per second: 9406 
                        Collection time: 0.395s 
                          Learning time: 0.041s 
                        Mean value loss: 0.0000
                    Mean surrogate loss: 0.0110
                      Mean entropy loss: -3.9319
                            Mean reward: 49.70
                    Mean episode length: 1000.00
                        Mean action std: 0.00
--------------------------------------------------------------------------------
                         Iteration time: 0.44s
                           Time elapsed: 00:03:16
                                    ETA: 00:00:29

################################################################################
[1m                           Learning iteration 434/500                           [0m 

                            Total steps: 1781760 
                       Steps per second: 9364 
                        Collection time: 0.395s 
                          Learning time: 0.042s 
                        Mean value loss: 0.0000
                    Mean surrogate loss: 0.0217
                      Mean entropy loss: -3.9355
                            Mean reward: 49.70
                    Mean episode length: 1000.00
                        Mean action std: 0.00
--------------------------------------------------------------------------------
                         Iteration time: 0.44s
                           Time elapsed: 00:03:16
                                    ETA: 00:00:29

################################################################################
[1m                           Learning iteration 435/500                           [0m 

                            Total steps: 1785856 
                       Steps per second: 9303 
                        Collection time: 0.399s 
                          Learning time: 0.041s 
                        Mean value loss: 0.0000
                    Mean surrogate loss: 0.0187
                      Mean entropy loss: -3.9339
                            Mean reward: 49.70
                    Mean episode length: 1000.00
                        Mean action std: 0.00
--------------------------------------------------------------------------------
                         Iteration time: 0.44s
                           Time elapsed: 00:03:17
                                    ETA: 00:00:28

################################################################################
[1m                           Learning iteration 436/500                           [0m 

                            Total steps: 1789952 
                       Steps per second: 9344 
                        Collection time: 0.396s 
                          Learning time: 0.042s 
                        Mean value loss: 0.0000
                    Mean surrogate loss: 0.0098
                      Mean entropy loss: -3.9380
                            Mean reward: 49.70
                    Mean episode length: 1000.00
                        Mean action std: 0.00
--------------------------------------------------------------------------------
                         Iteration time: 0.44s
                           Time elapsed: 00:03:17
                                    ETA: 00:00:28

################################################################################
[1m                           Learning iteration 437/500                           [0m 

                            Total steps: 1794048 
                       Steps per second: 9230 
                        Collection time: 0.403s 
                          Learning time: 0.041s 
                        Mean value loss: 0.0000
                    Mean surrogate loss: 0.0072
                      Mean entropy loss: -3.9606
                            Mean reward: 49.68
                    Mean episode length: 1000.00
                        Mean action std: 0.00
--------------------------------------------------------------------------------
                         Iteration time: 0.44s
                           Time elapsed: 00:03:18
                                    ETA: 00:00:28

################################################################################
[1m                           Learning iteration 438/500                           [0m 

                            Total steps: 1798144 
                       Steps per second: 9368 
                        Collection time: 0.396s 
                          Learning time: 0.041s 
                        Mean value loss: 0.0000
                    Mean surrogate loss: 0.0193
                      Mean entropy loss: -3.9607
                            Mean reward: 49.68
                    Mean episode length: 1000.00
                        Mean action std: 0.00
--------------------------------------------------------------------------------
                         Iteration time: 0.44s
                           Time elapsed: 00:03:18
                                    ETA: 00:00:27

################################################################################
[1m                           Learning iteration 439/500                           [0m 

                            Total steps: 1802240 
                       Steps per second: 9379 
                        Collection time: 0.395s 
                          Learning time: 0.042s 
                        Mean value loss: 0.0000
                    Mean surrogate loss: 0.0234
                      Mean entropy loss: -3.9459
                            Mean reward: 49.68
                    Mean episode length: 1000.00
                        Mean action std: 0.00
--------------------------------------------------------------------------------
                         Iteration time: 0.44s
                           Time elapsed: 00:03:19
                                    ETA: 00:00:27

################################################################################
[1m                           Learning iteration 440/500                           [0m 

                            Total steps: 1806336 
                       Steps per second: 9448 
                        Collection time: 0.394s 
                          Learning time: 0.040s 
                        Mean value loss: 0.0000
                    Mean surrogate loss: 0.0073
                      Mean entropy loss: -3.9482
                            Mean reward: 49.68
                    Mean episode length: 1000.00
                        Mean action std: 0.00
--------------------------------------------------------------------------------
                         Iteration time: 0.43s
                           Time elapsed: 00:03:19
                                    ETA: 00:00:26

################################################################################
[1m                           Learning iteration 441/500                           [0m 

                            Total steps: 1810432 
                       Steps per second: 9368 
                        Collection time: 0.397s 
                          Learning time: 0.041s 
                        Mean value loss: 0.0000
                    Mean surrogate loss: 0.0080
                      Mean entropy loss: -3.9686
                            Mean reward: 49.68
                    Mean episode length: 1000.00
                        Mean action std: 0.00
--------------------------------------------------------------------------------
                         Iteration time: 0.44s
                           Time elapsed: 00:03:19
                                    ETA: 00:00:26

################################################################################
[1m                           Learning iteration 442/500                           [0m 

                            Total steps: 1814528 
                       Steps per second: 9430 
                        Collection time: 0.394s 
                          Learning time: 0.040s 
                        Mean value loss: 0.0000
                    Mean surrogate loss: 0.0342
                      Mean entropy loss: -3.9839
                            Mean reward: 49.68
                    Mean episode length: 1000.00
                        Mean action std: 0.00
--------------------------------------------------------------------------------
                         Iteration time: 0.43s
                           Time elapsed: 00:03:20
                                    ETA: 00:00:25

################################################################################
[1m                           Learning iteration 443/500                           [0m 

                            Total steps: 1818624 
                       Steps per second: 9469 
                        Collection time: 0.392s 
                          Learning time: 0.041s 
                        Mean value loss: 0.0000
                    Mean surrogate loss: 0.0087
                      Mean entropy loss: -3.9969
                            Mean reward: 49.68
                    Mean episode length: 1000.00
                        Mean action std: 0.00
--------------------------------------------------------------------------------
                         Iteration time: 0.43s
                           Time elapsed: 00:03:20
                                    ETA: 00:00:25

################################################################################
[1m                           Learning iteration 444/500                           [0m 

                            Total steps: 1822720 
                       Steps per second: 9409 
                        Collection time: 0.394s 
                          Learning time: 0.041s 
                        Mean value loss: 0.0000
                    Mean surrogate loss: 0.0257
                      Mean entropy loss: -4.0080
                            Mean reward: 49.68
                    Mean episode length: 1000.00
                        Mean action std: 0.00
--------------------------------------------------------------------------------
                         Iteration time: 0.44s
                           Time elapsed: 00:03:21
                                    ETA: 00:00:24

################################################################################
[1m                           Learning iteration 445/500                           [0m 

                            Total steps: 1826816 
                       Steps per second: 9370 
                        Collection time: 0.396s 
                          Learning time: 0.041s 
                        Mean value loss: 0.0000
                    Mean surrogate loss: 0.0105
                      Mean entropy loss: -3.9941
                            Mean reward: 49.68
                    Mean episode length: 1000.00
                        Mean action std: 0.00
--------------------------------------------------------------------------------
                         Iteration time: 0.44s
                           Time elapsed: 00:03:21
                                    ETA: 00:00:24

################################################################################
[1m                           Learning iteration 446/500                           [0m 

                            Total steps: 1830912 
                       Steps per second: 9430 
                        Collection time: 0.393s 
                          Learning time: 0.041s 
                        Mean value loss: 0.0000
                    Mean surrogate loss: 0.0098
                      Mean entropy loss: -3.9910
                            Mean reward: 49.68
                    Mean episode length: 1000.00
                        Mean action std: 0.00
--------------------------------------------------------------------------------
                         Iteration time: 0.43s
                           Time elapsed: 00:03:22
                                    ETA: 00:00:23

################################################################################
[1m                           Learning iteration 447/500                           [0m 

                            Total steps: 1835008 
                       Steps per second: 9413 
                        Collection time: 0.393s 
                          Learning time: 0.042s 
                        Mean value loss: 0.0000
                    Mean surrogate loss: 0.0135
                      Mean entropy loss: -4.0053
                            Mean reward: 49.68
                    Mean episode length: 1000.00
                        Mean action std: 0.00
--------------------------------------------------------------------------------
                         Iteration time: 0.44s
                           Time elapsed: 00:03:22
                                    ETA: 00:00:23

################################################################################
[1m                           Learning iteration 448/500                           [0m 

                            Total steps: 1839104 
                       Steps per second: 9397 
                        Collection time: 0.396s 
                          Learning time: 0.040s 
                        Mean value loss: 0.0000
                    Mean surrogate loss: 0.0091
                      Mean entropy loss: -4.0153
                            Mean reward: 49.68
                    Mean episode length: 1000.00
                        Mean action std: 0.00
--------------------------------------------------------------------------------
                         Iteration time: 0.44s
                           Time elapsed: 00:03:22
                                    ETA: 00:00:23

################################################################################
[1m                           Learning iteration 449/500                           [0m 

                            Total steps: 1843200 
                       Steps per second: 9423 
                        Collection time: 0.393s 
                          Learning time: 0.042s 
                        Mean value loss: 0.0000
                    Mean surrogate loss: 0.0249
                      Mean entropy loss: -4.0168
                            Mean reward: 49.68
                    Mean episode length: 1000.00
                        Mean action std: 0.00
--------------------------------------------------------------------------------
                         Iteration time: 0.43s
                           Time elapsed: 00:03:23
                                    ETA: 00:00:22

################################################################################
[1m                           Learning iteration 450/500                           [0m 

                            Total steps: 1847296 
                       Steps per second: 9395 
                        Collection time: 0.396s 
                          Learning time: 0.040s 
                        Mean value loss: 0.0000
                    Mean surrogate loss: 0.0094
                      Mean entropy loss: -4.0280
                            Mean reward: 49.68
                    Mean episode length: 1000.00
                        Mean action std: 0.00
--------------------------------------------------------------------------------
                         Iteration time: 0.44s
                           Time elapsed: 00:03:23
                                    ETA: 00:00:22

################################################################################
[1m                           Learning iteration 451/500                           [0m 

                            Total steps: 1851392 
                       Steps per second: 9439 
                        Collection time: 0.393s 
                          Learning time: 0.041s 
                        Mean value loss: 0.0000
                    Mean surrogate loss: 0.0268
                      Mean entropy loss: -4.0437
                            Mean reward: 49.68
                    Mean episode length: 1000.00
                        Mean action std: 0.00
--------------------------------------------------------------------------------
                         Iteration time: 0.43s
                           Time elapsed: 00:03:24
                                    ETA: 00:00:21

################################################################################
[1m                           Learning iteration 452/500                           [0m 

                            Total steps: 1855488 
                       Steps per second: 9390 
                        Collection time: 0.395s 
                          Learning time: 0.041s 
                        Mean value loss: 0.0000
                    Mean surrogate loss: 0.0133
                      Mean entropy loss: -4.0419
                            Mean reward: 49.68
                    Mean episode length: 1000.00
                        Mean action std: 0.00
--------------------------------------------------------------------------------
                         Iteration time: 0.44s
                           Time elapsed: 00:03:24
                                    ETA: 00:00:21

################################################################################
[1m                           Learning iteration 453/500                           [0m 

                            Total steps: 1859584 
                       Steps per second: 9380 
                        Collection time: 0.396s 
                          Learning time: 0.041s 
                        Mean value loss: 0.0000
                    Mean surrogate loss: 0.0103
                      Mean entropy loss: -4.0695
                            Mean reward: 49.68
                    Mean episode length: 1000.00
                        Mean action std: 0.00
--------------------------------------------------------------------------------
                         Iteration time: 0.44s
                           Time elapsed: 00:03:25
                                    ETA: 00:00:20

################################################################################
[1m                           Learning iteration 454/500                           [0m 

                            Total steps: 1863680 
                       Steps per second: 9383 
                        Collection time: 0.396s 
                          Learning time: 0.040s 
                        Mean value loss: 0.0000
                    Mean surrogate loss: 0.0224
                      Mean entropy loss: -4.1160
                            Mean reward: 49.68
                    Mean episode length: 1000.00
                        Mean action std: 0.00
--------------------------------------------------------------------------------
                         Iteration time: 0.44s
                           Time elapsed: 00:03:25
                                    ETA: 00:00:20

################################################################################
[1m                           Learning iteration 455/500                           [0m 

                            Total steps: 1867776 
                       Steps per second: 9394 
                        Collection time: 0.394s 
                          Learning time: 0.042s 
                        Mean value loss: 0.0000
                    Mean surrogate loss: 0.0076
                      Mean entropy loss: -4.1063
                            Mean reward: 49.68
                    Mean episode length: 1000.00
                        Mean action std: 0.00
--------------------------------------------------------------------------------
                         Iteration time: 0.44s
                           Time elapsed: 00:03:26
                                    ETA: 00:00:19

################################################################################
[1m                           Learning iteration 456/500                           [0m 

                            Total steps: 1871872 
                       Steps per second: 9323 
                        Collection time: 0.397s 
                          Learning time: 0.042s 
                        Mean value loss: 0.0000
                    Mean surrogate loss: 0.0263
                      Mean entropy loss: -4.1212
                            Mean reward: 49.68
                    Mean episode length: 1000.00
                        Mean action std: 0.00
--------------------------------------------------------------------------------
                         Iteration time: 0.44s
                           Time elapsed: 00:03:26
                                    ETA: 00:00:19

################################################################################
[1m                           Learning iteration 457/500                           [0m 

                            Total steps: 1875968 
                       Steps per second: 9369 
                        Collection time: 0.396s 
                          Learning time: 0.041s 
                        Mean value loss: 0.0000
                    Mean surrogate loss: 0.0115
                      Mean entropy loss: -4.1042
                            Mean reward: 49.68
                    Mean episode length: 1000.00
                        Mean action std: 0.00
--------------------------------------------------------------------------------
                         Iteration time: 0.44s
                           Time elapsed: 00:03:26
                                    ETA: 00:00:18

################################################################################
[1m                           Learning iteration 458/500                           [0m 

                            Total steps: 1880064 
                       Steps per second: 9353 
                        Collection time: 0.396s 
                          Learning time: 0.042s 
                        Mean value loss: 0.0000
                    Mean surrogate loss: 0.0151
                      Mean entropy loss: -4.0959
                            Mean reward: 49.68
                    Mean episode length: 1000.00
                        Mean action std: 0.00
--------------------------------------------------------------------------------
                         Iteration time: 0.44s
                           Time elapsed: 00:03:27
                                    ETA: 00:00:18

################################################################################
[1m                           Learning iteration 459/500                           [0m 

                            Total steps: 1884160 
                       Steps per second: 9181 
                        Collection time: 0.403s 
                          Learning time: 0.043s 
                        Mean value loss: 0.0000
                    Mean surrogate loss: 0.0131
                      Mean entropy loss: -4.0442
                            Mean reward: 49.68
                    Mean episode length: 1000.00
                        Mean action std: 0.00
--------------------------------------------------------------------------------
                         Iteration time: 0.45s
                           Time elapsed: 00:03:27
                                    ETA: 00:00:18

################################################################################
[1m                           Learning iteration 460/500                           [0m 

                            Total steps: 1888256 
                       Steps per second: 9478 
                        Collection time: 0.391s 
                          Learning time: 0.041s 
                        Mean value loss: 0.0000
                    Mean surrogate loss: 0.0125
                      Mean entropy loss: -4.0230
                            Mean reward: 49.68
                    Mean episode length: 1000.00
                        Mean action std: 0.00
--------------------------------------------------------------------------------
                         Iteration time: 0.43s
                           Time elapsed: 00:03:28
                                    ETA: 00:00:17

################################################################################
[1m                           Learning iteration 461/500                           [0m 

                            Total steps: 1892352 
                       Steps per second: 9417 
                        Collection time: 0.395s 
                          Learning time: 0.040s 
                        Mean value loss: 0.0000
                    Mean surrogate loss: 0.0134
                      Mean entropy loss: -4.0213
                            Mean reward: 49.68
                    Mean episode length: 1000.00
                        Mean action std: 0.00
--------------------------------------------------------------------------------
                         Iteration time: 0.43s
                           Time elapsed: 00:03:28
                                    ETA: 00:00:17

################################################################################
[1m                           Learning iteration 462/500                           [0m 

                            Total steps: 1896448 
                       Steps per second: 9506 
                        Collection time: 0.391s 
                          Learning time: 0.039s 
                        Mean value loss: 0.0000
                    Mean surrogate loss: 0.0349
                      Mean entropy loss: -4.0195
                            Mean reward: 49.68
                    Mean episode length: 1000.00
                        Mean action std: 0.00
--------------------------------------------------------------------------------
                         Iteration time: 0.43s
                           Time elapsed: 00:03:29
                                    ETA: 00:00:16

################################################################################
[1m                           Learning iteration 463/500                           [0m 

                            Total steps: 1900544 
                       Steps per second: 9168 
                        Collection time: 0.405s 
                          Learning time: 0.042s 
                        Mean value loss: 0.0000
                    Mean surrogate loss: 0.0120
                      Mean entropy loss: -4.0171
                            Mean reward: 49.68
                    Mean episode length: 1000.00
                        Mean action std: 0.00
--------------------------------------------------------------------------------
                         Iteration time: 0.45s
                           Time elapsed: 00:03:29
                                    ETA: 00:00:16

################################################################################
[1m                           Learning iteration 464/500                           [0m 

                            Total steps: 1904640 
                       Steps per second: 9430 
                        Collection time: 0.394s 
                          Learning time: 0.041s 
                        Mean value loss: 0.0000
                    Mean surrogate loss: 0.0100
                      Mean entropy loss: -4.0217
                            Mean reward: 49.68
                    Mean episode length: 1000.00
                        Mean action std: 0.00
--------------------------------------------------------------------------------
                         Iteration time: 0.43s
                           Time elapsed: 00:03:29
                                    ETA: 00:00:15

################################################################################
[1m                           Learning iteration 465/500                           [0m 

                            Total steps: 1908736 
                       Steps per second: 9327 
                        Collection time: 0.398s 
                          Learning time: 0.041s 
                        Mean value loss: 0.0000
                    Mean surrogate loss: 0.0281
                      Mean entropy loss: -4.0163
                            Mean reward: 49.68
                    Mean episode length: 1000.00
                        Mean action std: 0.00
--------------------------------------------------------------------------------
                         Iteration time: 0.44s
                           Time elapsed: 00:03:30
                                    ETA: 00:00:15

################################################################################
[1m                           Learning iteration 466/500                           [0m 

                            Total steps: 1912832 
                       Steps per second: 9410 
                        Collection time: 0.395s 
                          Learning time: 0.040s 
                        Mean value loss: 0.0000
                    Mean surrogate loss: 0.0057
                      Mean entropy loss: -4.0107
                            Mean reward: 49.68
                    Mean episode length: 1000.00
                        Mean action std: 0.00
--------------------------------------------------------------------------------
                         Iteration time: 0.44s
                           Time elapsed: 00:03:30
                                    ETA: 00:00:14

################################################################################
[1m                           Learning iteration 467/500                           [0m 

                            Total steps: 1916928 
                       Steps per second: 8256 
                        Collection time: 0.442s 
                          Learning time: 0.054s 
                        Mean value loss: 0.0000
                    Mean surrogate loss: 0.0147
                      Mean entropy loss: -3.9871
                            Mean reward: 49.68
                    Mean episode length: 1000.00
                        Mean action std: 0.00
--------------------------------------------------------------------------------
                         Iteration time: 0.50s
                           Time elapsed: 00:03:31
                                    ETA: 00:00:14

################################################################################
[1m                           Learning iteration 468/500                           [0m 

                            Total steps: 1921024 
                       Steps per second: 6707 
                        Collection time: 0.547s 
                          Learning time: 0.063s 
                        Mean value loss: 0.0000
                    Mean surrogate loss: 0.0224
                      Mean entropy loss: -3.9878
                            Mean reward: 49.65
                    Mean episode length: 1000.00
                        Mean action std: 0.00
--------------------------------------------------------------------------------
                         Iteration time: 0.61s
                           Time elapsed: 00:03:31
                                    ETA: 00:00:14

################################################################################
[1m                           Learning iteration 469/500                           [0m 

                            Total steps: 1925120 
                       Steps per second: 8007 
                        Collection time: 0.468s 
                          Learning time: 0.044s 
                        Mean value loss: 0.0000
                    Mean surrogate loss: 0.0219
                      Mean entropy loss: -3.9760
                            Mean reward: 49.65
                    Mean episode length: 1000.00
                        Mean action std: 0.00
--------------------------------------------------------------------------------
                         Iteration time: 0.51s
                           Time elapsed: 00:03:32
                                    ETA: 00:00:13

################################################################################
[1m                           Learning iteration 470/500                           [0m 

                            Total steps: 1929216 
                       Steps per second: 9212 
                        Collection time: 0.402s 
                          Learning time: 0.043s 
                        Mean value loss: 0.0000
                    Mean surrogate loss: 0.0138
                      Mean entropy loss: -3.9702
                            Mean reward: 49.65
                    Mean episode length: 1000.00
                        Mean action std: 0.00
--------------------------------------------------------------------------------
                         Iteration time: 0.44s
                           Time elapsed: 00:03:32
                                    ETA: 00:00:13

################################################################################
[1m                           Learning iteration 471/500                           [0m 

                            Total steps: 1933312 
                       Steps per second: 9384 
                        Collection time: 0.395s 
                          Learning time: 0.041s 
                        Mean value loss: 0.0000
                    Mean surrogate loss: 0.0098
                      Mean entropy loss: -3.9675
                            Mean reward: 49.65
                    Mean episode length: 1000.00
                        Mean action std: 0.00
--------------------------------------------------------------------------------
                         Iteration time: 0.44s
                           Time elapsed: 00:03:33
                                    ETA: 00:00:12

################################################################################
[1m                           Learning iteration 472/500                           [0m 

                            Total steps: 1937408 
                       Steps per second: 9088 
                        Collection time: 0.403s 
                          Learning time: 0.048s 
                        Mean value loss: 0.0000
                    Mean surrogate loss: 0.0145
                      Mean entropy loss: -3.9559
                            Mean reward: 49.65
                    Mean episode length: 1000.00
                        Mean action std: 0.00
--------------------------------------------------------------------------------
                         Iteration time: 0.45s
                           Time elapsed: 00:03:33
                                    ETA: 00:00:12

################################################################################
[1m                           Learning iteration 473/500                           [0m 

                            Total steps: 1941504 
                       Steps per second: 7122 
                        Collection time: 0.504s 
                          Learning time: 0.071s 
                        Mean value loss: 0.0000
                    Mean surrogate loss: 0.0082
                      Mean entropy loss: -3.9461
                            Mean reward: 49.65
                    Mean episode length: 1000.00
                        Mean action std: 0.00
--------------------------------------------------------------------------------
                         Iteration time: 0.58s
                           Time elapsed: 00:03:34
                                    ETA: 00:00:11

################################################################################
[1m                           Learning iteration 474/500                           [0m 

                            Total steps: 1945600 
                       Steps per second: 5929 
                        Collection time: 0.628s 
                          Learning time: 0.063s 
                        Mean value loss: 0.0000
                    Mean surrogate loss: 0.0076
                      Mean entropy loss: -3.9486
                            Mean reward: 49.65
                    Mean episode length: 1000.00
                        Mean action std: 0.00
--------------------------------------------------------------------------------
                         Iteration time: 0.69s
                           Time elapsed: 00:03:35
                                    ETA: 00:00:11

################################################################################
[1m                           Learning iteration 475/500                           [0m 

                            Total steps: 1949696 
                       Steps per second: 6470 
                        Collection time: 0.569s 
                          Learning time: 0.064s 
                        Mean value loss: 0.0000
                    Mean surrogate loss: 0.0122
                      Mean entropy loss: -3.9873
                            Mean reward: 49.65
                    Mean episode length: 1000.00
                        Mean action std: 0.00
--------------------------------------------------------------------------------
                         Iteration time: 0.63s
                           Time elapsed: 00:03:35
                                    ETA: 00:00:10

################################################################################
[1m                           Learning iteration 476/500                           [0m 

                            Total steps: 1953792 
                       Steps per second: 7555 
                        Collection time: 0.493s 
                          Learning time: 0.050s 
                        Mean value loss: 0.0000
                    Mean surrogate loss: 0.0081
                      Mean entropy loss: -3.9994
                            Mean reward: 49.65
                    Mean episode length: 1000.00
                        Mean action std: 0.00
--------------------------------------------------------------------------------
                         Iteration time: 0.54s
                           Time elapsed: 00:03:36
                                    ETA: 00:00:10

################################################################################
[1m                           Learning iteration 477/500                           [0m 

                            Total steps: 1957888 
                       Steps per second: 7918 
                        Collection time: 0.463s 
                          Learning time: 0.054s 
                        Mean value loss: 0.0000
                    Mean surrogate loss: 0.0274
                      Mean entropy loss: -4.0132
                            Mean reward: 49.65
                    Mean episode length: 1000.00
                        Mean action std: 0.00
--------------------------------------------------------------------------------
                         Iteration time: 0.52s
                           Time elapsed: 00:03:36
                                    ETA: 00:00:09

################################################################################
[1m                           Learning iteration 478/500                           [0m 

                            Total steps: 1961984 
                       Steps per second: 7541 
                        Collection time: 0.499s 
                          Learning time: 0.044s 
                        Mean value loss: 0.0000
                    Mean surrogate loss: 0.0299
                      Mean entropy loss: -3.9961
                            Mean reward: 49.65
                    Mean episode length: 1000.00
                        Mean action std: 0.00
--------------------------------------------------------------------------------
                         Iteration time: 0.54s
                           Time elapsed: 00:03:37
                                    ETA: 00:00:09

################################################################################
[1m                           Learning iteration 479/500                           [0m 

                            Total steps: 1966080 
                       Steps per second: 9120 
                        Collection time: 0.399s 
                          Learning time: 0.050s 
                        Mean value loss: 0.0000
                    Mean surrogate loss: 0.0181
                      Mean entropy loss: -3.9893
                            Mean reward: 49.65
                    Mean episode length: 1000.00
                        Mean action std: 0.00
--------------------------------------------------------------------------------
                         Iteration time: 0.45s
                           Time elapsed: 00:03:37
                                    ETA: 00:00:09

################################################################################
[1m                           Learning iteration 480/500                           [0m 

                            Total steps: 1970176 
                       Steps per second: 9370 
                        Collection time: 0.397s 
                          Learning time: 0.041s 
                        Mean value loss: 0.0000
                    Mean surrogate loss: 0.0419
                      Mean entropy loss: -3.9971
                            Mean reward: 49.65
                    Mean episode length: 1000.00
                        Mean action std: 0.00
--------------------------------------------------------------------------------
                         Iteration time: 0.44s
                           Time elapsed: 00:03:38
                                    ETA: 00:00:08

################################################################################
[1m                           Learning iteration 481/500                           [0m 

                            Total steps: 1974272 
                       Steps per second: 9216 
                        Collection time: 0.403s 
                          Learning time: 0.041s 
                        Mean value loss: 0.0000
                    Mean surrogate loss: 0.0187
                      Mean entropy loss: -4.0012
                            Mean reward: 49.65
                    Mean episode length: 1000.00
                        Mean action std: 0.00
--------------------------------------------------------------------------------
                         Iteration time: 0.44s
                           Time elapsed: 00:03:38
                                    ETA: 00:00:08

################################################################################
[1m                           Learning iteration 482/500                           [0m 

                            Total steps: 1978368 
                       Steps per second: 8503 
                        Collection time: 0.393s 
                          Learning time: 0.088s 
                        Mean value loss: 0.0000
                    Mean surrogate loss: 0.0106
                      Mean entropy loss: -4.0105
                            Mean reward: 49.65
                    Mean episode length: 1000.00
                        Mean action std: 0.00
--------------------------------------------------------------------------------
                         Iteration time: 0.48s
                           Time elapsed: 00:03:39
                                    ETA: 00:00:07

################################################################################
[1m                           Learning iteration 483/500                           [0m 

                            Total steps: 1982464 
                       Steps per second: 9189 
                        Collection time: 0.403s 
                          Learning time: 0.042s 
                        Mean value loss: 0.0000
                    Mean surrogate loss: 0.0087
                      Mean entropy loss: -4.0024
                            Mean reward: 49.65
                    Mean episode length: 1000.00
                        Mean action std: 0.00
--------------------------------------------------------------------------------
                         Iteration time: 0.45s
                           Time elapsed: 00:03:39
                                    ETA: 00:00:07

################################################################################
[1m                           Learning iteration 484/500                           [0m 

                            Total steps: 1986560 
                       Steps per second: 9021 
                        Collection time: 0.411s 
                          Learning time: 0.043s 
                        Mean value loss: 0.0000
                    Mean surrogate loss: 0.0118
                      Mean entropy loss: -3.9605
                            Mean reward: 49.65
                    Mean episode length: 1000.00
                        Mean action std: 0.00
--------------------------------------------------------------------------------
                         Iteration time: 0.45s
                           Time elapsed: 00:03:40
                                    ETA: 00:00:06

################################################################################
[1m                           Learning iteration 485/500                           [0m 

                            Total steps: 1990656 
                       Steps per second: 9294 
                        Collection time: 0.399s 
                          Learning time: 0.041s 
                        Mean value loss: 0.0000
                    Mean surrogate loss: 0.0138
                      Mean entropy loss: -3.9446
                            Mean reward: 49.65
                    Mean episode length: 1000.00
                        Mean action std: 0.00
--------------------------------------------------------------------------------
                         Iteration time: 0.44s
                           Time elapsed: 00:03:40
                                    ETA: 00:00:06

################################################################################
[1m                           Learning iteration 486/500                           [0m 

                            Total steps: 1994752 
                       Steps per second: 9292 
                        Collection time: 0.399s 
                          Learning time: 0.042s 
                        Mean value loss: 0.0000
                    Mean surrogate loss: 0.0119
                      Mean entropy loss: -3.9555
                            Mean reward: 49.65
                    Mean episode length: 1000.00
                        Mean action std: 0.00
--------------------------------------------------------------------------------
                         Iteration time: 0.44s
                           Time elapsed: 00:03:40
                                    ETA: 00:00:05

################################################################################
[1m                           Learning iteration 487/500                           [0m 

                            Total steps: 1998848 
                       Steps per second: 9410 
                        Collection time: 0.393s 
                          Learning time: 0.042s 
                        Mean value loss: 0.0000
                    Mean surrogate loss: 0.0286
                      Mean entropy loss: -3.9361
                            Mean reward: 49.65
                    Mean episode length: 1000.00
                        Mean action std: 0.00
--------------------------------------------------------------------------------
                         Iteration time: 0.44s
                           Time elapsed: 00:03:41
                                    ETA: 00:00:05

################################################################################
[1m                           Learning iteration 488/500                           [0m 

                            Total steps: 2002944 
                       Steps per second: 9334 
                        Collection time: 0.397s 
                          Learning time: 0.042s 
                        Mean value loss: 0.0000
                    Mean surrogate loss: 0.0340
                      Mean entropy loss: -3.9107
                            Mean reward: 49.65
                    Mean episode length: 1000.00
                        Mean action std: 0.00
--------------------------------------------------------------------------------
                         Iteration time: 0.44s
                           Time elapsed: 00:03:41
                                    ETA: 00:00:04

################################################################################
[1m                           Learning iteration 489/500                           [0m 

                            Total steps: 2007040 
                       Steps per second: 9370 
                        Collection time: 0.396s 
                          Learning time: 0.041s 
                        Mean value loss: 0.0000
                    Mean surrogate loss: 0.0070
                      Mean entropy loss: -3.9175
                            Mean reward: 49.65
                    Mean episode length: 1000.00
                        Mean action std: 0.00
--------------------------------------------------------------------------------
                         Iteration time: 0.44s
                           Time elapsed: 00:03:42
                                    ETA: 00:00:04

################################################################################
[1m                           Learning iteration 490/500                           [0m 

                            Total steps: 2011136 
                       Steps per second: 9368 
                        Collection time: 0.396s 
                          Learning time: 0.041s 
                        Mean value loss: 0.0000
                    Mean surrogate loss: 0.0267
                      Mean entropy loss: -3.9361
                            Mean reward: 49.65
                    Mean episode length: 1000.00
                        Mean action std: 0.00
--------------------------------------------------------------------------------
                         Iteration time: 0.44s
                           Time elapsed: 00:03:42
                                    ETA: 00:00:04

################################################################################
[1m                           Learning iteration 491/500                           [0m 

                            Total steps: 2015232 
                       Steps per second: 9389 
                        Collection time: 0.396s 
                          Learning time: 0.040s 
                        Mean value loss: 0.0000
                    Mean surrogate loss: 0.0198
                      Mean entropy loss: -3.9324
                            Mean reward: 49.65
                    Mean episode length: 1000.00
                        Mean action std: 0.00
--------------------------------------------------------------------------------
                         Iteration time: 0.44s
                           Time elapsed: 00:03:43
                                    ETA: 00:00:03

################################################################################
[1m                           Learning iteration 492/500                           [0m 

                            Total steps: 2019328 
                       Steps per second: 9376 
                        Collection time: 0.396s 
                          Learning time: 0.041s 
                        Mean value loss: 0.0000
                    Mean surrogate loss: 0.0102
                      Mean entropy loss: -3.9303
                            Mean reward: 49.65
                    Mean episode length: 1000.00
                        Mean action std: 0.00
--------------------------------------------------------------------------------
                         Iteration time: 0.44s
                           Time elapsed: 00:03:43
                                    ETA: 00:00:03

################################################################################
[1m                           Learning iteration 493/500                           [0m 

                            Total steps: 2023424 
                       Steps per second: 9420 
                        Collection time: 0.394s 
                          Learning time: 0.040s 
                        Mean value loss: 0.0000
                    Mean surrogate loss: 0.0168
                      Mean entropy loss: -3.9329
                            Mean reward: 49.65
                    Mean episode length: 1000.00
                        Mean action std: 0.00
--------------------------------------------------------------------------------
                         Iteration time: 0.43s
                           Time elapsed: 00:03:43
                                    ETA: 00:00:02

################################################################################
[1m                           Learning iteration 494/500                           [0m 

                            Total steps: 2027520 
                       Steps per second: 9338 
                        Collection time: 0.397s 
                          Learning time: 0.042s 
                        Mean value loss: 0.0000
                    Mean surrogate loss: 0.0193
                      Mean entropy loss: -3.9270
                            Mean reward: 49.65
                    Mean episode length: 1000.00
                        Mean action std: 0.00
--------------------------------------------------------------------------------
                         Iteration time: 0.44s
                           Time elapsed: 00:03:44
                                    ETA: 00:00:02

################################################################################
[1m                           Learning iteration 495/500                           [0m 

                            Total steps: 2031616 
                       Steps per second: 9333 
                        Collection time: 0.398s 
                          Learning time: 0.041s 
                        Mean value loss: 0.0000
                    Mean surrogate loss: 0.0055
                      Mean entropy loss: -3.9312
                            Mean reward: 49.65
                    Mean episode length: 1000.00
                        Mean action std: 0.00
--------------------------------------------------------------------------------
                         Iteration time: 0.44s
                           Time elapsed: 00:03:44
                                    ETA: 00:00:01

################################################################################
[1m                           Learning iteration 496/500                           [0m 

                            Total steps: 2035712 
                       Steps per second: 9415 
                        Collection time: 0.393s 
                          Learning time: 0.042s 
                        Mean value loss: 0.0000
                    Mean surrogate loss: 0.0090
                      Mean entropy loss: -3.9708
                            Mean reward: 49.65
                    Mean episode length: 1000.00
                        Mean action std: 0.00
--------------------------------------------------------------------------------
                         Iteration time: 0.44s
                           Time elapsed: 00:03:45
                                    ETA: 00:00:01

################################################################################
[1m                           Learning iteration 497/500                           [0m 

                            Total steps: 2039808 
                       Steps per second: 9327 
                        Collection time: 0.398s 
                          Learning time: 0.041s 
                        Mean value loss: 0.0000
                    Mean surrogate loss: 0.0075
                      Mean entropy loss: -3.9762
                            Mean reward: 49.65
                    Mean episode length: 1000.00
                        Mean action std: 0.00
--------------------------------------------------------------------------------
                         Iteration time: 0.44s
                           Time elapsed: 00:03:45
                                    ETA: 00:00:00

################################################################################
[1m                           Learning iteration 498/500                           [0m 

                            Total steps: 2043904 
                       Steps per second: 9383 
                        Collection time: 0.396s 
                          Learning time: 0.040s 
                        Mean value loss: 0.0000
                    Mean surrogate loss: 0.0317
                      Mean entropy loss: -3.9913
                            Mean reward: 49.65
                    Mean episode length: 1000.00
                        Mean action std: 0.00
--------------------------------------------------------------------------------
                         Iteration time: 0.44s
                           Time elapsed: 00:03:46
                                    ETA: 00:00:00

################################################################################
[1m                           Learning iteration 499/500                           [0m 

                            Total steps: 2048000 
                       Steps per second: 9149 
                        Collection time: 0.406s 
                          Learning time: 0.042s 
                        Mean value loss: 0.0000
                    Mean surrogate loss: 0.0181
                      Mean entropy loss: -3.9965
                            Mean reward: 49.65
                    Mean episode length: 1000.00
                        Mean action std: 0.00
--------------------------------------------------------------------------------
                         Iteration time: 0.45s
                           Time elapsed: 00:03:46
                                    ETA: 00:00:00

